ROAD_ID,PHYSICAL_ROAD_ID,PAVEMENT_SEGMENT_ID,STATE_CODE,STATE_NAME,SHRP_ID,CONSTRUCTION_NO,SURVEY_DATE,SURVEY_YEAR,SURVEY_SEQ_NO,PAVEMENT_FAMILY,PAVEMENT_FAMILY_EXP,FUNC_CLASS_EXP,LTPP_DIR_EXP,LTPP_LANE,GPS_SPS_EXP,EXPERIMENT_NO_EXP,PAVEMENT_AGE_YEARS,CUM_ESAL_AT_SURVEY,ESAL_SINCE_LAST_SURVEY,PRECIPITATION,EVAPORATION,PRECIP_DAYS,TEMP_AVG,FREEZE_INDEX,FREEZE_THAW,SHORTWAVE_SURFACE_AVG,AC_THICKNESS_MM,BASE_THICKNESS_MM,SUBBASE_THICKNESS_MM,TOTAL_PAV_THICKNESS_MM,NUM_AC_LAYERS,NUM_LAYERS_TOTAL,SURFACE_MATL,BASE_MATL,SUBGRADE_MATL,PRIOR_PATCH_COUNT,DAYS_SINCE_LAST_PATCH,PCI_SCORE,PCI_RATING,PCI_DOMINANT_DISTRESS,RUT_DEPTH_1_8IN,IRI_LEFT_WHEEL_PATH,IRI_RIGHT_WHEEL_PATH,MRI,N_PRIOR_SURVEYS,PCI_PREV,PCI_CHANGE_SINCE_LAST,DAYS_SINCE_LAST_SURVEY,YEARS_SINCE_LAST_SURVEY,PCI_NEXT,DAYS_TO_NEXT_SURVEY,YEARS_TO_NEXT_SURVEY,SPLIT
1-1001-1,1-1001,1-1001-1-0,1,Alabama,1001,1,20/9/1991,1991,1,ACUB,Asphalt concrete over unbound base/subgrade,Rural Principal Arterial - Other,North,1,General Pavement Studies,Asphalt Concrete on Unbound Granular Base,4.717316906,,,1499.18,1143.85,365.0,17.60000038,0.0,37.0,137298.4,86.36000091,157.4799952,485.1400097,728.9800058,3,6,"Hot Mixed, Hot Laid AC, Dense Graded",Crushed Gravel,Coarse-Grained Soil: Clayey Sand with Gravel,0,,99.8,Good,alligator_cracking (L),,,,,0,,,,,38.7,308.0,0.8432580424366872,train
1-1001-1,1-1001,1-1001-1-0,1,Alabama,1001,1,24/7/1992,1992,2,ACUB,Asphalt concrete over unbound base/subgrade,Rural Principal Arterial - Other,North,1,General Pavement Studies,Asphalt Concrete on Unbound Granular Base,5.560574949,,,1398.78,1094.61,366.0,16.79999924,2.0,37.0,144577.8,86.36000091,157.4799952,485.1400097,728.9800058,3,6,"Hot Mixed, Hot Laid AC, Dense Graded",Crushed Gravel,Coarse-Grained Soil: Clayey Sand with Gravel,0,,38.7,Very Poor,rutting (H),10.0,0.998200011,0.857799995,0.927999997,1,99.8,-61.099999999999994,308.0,0.8432580424366872,76.7,175.0,0.4791238877481177,train
1-1011-1,1-1011,1-1011-1-0,1,Alabama,1011,1,15/7/1992,1992,1,ACATB,Asphalt concrete over asphalt treated base/subgrade,Rural Minor Arterial,West,1,General Pavement Studies,Asphalt Concrete on Bound Base,5.535934292,,,1377.47,1088.63,366.0,15.0,16.0,64.0,139849.5,25.4,127.0,254.0,406.4,1,5,"Hot Mixed, Hot Laid AC, Dense Graded","Recycled Asphalt Concrete, Plant Mix, Hot Laid",Coarse-Grained Soil: Clayey Sand,0,,65.0,Fair,rutting (M),7.0,0.8454,0.836799991,0.841199982,0,,,,,100.0,258.0,0.7063655030800822,train
1-1011-1,1-1011,1-1011-1-0,1,Alabama,1011,1,30/3/1993,1993,2,ACATB,Asphalt concrete over asphalt treated base/subgrade,Rural Minor Arterial,West,1,General Pavement Studies,Asphalt Concrete on Bound Base,6.242299795,,,1418.33,988.6,365.0,15.39999962,18.0,66.0,141153.9,25.4,127.0,254.0,406.4,1,5,"Hot Mixed, Hot Laid AC, Dense Graded","Recycled Asphalt Concrete, Plant Mix, Hot Laid",Coarse-Grained Soil: Clayey Sand,0,,100.0,Good,,,,,,1,65.0,35.0,258.0,0.7063655030800822,64.4,1710.0,4.681724845995893,train
1-1019-1,1-1019,1-1019-1-0,1,Alabama,1019,1,19/6/1991,1991,1,ACTB,Asphalt concrete over cement/lime treated base/subgrade,Rural Principal Arterial - Other,South,1,General Pavement Studies,Asphalt Concrete on Bound Base,4.462696783,,,1447.11,1273.66,365.0,18.39999962,0.0,28.0,133252.1,88.89999697,76.2,139.7,304.799997,2,5,"Hot Mixed, Hot Laid AC, Dense Graded",HMAC,Coarse-Grained Soil: Silty Sand,0,,20.0,Serious,rutting (H),13.0,1.353999996,1.4898,1.422000003,0,,,,,74.8,649.0,1.7768651608487338,train
1-1019-1,1-1019,1-1019-1-0,1,Alabama,1019,1,29/3/1993,1993,2,ACTB,Asphalt concrete over cement/lime treated base/subgrade,Rural Principal Arterial - Other,South,1,General Pavement Studies,Asphalt Concrete on Bound Base,6.239561944,,,1381.31,1232.37,365.0,18.0,5.0,22.0,149452.2,88.89999697,76.2,139.7,304.799997,2,5,"Hot Mixed, Hot Laid AC, Dense Graded",HMAC,Coarse-Grained Soil: Silty Sand,0,,74.8,Satisfactory,alligator_cracking (L),,,,,1,20.0,54.8,649.0,1.7768651608487338,5.1,845.0,2.3134839151266258,train
1-1019-1,1-1019,1-1019-1-0,1,Alabama,1019,1,22/7/1995,1995,3,ACTB,Asphalt concrete over cement/lime treated base/subgrade,Rural Principal Arterial - Other,South,1,General Pavement Studies,Asphalt Concrete on Bound Base,8.553045859,,,1617.69,1283.89,365.0,18.39999962,2.0,40.0,152128.8,88.89999697,76.2,139.7,304.799997,2,5,"Hot Mixed, Hot Laid AC, Dense Graded",HMAC,Coarse-Grained Soil: Silty Sand,0,,5.1,Failed,rutting (H),15.0,1.396200013,1.623999977,1.5102,2,74.8,-69.7,845.0,2.3134839151266258,0.0,916.0,2.507871321013005,train
1-1021-1,1-1021,1-1021-1-0,1,Alabama,1021,1,21/6/1991,1991,1,ACTB,Asphalt concrete over cement/lime treated base/subgrade,Rural Minor Arterial,West,1,General Pavement Studies,Asphalt Concrete on Bound Base,4.468172485,,,1283.26,1128.72,365.0,17.70000076,1.0,35.0,136395.7,78.73999758,114.3,441.9599903,634.9999879,2,5,"Hot Mixed, Hot Laid AC, Dense Graded",HMAC,Fine-Grained Soils: Sandy Silt,0,,40.0,Poor,rutting (H),8.0,,,,0,,,,,97.4,651.0,1.782340862422998,train
1-1021-1,1-1021,1-1021-1-0,1,Alabama,1021,1,2/4/1993,1993,2,ACTB,Asphalt concrete over cement/lime treated base/subgrade,Rural Minor Arterial,West,1,General Pavement Studies,Asphalt Concrete on Bound Base,6.250513347,,,1146.34,1072.0,365.0,17.29999924,9.0,34.0,151056.4,78.73999758,114.3,441.9599903,634.9999879,2,5,"Hot Mixed, Hot Laid AC, Dense Graded",HMAC,Fine-Grained Soils: Sandy Silt,0,,97.4,Good,alligator_cracking (L),,,,,1,40.0,57.400000000000006,651.0,1.782340862422998,10.0,1754.0,4.802190280629706,train
1-4073-2,1-4073,1-4073-2-0,1,Alabama,4073,2,5/12/1997,1997,1,ACATB,Asphalt concrete over asphalt treated base/subgrade,Rural Principal Arterial - Other,East,1,General Pavement Studies,Asphalt Concrete on Bound Base,1.557837098,,,1761.65,1044.43,365.0,13.80000019,70.0,65.0,147761.2,38.1,180.3399976,256.5399976,474.9799952,1,5,"Hot Mixed, Hot Laid AC, Dense Graded",HMAC,Coarse-Grained Soil: Silty Sand with Gravel,1,569.0,40.2,Poor,rutting (M),5.0,,,,0,,,,,25.4,1911.0,5.232032854209446,train
1-4073-2,1-4073,1-4073-2-0,1,Alabama,4073,2,28/2/2003,2003,2,ACATB,Asphalt concrete over asphalt treated base/subgrade,Rural Principal Arterial - Other,East,1,General Pavement Studies,Asphalt Concrete on Bound Base,6.789869952,,,1797.12,1138.55,365.0,14.10000038,54.0,81.0,144310.8,38.1,180.3399976,256.5399976,474.9799952,1,5,"Hot Mixed, Hot Laid AC, Dense Graded",HMAC,Coarse-Grained Soil: Silty Sand with Gravel,1,2480.0,25.4,Very Poor,block_cracking (M),5.0,1.188599992,1.095000005,1.141599989,1,40.2,-14.800000000000004,1911.0,5.232032854209446,25.4,332.0,0.9089664613278576,train
1-4125-1,1-4125,1-4125-1-0,1,Alabama,4125,1,11/12/1990,1990,1,ACTB,Asphalt concrete over cement/lime treated base/subgrade,Rural Principal Arterial - Other,West,1,General Pavement Studies,Asphalt Concrete on Bound Base,3.942505133,1676986.0,,875.22,953.52,365.0,19.0,3.0,20.0,155540.1,93.97999818,322.5799952,0.0,416.5599933,3,6,Chip Seal,"Other (Specify, if Possible)",Coarse-Grained Soil: Clayey Sand with Gravel,0,,23.8,Serious,rutting (H),9.0,1.051800013,0.887599993,0.970000005,0,,,,,36.0,192.0,0.5256673511293635,train
1-4125-1,1-4125,1-4125-1-0,1,Alabama,4125,1,21/6/1991,1991,2,ACTB,Asphalt concrete over cement/lime treated base/subgrade,Rural Principal Arterial - Other,West,1,General Pavement Studies,Asphalt Concrete on Bound Base,4.468172485,1852714.0,175728.0,1283.26,1128.72,365.0,17.70000076,1.0,35.0,136395.7,93.97999818,322.5799952,0.0,416.5599933,3,6,Chip Seal,"Other (Specify, if Possible)",Coarse-Grained Soil: Clayey Sand with Gravel,0,,36.0,Very Poor,rutting (H),9.0,,,,1,23.8,12.2,192.0,0.5256673511293635,26.5,1160.0,3.1759069130732374,train
1-4125-1,1-4125,1-4125-1-0,1,Alabama,4125,1,24/8/1994,1994,3,ACTB,Asphalt concrete over cement/lime treated base/subgrade,Rural Principal Arterial - Other,West,1,General Pavement Studies,Asphalt Concrete on Bound Base,7.644079398,2413833.0,561119.0,1786.02,1193.87,365.0,17.29999924,9.0,39.0,144709.4,93.97999818,322.5799952,0.0,416.5599933,3,6,Chip Seal,"Other (Specify, if Possible)",Coarse-Grained Soil: Clayey Sand with Gravel,0,,26.5,Very Poor,rutting (H),10.0,1.024800014,1.1704,1.097599983,2,36.0,-9.5,1160.0,3.1759069130732374,26.2,357.0,0.9774127310061602,train
1-4125-1,1-4125,1-4125-1-0,1,Alabama,4125,1,16/8/1995,1995,4,ACTB,Asphalt concrete over cement/lime treated base/subgrade,Rural Principal Arterial - Other,West,1,General Pavement Studies,Asphalt Concrete on Bound Base,8.621492129,2611753.0,197920.0,1268.05,999.67,365.0,17.79999924,6.0,50.0,152226.4,93.97999818,322.5799952,0.0,416.5599933,3,6,Chip Seal,"Other (Specify, if Possible)",Coarse-Grained Soil: Clayey Sand with Gravel,0,,26.2,Very Poor,rutting (H),10.0,1.065600014,1.142799997,1.104200006,3,26.5,-0.3000000000000007,357.0,0.9774127310061602,21.8,889.0,2.433949349760438,train
1-4125-1,1-4125,1-4125-1-0,1,Alabama,4125,1,21/1/1998,1998,5,ACTB,Asphalt concrete over cement/lime treated base/subgrade,Rural Principal Arterial - Other,West,1,General Pavement Studies,Asphalt Concrete on Bound Base,11.05544148,3243452.0,631699.0,1238.0,1137.53,365.0,18.79999924,0.0,24.0,155348.0,93.97999818,322.5799952,0.0,416.5599933,3,6,Chip Seal,"Other (Specify, if Possible)",Coarse-Grained Soil: Clayey Sand with Gravel,0,,21.8,Serious,rutting (H),11.0,,,,4,26.2,-4.399999999999999,889.0,2.433949349760438,16.1,2219.0,6.075290896646133,train
1-4126-1,1-4126,1-4126-1-0,1,Alabama,4126,1,16/7/1992,1992,1,ACUB,Asphalt concrete over unbound base/subgrade,Rural Principal Arterial - Interstate,South,1,General Pavement Studies,Asphalt Concrete on Unbound Granular Base,4.125941136,3798888.0,,1499.43,1099.25,366.0,15.30000019,6.0,57.0,142710.3,332.7399945,467.3599903,0.0,800.0999849,2,4,"Hot Mixed, Hot Laid AC, Dense Graded",Soil-Aggregate Mixture (Predominantly Coarse-Grained),Coarse-Grained Soil: Silty Sand,0,,63.7,Fair,rutting (M),5.0,0.86279999,0.805000007,0.833799994,0,,,,,96.5,257.0,0.70362765229295,test
1-4126-1,1-4126,1-4126-1-0,1,Alabama,4126,1,30/3/1993,1993,2,ACUB,Asphalt concrete over unbound base/subgrade,Rural Principal Arterial - Interstate,South,1,General Pavement Studies,Asphalt Concrete on Unbound Granular Base,4.829568789,4580441.0,781553.0,1357.14,974.92,365.0,15.69999981,15.0,61.0,144116.8,332.7399945,467.3599903,0.0,800.0999849,2,4,"Hot Mixed, Hot Laid AC, Dense Graded",Soil-Aggregate Mixture (Predominantly Coarse-Grained),Coarse-Grained Soil: Silty Sand,0,,96.5,Good,raveling_weathering (M),,,,,1,63.7,32.8,257.0,0.70362765229295,41.2,1711.0,4.684462696783025,test
1-4155-1,1-4155,1-4155-1-0,1,Alabama,4155,1,20/6/1991,1991,1,ACUB,Asphalt concrete over unbound base/subgrade,Rural Principal Arterial - Other,East,1,General Pavement Studies,Asphalt Concrete on Unbound Granular Base,4.465434634,1317387.0,,1523.57,1197.29,365.0,18.70000076,0.0,20.0,134280.9,93.98000121,264.1599903,0.0,358.1399915,2,4,"Hot Mixed, Hot Laid AC, Dense Graded",Crushed Stone,Coarse-Grained Soil: Clayey Sand,0,,80.8,Satisfactory,alligator_cracking (L),,,,,0,,,,,45.7,651.0,1.782340862422998,train
1-4155-1,1-4155,1-4155-1-0,1,Alabama,4155,1,1/4/1993,1993,2,ACUB,Asphalt concrete over unbound base/subgrade,Rural Principal Arterial - Other,East,1,General Pavement Studies,Asphalt Concrete on Unbound Granular Base,6.247775496,1519709.0,202322.0,1172.17,1110.31,365.0,18.39999962,0.0,18.0,152608.7,93.98000121,264.1599903,0.0,358.1399915,2,4,"Hot Mixed, Hot Laid AC, Dense Graded",Crushed Stone,Coarse-Grained Soil: Clayey Sand,0,,45.7,Poor,alligator_cracking (M),,,,,1,80.8,-35.099999999999994,651.0,1.782340862422998,3.2,841.0,2.302532511978097,train
1-4155-1,1-4155,1-4155-1-0,1,Alabama,4155,1,21/7/1995,1995,3,ACUB,Asphalt concrete over unbound base/subgrade,Rural Principal Arterial - Other,East,1,General Pavement Studies,Asphalt Concrete on Unbound Granular Base,8.550308008,1685987.0,166278.0,1235.64,1245.02,365.0,18.60000038,1.0,33.0,152712.0,93.98000121,264.1599903,0.0,358.1399915,2,4,"Hot Mixed, Hot Laid AC, Dense Graded",Crushed Stone,Coarse-Grained Soil: Clayey Sand,0,,3.2,Failed,alligator_cracking (M),5.0,,,,2,45.7,-42.5,841.0,2.302532511978097,37.6,920.0,2.518822724161533,train
12-1030-2,12-1030,12-1030-2-0,12,Florida,1030,2,23/1/1997,1997,1,ACUB,Asphalt concrete over unbound base/subgrade,Rural Principal Arterial - Other,South,1,General Pavement Studies,Asphalt Concrete on Unbound Granular Base,3.608487337,194478.0,,1368.9,1287.05,365.0,23.79999924,0.0,0.0,144409.5,83.81999879,248.9200048,434.3400097,767.0800133,1,4,"Hot Mixed, Hot Laid AC, Dense Graded",Soil-Aggregate Mixture (Predominantly Coarse-Grained),Coarse-Grained Soils: Poorly Graded Sand,0,,45.9,Poor,rutting (M),5.0,,,,0,,,,,9.5,481.0,1.3169062286105406,train
12-1030-2,12-1030,12-1030-2-0,12,Florida,1030,2,19/5/1998,1998,2,ACUB,Asphalt concrete over unbound base/subgrade,Rural Principal Arterial - Other,South,1,General Pavement Studies,Asphalt Concrete on Unbound Granular Base,4.925393566,246399.0,51921.0,1201.23,1471.81,365.0,23.89999962,0.0,0.0,155274.7,83.81999879,248.9200048,434.3400097,767.0800133,1,4,"Hot Mixed, Hot Laid AC, Dense Graded",Soil-Aggregate Mixture (Predominantly Coarse-Grained),Coarse-Grained Soils: Poorly Graded Sand,0,,9.5,Failed,block_cracking (H),4.0,,,,1,45.9,-36.4,481.0,1.3169062286105406,9.5,426.0,1.1663244353182751,train
12-1030-2,12-1030,12-1030-2-0,12,Florida,1030,2,19/7/1999,1999,3,ACUB,Asphalt concrete over unbound base/subgrade,Rural Principal Arterial - Other,South,1,General Pavement Studies,Asphalt Concrete on Unbound Granular Base,6.091718001,293719.0,47320.0,1686.98,1356.78,365.0,23.39999962,0.0,0.0,151044.7,83.81999879,248.9200048,434.3400097,767.0800133,1,4,"Hot Mixed, Hot Laid AC, Dense Graded",Soil-Aggregate Mixture (Predominantly Coarse-Grained),Coarse-Grained Soils: Poorly Graded Sand,0,,9.5,Failed,block_cracking (H),5.0,,,,2,9.5,0.0,426.0,1.1663244353182751,9.5,476.0,1.3032169746748803,train
12-1030-2,12-1030,12-1030-2-0,12,Florida,1030,2,6/11/2000,2000,4,ACUB,Asphalt concrete over unbound base/subgrade,Rural Principal Arterial - Other,South,1,General Pavement Studies,Asphalt Concrete on Unbound Granular Base,7.394934976,345613.0,51894.0,733.69,1291.94,366.0,23.39999962,0.0,0.0,158766.9,83.81999879,248.9200048,434.3400097,767.0800133,1,4,"Hot Mixed, Hot Laid AC, Dense Graded",Soil-Aggregate Mixture (Predominantly Coarse-Grained),Coarse-Grained Soils: Poorly Graded Sand,0,,9.5,Failed,block_cracking (H),5.0,1.386800003,1.299399996,1.343000007,3,9.5,0.0,476.0,1.3032169746748803,9.5,386.0,1.056810403832991,train
12-1030-2,12-1030,12-1030-2-0,12,Florida,1030,2,27/11/2001,2001,5,ACUB,Asphalt concrete over unbound base/subgrade,Rural Principal Arterial - Other,South,1,General Pavement Studies,Asphalt Concrete on Unbound Granular Base,8.45174538,416319.0,70706.0,1450.19,1181.27,365.0,23.60000038,0.0,0.0,146620.2,83.81999879,248.9200048,434.3400097,767.0800133,1,4,"Hot Mixed, Hot Laid AC, Dense Graded",Soil-Aggregate Mixture (Predominantly Coarse-Grained),Coarse-Grained Soils: Poorly Graded Sand,0,,9.5,Failed,block_cracking (H),6.0,,,,4,9.5,0.0,386.0,1.056810403832991,9.5,415.0,1.136208076659822,train
12-1030-2,12-1030,12-1030-2-0,12,Florida,1030,2,16/1/2003,2003,6,ACUB,Asphalt concrete over unbound base/subgrade,Rural Principal Arterial - Other,South,1,General Pavement Studies,Asphalt Concrete on Unbound Granular Base,9.587953457,484042.0,67723.0,1213.13,1279.57,365.0,23.70000076,0.0,0.0,143255.8,83.81999879,248.9200048,434.3400097,767.0800133,1,4,"Hot Mixed, Hot Laid AC, Dense Graded",Soil-Aggregate Mixture (Predominantly Coarse-Grained),Coarse-Grained Soils: Poorly Graded Sand,0,,9.5,Failed,block_cracking (H),7.0,1.485200024,1.402399993,1.443599987,5,9.5,0.0,415.0,1.136208076659822,9.5,468.0,1.2813141683778233,train
12-1030-2,12-1030,12-1030-2-0,12,Florida,1030,2,28/4/2004,2004,7,ACUB,Asphalt concrete over unbound base/subgrade,Rural Principal Arterial - Other,South,1,General Pavement Studies,Asphalt Concrete on Unbound Granular Base,10.86926762,523307.0,39265.0,1198.43,1207.85,366.0,23.89999962,0.0,0.0,151612.5,83.81999879,248.9200048,434.3400097,767.0800133,1,4,"Hot Mixed, Hot Laid AC, Dense Graded",Soil-Aggregate Mixture (Predominantly Coarse-Grained),Coarse-Grained Soils: Poorly Graded Sand,0,,9.5,Failed,block_cracking (H),6.0,1.7398,1.803799987,1.771799994,6,9.5,0.0,468.0,1.2813141683778233,9.5,259.0,0.7091033538672142,train
12-1030-2,12-1030,12-1030-2-0,12,Florida,1030,2,12/1/2005,2005,8,ACUB,Asphalt concrete over unbound base/subgrade,Rural Principal Arterial - Other,South,1,General Pavement Studies,Asphalt Concrete on Unbound Granular Base,11.57837098,573963.0,50656.0,1488.64,1329.18,365.0,23.29999924,0.0,0.0,148283.2,83.81999879,248.9200048,434.3400097,767.0800133,1,4,"Hot Mixed, Hot Laid AC, Dense Graded",Soil-Aggregate Mixture (Predominantly Coarse-Grained),Coarse-Grained Soils: Poorly Graded Sand,0,,9.5,Failed,block_cracking (H),6.0,,,,7,9.5,0.0,259.0,0.7091033538672142,9.5,664.0,1.8179329226557153,train
12-1030-2,12-1030,12-1030-2-0,12,Florida,1030,2,7/11/2006,2006,9,ACUB,Asphalt concrete over unbound base/subgrade,Rural Principal Arterial - Other,South,1,General Pavement Studies,Asphalt Concrete on Unbound Granular Base,13.3963039,617165.0,43202.0,968.58,1219.79,365.0,23.79999924,0.0,0.0,156151.5,83.81999879,248.9200048,434.3400097,767.0800133,1,4,"Hot Mixed, Hot Laid AC, Dense Graded",Soil-Aggregate Mixture (Predominantly Coarse-Grained),Coarse-Grained Soils: Poorly Graded Sand,0,,9.5,Failed,block_cracking (H),7.0,2.01424998,2.136749953,2.075749993,8,9.5,0.0,664.0,1.8179329226557153,0.0,910.0,2.4914442162902124,train
12-1030-2,12-1030,12-1030-2-0,12,Florida,1030,2,5/5/2009,2009,10,ACUB,Asphalt concrete over unbound base/subgrade,Rural Principal Arterial - Other,South,1,General Pavement Studies,Asphalt Concrete on Unbound Granular Base,15.88774812,736415.0,119250.0,1181.01,1204.43,365.0,23.79999924,0.0,0.0,149271.5,83.81999879,248.9200048,434.3400097,767.0800133,1,4,"Hot Mixed, Hot Laid AC, Dense Graded",Soil-Aggregate Mixture (Predominantly Coarse-Grained),Coarse-Grained Soils: Poorly Graded Sand,0,,0.0,Failed,block_cracking (H),6.0,2.072999954,2.074399996,2.073599982,9,9.5,-9.5,910.0,2.4914442162902124,0.0,696.0,1.9055441478439425,train
12-1030-2,12-1030,12-1030-2-0,12,Florida,1030,2,1/4/2011,2011,11,ACUB,Asphalt concrete over unbound base/subgrade,Rural Principal Arterial - Other,South,1,General Pavement Studies,Asphalt Concrete on Unbound Granular Base,17.79329227,814421.0,78006.0,1178.82,1095.6,365.0,24.39999962,0.0,0.0,152350.7,83.81999879,248.9200048,434.3400097,767.0800133,1,4,"Hot Mixed, Hot Laid AC, Dense Graded",Soil-Aggregate Mixture (Predominantly Coarse-Grained),Coarse-Grained Soils: Poorly Graded Sand,0,,0.0,Failed,block_cracking (H),7.0,,,,10,0.0,0.0,696.0,1.9055441478439425,0.0,916.0,2.507871321013005,train
12-1060-1,12-1060,12-1060-1-0,12,Florida,1060,1,13/1/1995,1995,1,ACUB,Asphalt concrete over unbound base/subgrade,Urban Principal Arterial - Other Freeways or Expressways,West,1,General Pavement Studies,Asphalt Concrete on Unbound Granular Base,8.032854209,1016498.0,,1397.91,1545.39,365.0,25.0,0.0,0.0,149312.8,101.6,279.4,0.0,381.0,2,4,"Hot Mixed, Hot Laid AC, Dense Graded","Limerock, Caliche",Coarse-Grained Soil: Well-Graded Gravel with Sand,0,,100.0,Good,,,,,,0,,,,,65.0,733.0,2.00684462696783,test
12-1060-1,12-1060,12-1060-1-0,12,Florida,1060,1,15/1/1997,1997,2,ACUB,Asphalt concrete over unbound base/subgrade,Urban Principal Arterial - Other Freeways or Expressways,West,1,General Pavement Studies,Asphalt Concrete on Unbound Granular Base,10.03969884,1064555.0,48057.0,1267.34,1468.27,365.0,25.5,0.0,0.0,145085.2,101.6,279.4,0.0,381.0,2,4,"Hot Mixed, Hot Laid AC, Dense Graded","Limerock, Caliche",Coarse-Grained Soil: Well-Graded Gravel with Sand,0,,65.0,Fair,rutting (M),5.0,,,,1,100.0,-35.0,733.0,2.00684462696783,64.6,1125.0,3.080082135523614,test
12-1370-1,12-1370,12-1370-1-0,12,Florida,1370,1,18/7/1991,1991,1,ACUB,Asphalt concrete over unbound base/subgrade,Rural Principal Arterial - Interstate,North,1,General Pavement Studies,Asphalt Concrete on Unbound Granular Base,4.542094456,459360.0,,1275.98,1390.39,365.0,23.70000076,0.0,0.0,135380.6,43.18000121,271.7799952,375.9200048,690.8800012,1,4,"Hot Mixed, Hot Laid AC, Dense Graded","Limerock, Caliche",Coarse-Grained Soils: Poorly Graded Sand with Silt,0,,40.0,Poor,rutting (H),10.0,,,,0,,,,,99.2,601.0,1.6454483230663928,test
12-3996-1,12-3996,12-3996-1-0,12,Florida,3996,1,31/7/1991,1991,1,ACUB,Asphalt concrete over unbound base/subgrade,Rural Principal Arterial - Interstate,North,1,General Pavement Studies,Asphalt Concrete on Unbound Granular Base,4.577686516,1286295.0,,1151.81,1212.72,365.0,22.10000038,0.0,0.0,138175.0,38.1,210.8200048,355.6,604.5200048,1,4,"Hot Mixed, Hot Laid AC, Dense Graded","Limerock, Caliche",Coarse-Grained Soils: Poorly Graded Sand with Silt,0,,86.5,Good,long_trans_cracking (L),,,,,0,,,,,46.4,1587.0,4.344969199178645,train
12-3996-1,12-3996,12-3996-1-0,12,Florida,3996,1,4/12/1995,1995,2,ACUB,Asphalt concrete over unbound base/subgrade,Rural Principal Arterial - Interstate,North,1,General Pavement Studies,Asphalt Concrete on Unbound Granular Base,8.922655715,1440872.0,154577.0,1420.23,1187.4,365.0,21.79999924,0.0,1.0,150149.1,38.1,210.8200048,355.6,604.5200048,1,4,"Hot Mixed, Hot Laid AC, Dense Graded","Limerock, Caliche",Coarse-Grained Soils: Poorly Graded Sand with Silt,0,,46.4,Poor,rutting (M),6.0,,,,1,86.5,-40.1,1587.0,4.344969199178645,50.6,500.0,1.3689253935660506,train
12-3997-1,12-3997,12-3997-1-0,12,Florida,3997,1,15/8/1990,1990,1,ACUB,Asphalt concrete over unbound base/subgrade,Rural Principal Arterial - Other,South,1,General Pavement Studies,Asphalt Concrete on Unbound Granular Base,3.619438741,3409019.0,,849.57,922.06,365.0,22.0,0.0,1.0,152258.6,78.73999758,297.1799952,350.5200048,726.4399976,1,4,"Hot Mixed, Hot Laid AC, Dense Graded",Soil-Aggregate Mixture (Predominantly Coarse-Grained),Coarse-Grained Soils: Poorly Graded Sand with Silt,0,,20.0,Serious,rutting (H),16.0,1.05880003,1.156999993,1.107999992,0,,,,,43.1,415.0,1.136208076659822,train
12-3997-1,12-3997,12-3997-1-0,12,Florida,3997,1,4/10/1991,1991,2,ACUB,Asphalt concrete over unbound base/subgrade,Rural Principal Arterial - Other,South,1,General Pavement Studies,Asphalt Concrete on Unbound Granular Base,4.755646817,3545445.0,136426.0,1495.89,1285.13,365.0,20.5,0.0,3.0,136071.2,78.73999758,297.1799952,350.5200048,726.4399976,1,4,"Hot Mixed, Hot Laid AC, Dense Graded",Soil-Aggregate Mixture (Predominantly Coarse-Grained),Coarse-Grained Soils: Poorly Graded Sand with Silt,0,,43.1,Poor,alligator_cracking (M),,1.111000013,1.146000004,1.128400016,1,20.0,23.1,415.0,1.136208076659822,40.6,521.0,1.4264202600958247,train
12-3997-1,12-3997,12-3997-1-0,12,Florida,3997,1,8/3/1993,1993,3,ACUB,Asphalt concrete over unbound base/subgrade,Rural Principal Arterial - Other,South,1,General Pavement Studies,Asphalt Concrete on Unbound Granular Base,6.182067077,3899812.0,354367.0,1388.68,1043.34,365.0,20.39999962,0.0,8.0,146864.7,78.73999758,297.1799952,350.5200048,726.4399976,1,4,"Hot Mixed, Hot Laid AC, Dense Graded",Soil-Aggregate Mixture (Predominantly Coarse-Grained),Coarse-Grained Soils: Poorly Graded Sand with Silt,0,,40.6,Poor,alligator_cracking (M),,,,,2,43.1,-2.5,521.0,1.4264202600958247,0.0,373.0,1.0212183436002737,train
12-4096-1,12-4096,12-4096-1-0,12,Florida,4096,1,3/10/1991,1991,1,ACATB,Asphalt concrete over asphalt treated base/subgrade,Rural Principal Arterial - Other,West,1,General Pavement Studies,Asphalt Concrete on Bound Base,4.752908966,271154.0,,1548.49,1283.76,365.0,19.20000076,0.0,11.0,133268.4,33.01999879,218.4400097,332.7400097,584.2000182,1,4,"Hot Mixed, Hot Laid AC, Dense Graded",Sand Asphalt,Coarse-Grained Soils: Poorly Graded Sand with Silt,0,,100.0,Good,,,,,,0,,,,,65.0,1062.0,2.9075975359342916,train
12-4096-1,12-4096,12-4096-1-0,12,Florida,4096,1,30/8/1994,1994,2,ACATB,Asphalt concrete over asphalt treated base/subgrade,Rural Principal Arterial - Other,West,1,General Pavement Studies,Asphalt Concrete on Bound Base,7.660506502,332874.0,61720.0,1523.81,1335.43,365.0,19.0,0.0,15.0,142391.2,33.01999879,218.4400097,332.7400097,584.2000182,1,4,"Hot Mixed, Hot Laid AC, Dense Graded",Sand Asphalt,Coarse-Grained Soils: Poorly Graded Sand with Silt,0,,65.0,Fair,rutting (M),5.0,0.566199994,0.637800014,0.601999998,1,100.0,-35.0,1062.0,2.9075975359342916,63.0,916.0,2.507871321013005,train
12-4096-1,12-4096,12-4096-1-0,12,Florida,4096,1,3/3/1997,1997,3,ACATB,Asphalt concrete over asphalt treated base/subgrade,Rural Principal Arterial - Other,West,1,General Pavement Studies,Asphalt Concrete on Bound Base,10.16837782,410120.0,77246.0,1134.25,1294.22,365.0,19.10000038,0.0,17.0,145896.7,33.01999879,218.4400097,332.7400097,584.2000182,1,4,"Hot Mixed, Hot Laid AC, Dense Graded",Sand Asphalt,Coarse-Grained Soils: Poorly Graded Sand with Silt,0,,63.0,Fair,rutting (M),6.0,,,,2,65.0,-2.0,916.0,2.507871321013005,61.4,730.0,1.998631074606434,train
12-4096-1,12-4096,12-4096-1-0,12,Florida,4096,1,3/3/1999,1999,4,ACATB,Asphalt concrete over asphalt treated base/subgrade,Rural Principal Arterial - Other,West,1,General Pavement Studies,Asphalt Concrete on Bound Base,12.1670089,470833.0,60713.0,935.31,1214.42,365.0,19.79999924,3.0,12.0,157324.4,33.01999879,218.4400097,332.7400097,584.2000182,1,4,"Hot Mixed, Hot Laid AC, Dense Graded",Sand Asphalt,Coarse-Grained Soils: Poorly Graded Sand with Silt,0,,61.4,Fair,rutting (M),6.0,,,,3,63.0,-1.6000000000000014,730.0,1.998631074606434,57.6,1175.0,3.216974674880219,train
12-4096-1,12-4096,12-4096-1-0,12,Florida,4096,1,21/5/2002,2002,5,ACATB,Asphalt concrete over asphalt treated base/subgrade,Rural Principal Arterial - Other,West,1,General Pavement Studies,Asphalt Concrete on Bound Base,15.38398357,588297.0,117464.0,1375.23,1093.94,365.0,20.0,0.0,17.0,151856.6,33.01999879,218.4400097,332.7400097,584.2000182,1,4,"Hot Mixed, Hot Laid AC, Dense Graded",Sand Asphalt,Coarse-Grained Soils: Poorly Graded Sand with Silt,0,,57.6,Fair,rutting (M),6.0,0.877800012,1.029799986,0.953799999,4,61.4,-3.799999999999997,1175.0,3.216974674880219,56.2,135.0,0.36960985626283366,train
12-4097-1,12-4097,12-4097-1-0,12,Florida,4097,1,3/10/1991,1991,1,ACATB,Asphalt concrete over asphalt treated base/subgrade,Rural Principal Arterial - Interstate,East,1,General Pavement Studies,Asphalt Concrete on Bound Base,4.752908966,2303748.0,,1523.57,1197.29,365.0,18.70000076,0.0,20.0,134280.9,195.5799974,160.0200048,160.0200048,515.6200071,6,9,Dense Graded Asphalt Concrete Interlayer,HMAC,Coarse-Grained Soil: Silty Sand,0,,100.0,Good,,,,,,0,,,,,40.0,1062.0,2.9075975359342916,train
12-4097-1,12-4097,12-4097-1-0,12,Florida,4097,1,30/8/1994,1994,2,ACATB,Asphalt concrete over asphalt treated base/subgrade,Rural Principal Arterial - Interstate,East,1,General Pavement Studies,Asphalt Concrete on Bound Base,7.660506502,3514300.0,1210552.0,1675.69,1296.27,365.0,18.20000076,1.0,24.0,143036.7,195.5799974,160.0200048,160.0200048,515.6200071,6,9,Dense Graded Asphalt Concrete Interlayer,HMAC,Coarse-Grained Soil: Silty Sand,0,,40.0,Poor,rutting (H),8.0,,,,1,100.0,-60.0,1062.0,2.9075975359342916,56.9,917.0,2.510609171800137,train
12-4097-1,12-4097,12-4097-1-0,12,Florida,4097,1,4/3/1997,1997,3,ACATB,Asphalt concrete over asphalt treated base/subgrade,Rural Principal Arterial - Interstate,East,1,General Pavement Studies,Asphalt Concrete on Bound Base,10.17111567,4883578.0,1369278.0,1169.39,1210.82,365.0,18.5,2.0,24.0,146085.4,195.5799974,160.0200048,160.0200048,515.6200071,6,9,Dense Graded Asphalt Concrete Interlayer,HMAC,Coarse-Grained Soil: Silty Sand,0,,56.9,Fair,rutting (M),7.0,,,,2,40.0,16.9,917.0,2.510609171800137,30.7,729.0,1.995893223819302,train
12-4097-1,12-4097,12-4097-1-0,12,Florida,4097,1,3/3/1999,1999,4,ACATB,Asphalt concrete over asphalt treated base/subgrade,Rural Principal Arterial - Interstate,East,1,General Pavement Studies,Asphalt Concrete on Bound Base,12.1670089,5969315.0,1085737.0,912.17,1116.64,365.0,19.20000076,4.0,23.0,158952.2,195.5799974,160.0200048,160.0200048,515.6200071,6,9,Dense Graded Asphalt Concrete Interlayer,HMAC,Coarse-Grained Soil: Silty Sand,0,,30.7,Very Poor,rutting (H),8.0,,,,3,56.9,-26.2,729.0,1.995893223819302,12.6,1063.0,2.9103353867214237,train
12-4097-1,12-4097,12-4097-1-0,12,Florida,4097,1,29/1/2002,2002,5,ACATB,Asphalt concrete over asphalt treated base/subgrade,Rural Principal Arterial - Interstate,East,1,General Pavement Studies,Asphalt Concrete on Bound Base,15.07734428,7564280.0,1594965.0,1282.49,1039.98,365.0,19.39999962,0.0,25.0,153842.8,195.5799974,160.0200048,160.0200048,515.6200071,6,9,Dense Graded Asphalt Concrete Interlayer,HMAC,Coarse-Grained Soil: Silty Sand,0,,12.6,Serious,rutting (H),8.0,,,,4,30.7,-18.1,1063.0,2.9103353867214237,12.3,723.0,1.9794661190965093,train
12-4100-1,12-4100,12-4100-1-0,12,Florida,4100,1,3/10/1991,1991,1,ACTB,Asphalt concrete over cement/lime treated base/subgrade,Urban Other Principal Arterial,North,1,General Pavement Studies,Asphalt Concrete on Bound Base,4.752908966,525847.0,,1590.56,1322.59,365.0,19.70000076,0.0,2.0,131218.7,76.19999697,193.0399976,322.5799952,591.8199897,2,5,"Hot Mixed, Hot Laid AC, Dense Graded",HMAC,Coarse-Grained Soils: Poorly Graded Sand with Silt,0,,100.0,Good,,,,,,0,,,,,39.1,1062.0,2.9075975359342916,test
12-4100-1,12-4100,12-4100-1-0,12,Florida,4100,1,30/8/1994,1994,2,ACTB,Asphalt concrete over cement/lime treated base/subgrade,Urban Other Principal Arterial,North,1,General Pavement Studies,Asphalt Concrete on Bound Base,7.660506502,626022.0,100175.0,1600.52,1344.76,365.0,19.5,0.0,7.0,142308.1,76.19999697,193.0399976,322.5799952,591.8199897,2,5,"Hot Mixed, Hot Laid AC, Dense Graded",HMAC,Coarse-Grained Soils: Poorly Graded Sand with Silt,0,,39.1,Very Poor,rutting (H),10.0,,,,1,100.0,-60.9,1062.0,2.9075975359342916,36.5,916.0,2.507871321013005,test
12-4100-1,12-4100,12-4100-1-0,12,Florida,4100,1,3/3/1997,1997,3,ACTB,Asphalt concrete over cement/lime treated base/subgrade,Urban Other Principal Arterial,North,1,General Pavement Studies,Asphalt Concrete on Bound Base,10.16837782,731797.0,105775.0,1225.08,1367.88,365.0,19.5,0.0,6.0,145661.6,76.19999697,193.0399976,322.5799952,591.8199897,2,5,"Hot Mixed, Hot Laid AC, Dense Graded",HMAC,Coarse-Grained Soils: Poorly Graded Sand with Silt,0,,36.5,Very Poor,rutting (H),10.0,,,,2,39.1,-2.6000000000000014,916.0,2.507871321013005,34.0,731.0,2.001368925393566,test
12-4100-1,12-4100,12-4100-1-0,12,Florida,4100,1,4/3/1999,1999,4,ACTB,Asphalt concrete over cement/lime treated base/subgrade,Urban Other Principal Arterial,North,1,General Pavement Studies,Asphalt Concrete on Bound Base,12.16974675,814335.0,82538.0,822.14,1362.99,365.0,20.20000076,1.0,7.0,157040.4,76.19999697,193.0399976,322.5799952,591.8199897,2,5,"Hot Mixed, Hot Laid AC, Dense Graded",HMAC,Coarse-Grained Soils: Poorly Graded Sand with Silt,0,,34.0,Very Poor,rutting (H),9.0,,,,3,36.5,-2.5,731.0,2.001368925393566,14.0,980.0,2.6830937713894594,test
12-4103-1,12-4103,12-4103-1-0,12,Florida,4103,1,13/1/1995,1995,1,ACUB,Asphalt concrete over unbound base/subgrade,Urban Principal Arterial - Other Freeways or Expressways,West,1,General Pavement Studies,Asphalt Concrete on Unbound Granular Base,8.032854209,1890776.0,,1660.98,1517.2,365.0,24.0,0.0,0.0,148047.0,73.66000091,538.4800194,144.7799952,756.9200154,2,5,"Hot Mixed, Hot Laid AC, Dense Graded",Soil-Aggregate Mixture (Predominantly Coarse-Grained),Coarse-Grained Soil: Silty Sand,0,,76.5,Satisfactory,raveling_weathering (M),,,,,0,,,,,28.7,734.0,2.0095824777549622,test
12-4103-1,12-4103,12-4103-1-0,12,Florida,4103,1,16/1/1997,1997,2,ACUB,Asphalt concrete over unbound base/subgrade,Urban Principal Arterial - Other Freeways or Expressways,West,1,General Pavement Studies,Asphalt Concrete on Unbound Granular Base,10.04243669,2657879.0,767103.0,1222.33,1391.26,365.0,24.60000038,0.0,0.0,144150.0,73.66000091,538.4800194,144.7799952,756.9200154,2,5,"Hot Mixed, Hot Laid AC, Dense Graded",Soil-Aggregate Mixture (Predominantly Coarse-Grained),Coarse-Grained Soil: Silty Sand,0,,28.7,Very Poor,rutting (H),8.0,,,,1,76.5,-47.8,734.0,2.0095824777549622,27.8,907.0,2.4832306639288158,test
12-4105-1,12-4105,12-4105-1-0,12,Florida,4105,1,4/10/1991,1991,1,ACUB,Asphalt concrete over unbound base/subgrade,Urban Other Principal Arterial,North,1,General Pavement Studies,Asphalt Concrete on Unbound Granular Base,4.755646817,729809.0,,1497.71,1328.39,365.0,20.10000038,0.0,4.0,136307.7,58.4200003,256.5400097,337.8200048,652.7800148,2,5,"Hot Mixed, Hot Laid AC, Dense Graded","Limerock, Caliche",Coarse-Grained Soils: Poorly Graded Sand,0,,80.2,Satisfactory,raveling_weathering (M),,,,,0,,,,,80.0,521.0,1.4264202600958247,train
12-4106-1,12-4106,12-4106-1-0,12,Florida,4106,1,18/7/1991,1991,1,ACUB,Asphalt concrete over unbound base/subgrade,Rural Principal Arterial - Interstate,North,1,General Pavement Studies,Asphalt Concrete on Unbound Granular Base,3.630390144,1508024.0,,1473.42,1333.63,365.0,23.79999924,0.0,0.0,140776.2,208.2800027,251.4599903,350.5200048,810.2599979,2,5,"Hot Mixed, Hot Laid AC, Dense Graded",Soil-Aggregate Mixture (Predominantly Coarse-Grained),Coarse-Grained Soils: Poorly Graded Sand,0,,65.0,Fair,rutting (M),6.0,,,,0,,,,,48.6,2010.0,5.503080082135524,test
12-4106-1,12-4106,12-4106-1-0,12,Florida,4106,1,17/1/1997,1997,2,ACUB,Asphalt concrete over unbound base/subgrade,Rural Principal Arterial - Interstate,North,1,General Pavement Studies,Asphalt Concrete on Unbound Granular Base,9.133470226,3298265.0,1790241.0,1368.9,1287.05,365.0,23.79999924,0.0,0.0,144409.5,208.2800027,251.4599903,350.5200048,810.2599979,2,5,"Hot Mixed, Hot Laid AC, Dense Graded",Soil-Aggregate Mixture (Predominantly Coarse-Grained),Coarse-Grained Soils: Poorly Graded Sand,0,,48.6,Poor,rutting (M),7.0,,,,1,65.0,-16.4,2010.0,5.503080082135524,24.1,907.0,2.4832306639288158,test
12-4106-1,12-4106,12-4106-1-0,12,Florida,4106,1,13/7/1999,1999,3,ACUB,Asphalt concrete over unbound base/subgrade,Rural Principal Arterial - Interstate,North,1,General Pavement Studies,Asphalt Concrete on Unbound Granular Base,11.61670089,4131009.0,832744.0,1686.98,1356.78,365.0,23.39999962,0.0,0.0,151044.7,208.2800027,251.4599903,350.5200048,810.2599979,2,5,"Hot Mixed, Hot Laid AC, Dense Graded",Soil-Aggregate Mixture (Predominantly Coarse-Grained),Coarse-Grained Soils: Poorly Graded Sand,0,,24.1,Serious,rutting (H),8.0,,,,2,48.6,-24.5,907.0,2.4832306639288158,10.5,1036.0,2.836413415468857,test
12-4107-1,12-4107,12-4107-1-0,12,Florida,4107,1,18/7/1991,1991,1,ACUB,Asphalt concrete over unbound base/subgrade,Rural Principal Arterial - Other,West,1,General Pavement Studies,Asphalt Concrete on Unbound Granular Base,4.542094456,1063748.0,,1480.03,1388.13,365.0,23.10000038,0.0,0.0,139524.4,68.57999818,304.8,0.0,373.3799982,2,4,"Hot Mixed, Hot Laid AC, Dense Graded",Soil-Aggregate Mixture (Predominantly Coarse-Grained),Coarse-Grained Soils: Poorly Graded Sand with Silt,0,,58.7,Fair,rutting (M),5.0,,,,0,,,,,65.9,602.0,1.648186173853525,test
12-4107-1,12-4107,12-4107-1-0,12,Florida,4107,1,11/3/1993,1993,2,ACUB,Asphalt concrete over unbound base/subgrade,Rural Principal Arterial - Other,West,1,General Pavement Studies,Asphalt Concrete on Unbound Granular Base,6.19028063,1219739.0,155991.0,1163.86,1379.2,365.0,22.5,0.0,0.0,146031.7,68.57999818,304.8,0.0,373.3799982,2,4,"Hot Mixed, Hot Laid AC, Dense Graded",Soil-Aggregate Mixture (Predominantly Coarse-Grained),Coarse-Grained Soils: Poorly Graded Sand with Silt,0,,65.9,Fair,alligator_cracking (M),,,,,1,58.7,7.200000000000003,602.0,1.648186173853525,0.0,1481.0,4.054757015742642,test
12-4108-1,12-4108,12-4108-1-0,12,Florida,4108,1,3/10/1991,1991,1,ACTB,Asphalt concrete over cement/lime treated base/subgrade,Rural Minor Arterial,West,1,General Pavement Studies,Asphalt Concrete on Bound Base,4.752908966,307816.0,,1590.56,1322.59,365.0,19.70000076,0.0,2.0,131218.7,99.06000242,152.4,327.6599903,579.1199927,2,5,"Hot Mixed, Hot Laid AC, Dense Graded",HMAC,Coarse-Grained Soils: Poorly Graded Sand,0,,100.0,Good,,,,,,0,,,,,29.6,1062.0,2.9075975359342916,train
12-4154-2,12-4154,12-4154-2-0,12,Florida,4154,2,17/8/1990,1990,1,ACUB,Asphalt concrete over unbound base/subgrade,Rural Minor Arterial,East,1,General Pavement Studies,Asphalt Concrete on Unbound Granular Base,1.171800137,348833.0,,762.04,1011.33,365.0,22.89999962,0.0,0.0,151481.0,30.48000121,220.9799952,0.0,251.4599964,1,3,"Hot Mixed, Hot Laid AC, Dense Graded","Other (Specify, if Possible)",Coarse-Grained Soils: Poorly Graded Sand with Silt,0,,34.7,Very Poor,alligator_cracking (M),,2.006199956,1.168200016,1.587199998,0,,,,,33.3,94.0,0.25735797399041754,train
12-9054-1,12-9054,12-9054-1-0,12,Florida,9054,1,13/8/1990,1990,1,ACUB,Asphalt concrete over unbound base/subgrade,Rural Principal Arterial - Other,West,1,General Pavement Studies,Asphalt Concrete on Unbound Granular Base,3.613963039,1013493.0,,886.13,891.25,365.0,21.60000038,0.0,1.0,153467.9,63.5,251.4599903,304.8,619.7599903,1,4,"Hot Mixed, Hot Laid AC, Dense Graded","Limerock, Caliche",Coarse-Grained Soils: Poorly Graded Sand,0,,35.5,Very Poor,rutting (H),15.0,0.798599994,1.09460001,0.946599996,0,,,,,35.5,99.0,0.27104722792607805,train
12-9054-1,12-9054,12-9054-1-0,12,Florida,9054,1,20/11/1990,1990,2,ACUB,Asphalt concrete over unbound base/subgrade,Rural Principal Arterial - Other,West,1,General Pavement Studies,Asphalt Concrete on Unbound Granular Base,3.885010267,1013493.0,0.0,886.13,891.25,365.0,21.60000038,0.0,1.0,153467.9,63.5,251.4599903,304.8,619.7599903,1,4,"Hot Mixed, Hot Laid AC, Dense Graded","Limerock, Caliche",Coarse-Grained Soils: Poorly Graded Sand,0,,35.5,Very Poor,rutting (H),15.0,0.798599994,1.09460001,0.946599996,1,35.5,0.0,99.0,0.27104722792607805,88.8,318.0,0.8706365503080082,train
12-9054-1,12-9054,12-9054-1-0,12,Florida,9054,1,4/10/1991,1991,3,ACUB,Asphalt concrete over unbound base/subgrade,Rural Principal Arterial - Other,West,1,General Pavement Studies,Asphalt Concrete on Unbound Granular Base,4.755646817,1162948.0,149455.0,1497.71,1328.39,365.0,20.10000038,0.0,4.0,136307.7,63.5,251.4599903,304.8,619.7599903,1,4,"Hot Mixed, Hot Laid AC, Dense Graded","Limerock, Caliche",Coarse-Grained Soils: Poorly Graded Sand,0,,88.8,Good,long_trans_cracking (L),,0.852200007,1.135400009,0.993799996,2,35.5,53.3,318.0,0.8706365503080082,88.7,521.0,1.4264202600958247,train
12-9054-1,12-9054,12-9054-1-0,12,Florida,9054,1,8/3/1993,1993,4,ACUB,Asphalt concrete over unbound base/subgrade,Rural Principal Arterial - Other,West,1,General Pavement Studies,Asphalt Concrete on Unbound Granular Base,6.182067077,1458028.0,295080.0,1501.26,1043.8,365.0,20.0,0.0,9.0,147055.9,63.5,251.4599903,304.8,619.7599903,1,4,"Hot Mixed, Hot Laid AC, Dense Graded","Limerock, Caliche",Coarse-Grained Soils: Poorly Graded Sand,0,,88.7,Good,long_trans_cracking (L),,,,,3,88.8,-0.09999999999999432,521.0,1.4264202600958247,87.7,886.0,2.425735797399042,train
12-9054-1,12-9054,12-9054-1-0,12,Florida,9054,1,11/8/1995,1995,5,ACUB,Asphalt concrete over unbound base/subgrade,Rural Principal Arterial - Other,West,1,General Pavement Studies,Asphalt Concrete on Unbound Granular Base,8.607802875,1802600.0,344572.0,1451.85,1271.23,365.0,19.79999924,0.0,21.0,148719.9,63.5,251.4599903,304.8,619.7599903,1,4,"Hot Mixed, Hot Laid AC, Dense Graded","Limerock, Caliche",Coarse-Grained Soils: Poorly Graded Sand,0,,87.7,Good,long_trans_cracking (L),,,,,4,88.7,-1.0,886.0,2.425735797399042,33.4,404.0,1.106091718001369,train
13-1001-2,13-1001,13-1001-2-0,13,Georgia,1001,2,24/2/1992,1992,1,ACUB,Asphalt concrete over unbound base/subgrade,Rural Major Collector,West,1,General Pavement Studies,Asphalt Concrete on Unbound Granular Base,0.6954141,219479.0,,1725.89,1131.73,366.0,15.0,6.0,52.0,144577.3,205.7399976,218.4400097,0.0,424.1800073,3,5,"Hot Mixed, Hot Laid AC, Dense Graded",Crushed Gravel,Fine-Grained Soils: Sandy Silt,0,,55.8,Fair,rutting (M),6.0,0.711600006,0.9278,0.819599998,0,,,,,68.6,974.0,2.6666666666666665,train
13-1001-2,13-1001,13-1001-2-0,13,Georgia,1001,2,25/10/1994,1994,2,ACUB,Asphalt concrete over unbound base/subgrade,Rural Major Collector,West,1,General Pavement Studies,Asphalt Concrete on Unbound Granular Base,3.362080767,470578.0,251099.0,1805.68,1263.41,365.0,15.10000038,34.0,43.0,146799.4,205.7399976,218.4400097,0.0,424.1800073,3,5,"Hot Mixed, Hot Laid AC, Dense Graded",Crushed Gravel,Fine-Grained Soils: Sandy Silt,0,,68.6,Fair,alligator_cracking (L),,0.669000006,1.022399986,0.845800006,1,55.8,12.799999999999997,974.0,2.6666666666666665,32.3,932.0,2.5516769336071183,train
13-1004-2,13-1004,13-1004-2-0,13,Georgia,1004,2,8/4/1991,1991,1,ACUB,Asphalt concrete over unbound base/subgrade,Rural Major Collector,West,1,General Pavement Studies,Asphalt Concrete on Unbound Granular Base,0.813141684,112884.0,,1500.39,1088.0,365.0,16.89999962,2.0,36.0,137703.0,172.7199988,193.0399976,0.0,365.7599964,3,5,"Hot Mixed, Hot Laid AC, Dense Graded",Soil-Aggregate Mixture (Predominantly Coarse-Grained),Fine-Grained Soils: Sandy Lean Clay,0,,74.9,Satisfactory,rutting (L),2.0,,,,0,,,,,72.2,1296.0,3.5482546201232035,test
13-1004-2,13-1004,13-1004-2-0,13,Georgia,1004,2,25/10/1994,1994,2,ACUB,Asphalt concrete over unbound base/subgrade,Rural Major Collector,West,1,General Pavement Studies,Asphalt Concrete on Unbound Granular Base,4.361396304,275614.0,162730.0,2142.88,1206.71,365.0,16.20000076,18.0,34.0,144818.1,172.7199988,193.0399976,0.0,365.7599964,3,5,"Hot Mixed, Hot Laid AC, Dense Graded",Soil-Aggregate Mixture (Predominantly Coarse-Grained),Fine-Grained Soils: Sandy Lean Clay,0,,72.2,Satisfactory,alligator_cracking (L),,0.669800007,0.886800015,0.778199995,1,74.9,-2.700000000000003,1296.0,3.5482546201232035,70.6,931.0,2.5489390828199863,test
13-1005-2,13-1005,13-1005-2-0,13,Georgia,1005,2,8/4/1991,1991,1,ACUB,Asphalt concrete over unbound base/subgrade,Rural Major Collector,East,1,General Pavement Studies,Asphalt Concrete on Unbound Granular Base,0.813141684,88723.0,,1391.55,1106.35,365.0,17.70000076,1.0,28.0,139010.5,193.0400006,223.5200048,0.0,416.5600055,3,5,"Hot Mixed, Hot Laid AC, Dense Graded",Soil-Aggregate Mixture (Predominantly Coarse-Grained),Coarse-Grained Soil: Clayey Sand,0,,84.8,Satisfactory,rutting (L),3.0,,,,0,,,,,59.4,470.0,1.2867898699520877,test
13-1005-2,13-1005,13-1005-2-0,13,Georgia,1005,2,21/7/1992,1992,2,ACUB,Asphalt concrete over unbound base/subgrade,Rural Major Collector,East,1,General Pavement Studies,Asphalt Concrete on Unbound Granular Base,2.099931554,178406.0,89683.0,1529.3,1095.39,366.0,17.0,1.0,29.0,144459.7,193.0400006,223.5200048,0.0,416.5600055,3,5,"Hot Mixed, Hot Laid AC, Dense Graded",Soil-Aggregate Mixture (Predominantly Coarse-Grained),Coarse-Grained Soil: Clayey Sand,0,,59.4,Fair,rutting (M),4.0,0.934200001,1.057200003,0.995799994,1,84.8,-25.4,470.0,1.2867898699520877,89.6,168.0,0.459958932238193,test
13-1005-2,13-1005,13-1005-2-0,13,Georgia,1005,2,5/1/1993,1993,3,ACUB,Asphalt concrete over unbound base/subgrade,Rural Major Collector,East,1,General Pavement Studies,Asphalt Concrete on Unbound Granular Base,2.559890486,281663.0,103257.0,1161.49,987.78,365.0,17.39999962,1.0,35.0,152958.2,193.0400006,223.5200048,0.0,416.5600055,3,5,"Hot Mixed, Hot Laid AC, Dense Graded",Soil-Aggregate Mixture (Predominantly Coarse-Grained),Coarse-Grained Soil: Clayey Sand,0,,89.6,Good,long_trans_cracking (L),,0.9472,1.1102,1.028799987,2,59.4,30.199999999999996,168.0,0.459958932238193,88.1,659.0,1.8042436687200547,test
13-1005-2,13-1005,13-1005-2-0,13,Georgia,1005,2,26/10/1994,1994,4,ACUB,Asphalt concrete over unbound base/subgrade,Rural Major Collector,East,1,General Pavement Studies,Asphalt Concrete on Unbound Granular Base,4.364134155,394056.0,112393.0,1917.29,1241.9,365.0,17.10000038,9.0,30.0,145865.1,193.0400006,223.5200048,0.0,416.5600055,3,5,"Hot Mixed, Hot Laid AC, Dense Graded",Soil-Aggregate Mixture (Predominantly Coarse-Grained),Coarse-Grained Soil: Clayey Sand,0,,88.1,Good,long_trans_cracking (L),,0.906399989,1.108399987,1.007400024,3,89.6,-1.5,659.0,1.8042436687200547,75.8,286.0,0.783025325119781,test
13-1005-2,13-1005,13-1005-2-0,13,Georgia,1005,2,8/8/1995,1995,5,ACUB,Asphalt concrete over unbound base/subgrade,Rural Major Collector,East,1,General Pavement Studies,Asphalt Concrete on Unbound Granular Base,5.14715948,501785.0,107729.0,1350.08,1004.06,365.0,17.79999924,7.0,52.0,152037.2,193.0400006,223.5200048,0.0,416.5600055,3,5,"Hot Mixed, Hot Laid AC, Dense Graded",Soil-Aggregate Mixture (Predominantly Coarse-Grained),Coarse-Grained Soil: Clayey Sand,0,,75.8,Satisfactory,rutting (L),3.0,0.984200001,0.988200009,0.98599999,4,88.1,-12.299999999999997,286.0,0.783025325119781,75.7,259.0,0.7091033538672142,test
13-1005-2,13-1005,13-1005-2-0,13,Georgia,1005,2,23/4/1996,1996,6,ACUB,Asphalt concrete over unbound base/subgrade,Rural Major Collector,East,1,General Pavement Studies,Asphalt Concrete on Unbound Granular Base,5.856262834,612071.0,110286.0,1219.1,1021.83,366.0,17.20000076,18.0,50.0,154639.5,193.0400006,223.5200048,0.0,416.5600055,3,5,"Hot Mixed, Hot Laid AC, Dense Graded",Soil-Aggregate Mixture (Predominantly Coarse-Grained),Coarse-Grained Soil: Clayey Sand,0,,75.7,Satisfactory,rutting (L),3.0,0.964999998,1.292399979,1.128799987,5,75.8,-0.09999999999999432,259.0,0.7091033538672142,74.4,179.0,0.49007529089664614,test
13-1005-2,13-1005,13-1005-2-0,13,Georgia,1005,2,19/10/1996,1996,7,ACUB,Asphalt concrete over unbound base/subgrade,Rural Major Collector,East,1,General Pavement Studies,Asphalt Concrete on Unbound Granular Base,6.346338125,612071.0,0.0,1219.1,1021.83,366.0,17.20000076,18.0,50.0,154639.5,193.0400006,223.5200048,0.0,416.5600055,3,5,"Hot Mixed, Hot Laid AC, Dense Graded",Soil-Aggregate Mixture (Predominantly Coarse-Grained),Coarse-Grained Soil: Clayey Sand,0,,74.4,Satisfactory,rutting (L),3.0,1.01639998,1.016800022,1.016600013,6,75.7,-1.2999999999999972,179.0,0.49007529089664614,73.0,362.0,0.9911019849418207,test
13-1005-2,13-1005,13-1005-2-0,13,Georgia,1005,2,16/10/1997,1997,8,ACUB,Asphalt concrete over unbound base/subgrade,Rural Major Collector,East,1,General Pavement Studies,Asphalt Concrete on Unbound Granular Base,7.33744011,710564.0,98493.0,1283.8,1028.36,365.0,17.5,4.0,30.0,148699.2,193.0400006,223.5200048,0.0,416.5600055,3,5,"Hot Mixed, Hot Laid AC, Dense Graded",Soil-Aggregate Mixture (Predominantly Coarse-Grained),Coarse-Grained Soil: Clayey Sand,0,,73.0,Satisfactory,rutting (L),3.0,1.028999996,1.01639998,1.022600007,7,74.4,-1.4000000000000057,362.0,0.9911019849418207,71.4,190.0,0.5201916495550992,test
13-1005-2,13-1005,13-1005-2-0,13,Georgia,1005,2,24/4/1998,1998,9,ACUB,Asphalt concrete over unbound base/subgrade,Rural Major Collector,East,1,General Pavement Studies,Asphalt Concrete on Unbound Granular Base,7.857631759,818293.0,107729.0,1482.79,1156.58,365.0,18.60000038,0.0,21.0,154228.0,193.0400006,223.5200048,0.0,416.5600055,3,5,"Hot Mixed, Hot Laid AC, Dense Graded",Soil-Aggregate Mixture (Predominantly Coarse-Grained),Coarse-Grained Soil: Clayey Sand,0,,71.4,Satisfactory,rutting (L),3.0,1.036400008,1.007999992,1.021800017,8,73.0,-1.5999999999999943,190.0,0.5201916495550992,63.6,208.0,0.5694729637234771,test
13-1005-2,13-1005,13-1005-2-0,13,Georgia,1005,2,18/11/1998,1998,10,ACUB,Asphalt concrete over unbound base/subgrade,Rural Major Collector,East,1,General Pavement Studies,Asphalt Concrete on Unbound Granular Base,8.427104723,818293.0,0.0,1482.79,1156.58,365.0,18.60000038,0.0,21.0,154228.0,193.0400006,223.5200048,0.0,416.5600055,3,5,"Hot Mixed, Hot Laid AC, Dense Graded",Soil-Aggregate Mixture (Predominantly Coarse-Grained),Coarse-Grained Soil: Clayey Sand,0,,63.6,Fair,long_trans_cracking (M),3.0,1.065400004,1.020800006,1.043399978,9,71.4,-7.800000000000004,208.0,0.5694729637234771,62.2,118.0,0.32306639288158795,test
13-1031-1,13-1031,13-1031-1-0,13,Georgia,1031,1,12/4/1991,1991,1,ACUB,Asphalt concrete over unbound base/subgrade,Rural Principal Arterial - Other,South,1,General Pavement Studies,Asphalt Concrete on Unbound Granular Base,4.27652293,398898.0,,1318.51,1175.97,365.0,14.60000038,16.0,63.0,137269.6,284.4799982,223.5200048,0.0,508.000003,3,5,"Hot Mixed, Hot Laid AC, Dense Graded",Fine-Grained Soils,Coarse-Grained Soil: Silty Sand,0,,39.9,Very Poor,rutting (H),12.0,,,,0,,,,,38.9,458.0,1.2539356605065024,train
13-1031-1,13-1031,13-1031-1-0,13,Georgia,1031,1,13/7/1992,1992,2,ACUB,Asphalt concrete over unbound base/subgrade,Rural Principal Arterial - Other,South,1,General Pavement Studies,Asphalt Concrete on Unbound Granular Base,5.53045859,434365.0,35467.0,1893.09,1172.03,366.0,13.69999981,12.0,71.0,143811.8,284.4799982,223.5200048,0.0,508.000003,3,5,"Hot Mixed, Hot Laid AC, Dense Graded",Fine-Grained Soils,Coarse-Grained Soil: Silty Sand,0,,38.9,Very Poor,rutting (H),11.0,0.908800006,0.827399993,0.867999995,1,39.9,-1.0,458.0,1.2539356605065024,99.0,183.0,0.5010266940451745,train
13-1031-1,13-1031,13-1031-1-0,13,Georgia,1031,1,12/1/1993,1993,3,ACUB,Asphalt concrete over unbound base/subgrade,Rural Principal Arterial - Other,South,1,General Pavement Studies,Asphalt Concrete on Unbound Granular Base,6.031485284,467122.0,32757.0,1267.36,981.86,365.0,14.30000019,35.0,74.0,148742.8,284.4799982,223.5200048,0.0,508.000003,3,5,"Hot Mixed, Hot Laid AC, Dense Graded",Fine-Grained Soils,Coarse-Grained Soil: Silty Sand,0,,99.0,Good,long_trans_cracking (L),,0.880000007,0.886199987,0.883000004,2,38.9,60.1,183.0,0.5010266940451745,88.4,650.0,1.7796030116358659,train
13-1031-3,13-1031,13-1031-3-0,13,Georgia,1031,3,15/10/1997,1997,1,ACUB,Asphalt concrete over unbound base/subgrade,Rural Principal Arterial - Other,South,1,General Pavement Studies,Asphalt Concrete on Unbound Granular Base,0.375085558,39653.0,,1310.43,1144.68,365.0,14.10000038,31.0,63.0,150988.4,287.0199958,223.5200048,0.0,510.5400006,4,6,"Hot Mixed, Hot Laid AC, Dense Graded",Fine-Grained Soils,Coarse-Grained Soil: Silty Sand,0,,85.0,Good,rutting (L),3.0,0.541600001,0.753000009,0.647200012,0,,,,,85.0,196.0,0.5366187542778919,train
13-1031-3,13-1031,13-1031-3-0,13,Georgia,1031,3,29/4/1998,1998,2,ACUB,Asphalt concrete over unbound base/subgrade,Rural Principal Arterial - Other,South,1,General Pavement Studies,Asphalt Concrete on Unbound Granular Base,0.911704312,134110.0,94457.0,1314.08,1095.57,365.0,15.69999981,4.0,45.0,153697.4,287.0199958,223.5200048,0.0,510.5400006,4,6,"Hot Mixed, Hot Laid AC, Dense Graded",Fine-Grained Soils,Coarse-Grained Soil: Silty Sand,0,,85.0,Good,rutting (L),3.0,0.490000004,0.537400007,0.513599992,1,85.0,0.0,196.0,0.5366187542778919,100.0,205.0,0.5612594113620808,train
13-1031-3,13-1031,13-1031-3-0,13,Georgia,1031,3,20/11/1998,1998,3,ACUB,Asphalt concrete over unbound base/subgrade,Rural Principal Arterial - Other,South,1,General Pavement Studies,Asphalt Concrete on Unbound Granular Base,1.472963723,134110.0,0.0,1314.08,1095.57,365.0,15.69999981,4.0,45.0,153697.4,287.0199958,223.5200048,0.0,510.5400006,4,6,"Hot Mixed, Hot Laid AC, Dense Graded",Fine-Grained Soils,Coarse-Grained Soil: Silty Sand,0,,100.0,Good,,,0.498200005,0.657800007,0.578000009,2,85.0,15.0,205.0,0.5612594113620808,85.0,510.0,1.3963039014373717,train
13-1031-3,13-1031,13-1031-3-0,13,Georgia,1031,3,13/4/2000,2000,4,ACUB,Asphalt concrete over unbound base/subgrade,Rural Principal Arterial - Other,South,1,General Pavement Studies,Asphalt Concrete on Unbound Granular Base,2.869267625,356326.0,222216.0,1035.8,941.41,366.0,14.60000038,74.0,68.0,158026.2,287.0199958,223.5200048,0.0,510.5400006,4,6,"Hot Mixed, Hot Laid AC, Dense Graded",Fine-Grained Soils,Coarse-Grained Soil: Silty Sand,0,,85.0,Good,rutting (L),3.0,0.463799995,0.490200001,0.477200007,3,100.0,-15.0,510.0,1.3963039014373717,85.0,196.0,0.5366187542778919,train
13-1031-3,13-1031,13-1031-3-0,13,Georgia,1031,3,26/10/2000,2000,5,ACUB,Asphalt concrete over unbound base/subgrade,Rural Principal Arterial - Other,South,1,General Pavement Studies,Asphalt Concrete on Unbound Granular Base,3.405886379,356326.0,0.0,1035.8,941.41,366.0,14.60000038,74.0,68.0,158026.2,287.0199958,223.5200048,0.0,510.5400006,4,6,"Hot Mixed, Hot Laid AC, Dense Graded",Fine-Grained Soils,Coarse-Grained Soil: Silty Sand,0,,85.0,Good,rutting (L),3.0,0.477799994,0.521599996,0.499999994,4,85.0,0.0,196.0,0.5366187542778919,77.2,405.0,1.108829568788501,train
13-1031-3,13-1031,13-1031-3-0,13,Georgia,1031,3,5/12/2001,2001,6,ACUB,Asphalt concrete over unbound base/subgrade,Rural Principal Arterial - Other,South,1,General Pavement Studies,Asphalt Concrete on Unbound Granular Base,4.514715948,483427.0,127101.0,1062.04,1031.82,365.0,14.80000019,13.0,58.0,155567.1,287.0199958,223.5200048,0.0,510.5400006,4,6,"Hot Mixed, Hot Laid AC, Dense Graded",Fine-Grained Soils,Coarse-Grained Soil: Silty Sand,0,,77.2,Satisfactory,rutting (L),3.0,0.496399999,0.522799993,0.509599996,5,85.0,-7.799999999999997,405.0,1.108829568788501,57.8,854.0,2.3381245722108144,train
13-4092-2,13-4092,13-4092-2-0,13,Georgia,4092,2,9/4/1991,1991,1,ACATB,Asphalt concrete over asphalt treated base/subgrade,Rural Principal Arterial - Other,North,1,General Pavement Studies,Asphalt Concrete on Bound Base,0.736481862,148491.0,,1421.93,1192.87,365.0,18.79999924,1.0,17.0,138346.9,144.7800012,210.8200048,0.0,355.6000061,3,5,"Hot Mixed, Hot Laid AC, Dense Graded",Soil Cement,Coarse-Grained Soil: Clayey Sand,0,,85.0,Good,rutting (L),3.0,,,,0,,,,,88.0,1297.0,3.5509924709103355,train
13-4092-2,13-4092,13-4092-2-0,13,Georgia,4092,2,27/10/1994,1994,2,ACATB,Asphalt concrete over asphalt treated base/subgrade,Rural Principal Arterial - Other,North,1,General Pavement Studies,Asphalt Concrete on Bound Base,4.287474333,695290.0,546799.0,1582.35,1308.65,365.0,18.5,1.0,19.0,144821.9,144.7800012,210.8200048,0.0,355.6000061,3,5,"Hot Mixed, Hot Laid AC, Dense Graded",Soil Cement,Coarse-Grained Soil: Clayey Sand,0,,88.0,Good,long_trans_cracking (L),,0.652199996,0.732800007,0.692399991,1,85.0,3.0,1297.0,3.5509924709103355,46.6,854.0,2.3381245722108144,train
13-4092-2,13-4092,13-4092-2-0,13,Georgia,4092,2,27/2/1997,1997,3,ACATB,Asphalt concrete over asphalt treated base/subgrade,Rural Principal Arterial - Other,North,1,General Pavement Studies,Asphalt Concrete on Bound Base,6.625598905,1100917.0,405627.0,1315.14,1151.08,365.0,18.79999924,2.0,19.0,148735.5,144.7800012,210.8200048,0.0,355.6000061,3,5,"Hot Mixed, Hot Laid AC, Dense Graded",Soil Cement,Coarse-Grained Soil: Clayey Sand,0,,46.6,Poor,rutting (M),5.0,,,,2,88.0,-41.4,854.0,2.3381245722108144,65.0,733.0,2.00684462696783,train
13-4092-2,13-4092,13-4092-2-0,13,Georgia,4092,2,2/3/1999,1999,4,ACATB,Asphalt concrete over asphalt treated base/subgrade,Rural Principal Arterial - Other,North,1,General Pavement Studies,Asphalt Concrete on Bound Base,8.632443532,1416919.0,316002.0,751.88,913.51,365.0,19.70000076,3.0,19.0,160274.2,144.7800012,210.8200048,0.0,355.6000061,3,5,"Hot Mixed, Hot Laid AC, Dense Graded",Soil Cement,Coarse-Grained Soil: Clayey Sand,0,,65.0,Fair,long_trans_cracking (M),2.0,0.703399992,0.838999999,0.771000004,3,46.6,18.4,733.0,2.00684462696783,62.4,1085.0,2.97056810403833,train
13-4092-2,13-4092,13-4092-2-0,13,Georgia,4092,2,19/2/2002,2002,5,ACATB,Asphalt concrete over asphalt treated base/subgrade,Rural Principal Arterial - Other,North,1,General Pavement Studies,Asphalt Concrete on Bound Base,11.60301164,2055161.0,638242.0,1242.94,980.94,365.0,19.60000038,0.0,24.0,153185.8,144.7800012,210.8200048,0.0,355.6000061,3,5,"Hot Mixed, Hot Laid AC, Dense Graded",Soil Cement,Coarse-Grained Soil: Clayey Sand,0,,62.4,Fair,long_trans_cracking (M),2.0,,,,4,65.0,-2.6000000000000014,1085.0,2.97056810403833,62.1,206.0,0.5639972621492129,train
13-4093-2,13-4093,13-4093-2-0,13,Georgia,4093,2,9/4/1991,1991,1,ACATB,Asphalt concrete over asphalt treated base/subgrade,Rural Principal Arterial - Other,North,1,General Pavement Studies,Asphalt Concrete on Bound Base,0.736481862,148491.0,,1460.12,1198.47,365.0,18.89999962,0.0,15.0,138328.0,147.3199988,198.1200048,0.0,345.4400036,3,5,"Hot Mixed, Hot Laid AC, Dense Graded",Soil Cement,Coarse-Grained Soil: Clayey Sand,0,,64.4,Fair,rutting (M),4.0,,,,0,,,,,88.6,1296.0,3.5482546201232035,train
13-4093-2,13-4093,13-4093-2-0,13,Georgia,4093,2,26/10/1994,1994,2,ACATB,Asphalt concrete over asphalt treated base/subgrade,Rural Principal Arterial - Other,North,1,General Pavement Studies,Asphalt Concrete on Bound Base,4.284736482,603322.0,454831.0,1665.52,1319.94,365.0,18.39999962,1.0,19.0,144379.0,147.3199988,198.1200048,0.0,345.4400036,3,5,"Hot Mixed, Hot Laid AC, Dense Graded",Soil Cement,Coarse-Grained Soil: Clayey Sand,0,,88.6,Good,long_trans_cracking (L),,0.656599998,0.784200001,0.720000005,1,64.4,24.19999999999999,1296.0,3.5482546201232035,57.9,855.0,2.3408624229979464,train
13-4093-2,13-4093,13-4093-2-0,13,Georgia,4093,2,27/2/1997,1997,3,ACATB,Asphalt concrete over asphalt treated base/subgrade,Rural Principal Arterial - Other,North,1,General Pavement Studies,Asphalt Concrete on Bound Base,6.625598905,976359.0,373037.0,1228.8,1163.44,365.0,18.79999924,2.0,20.0,147707.2,147.3199988,198.1200048,0.0,345.4400036,3,5,"Hot Mixed, Hot Laid AC, Dense Graded",Soil Cement,Coarse-Grained Soil: Clayey Sand,0,,57.9,Fair,rutting (M),5.0,,,,2,88.6,-30.699999999999996,855.0,2.3408624229979464,65.3,733.0,2.00684462696783,train
13-4093-2,13-4093,13-4093-2-0,13,Georgia,4093,2,2/3/1999,1999,4,ACATB,Asphalt concrete over asphalt treated base/subgrade,Rural Principal Arterial - Other,North,1,General Pavement Studies,Asphalt Concrete on Bound Base,8.632443532,1262261.0,285902.0,803.91,863.66,365.0,19.79999924,4.0,19.0,159641.0,147.3199988,198.1200048,0.0,345.4400036,3,5,"Hot Mixed, Hot Laid AC, Dense Graded",Soil Cement,Coarse-Grained Soil: Clayey Sand,0,,65.3,Fair,long_trans_cracking (M),3.0,0.804399991,0.951799989,0.878000009,3,57.9,7.399999999999999,733.0,2.00684462696783,45.6,1085.0,2.97056810403833,train
13-4093-2,13-4093,13-4093-2-0,13,Georgia,4093,2,19/2/2002,2002,5,ACATB,Asphalt concrete over asphalt treated base/subgrade,Rural Principal Arterial - Other,North,1,General Pavement Studies,Asphalt Concrete on Bound Base,11.60301164,1804785.0,542524.0,1198.07,996.65,365.0,19.60000038,0.0,23.0,153970.7,147.3199988,198.1200048,0.0,345.4400036,3,5,"Hot Mixed, Hot Laid AC, Dense Graded",Soil Cement,Coarse-Grained Soil: Clayey Sand,0,,45.6,Poor,rutting (M),4.0,,,,4,65.3,-19.699999999999996,1085.0,2.97056810403833,45.7,227.0,0.621492128678987,train
13-4096-1,13-4096,13-4096-1-0,13,Georgia,4096,1,9/4/1991,1991,1,ACATB,Asphalt concrete over asphalt treated base/subgrade,Rural Minor Collector,West,1,General Pavement Studies,Asphalt Concrete on Bound Base,4.268309377,102008.0,,1443.85,1138.23,365.0,18.39999962,0.0,22.0,137082.3,104.1399976,160.0200048,0.0,264.1600024,2,4,"Hot Mixed, Hot Laid AC, Dense Graded",Soil Cement,Coarse-Grained Soil: Clayey Sand,0,,84.7,Satisfactory,rutting (L),3.0,,,,0,,,,,99.1,1296.0,3.5482546201232035,train
13-4096-1,13-4096,13-4096-1-0,13,Georgia,4096,1,26/10/1994,1994,2,ACATB,Asphalt concrete over asphalt treated base/subgrade,Rural Minor Collector,West,1,General Pavement Studies,Asphalt Concrete on Bound Base,7.816563997,413020.0,311012.0,1880.73,1276.47,365.0,17.89999962,2.0,24.0,144109.5,104.1399976,160.0200048,0.0,264.1600024,2,4,"Hot Mixed, Hot Laid AC, Dense Graded",Soil Cement,Coarse-Grained Soil: Clayey Sand,0,,99.1,Good,long_trans_cracking (L),,0.799800003,1.001799989,0.900600004,1,84.7,14.399999999999991,1296.0,3.5482546201232035,98.0,856.0,2.3436002737850785,train
13-4096-1,13-4096,13-4096-1-0,13,Georgia,4096,1,28/2/1997,1997,3,ACATB,Asphalt concrete over asphalt treated base/subgrade,Rural Minor Collector,West,1,General Pavement Studies,Asphalt Concrete on Bound Base,10.16016427,495207.0,82187.0,1336.43,1096.12,365.0,18.20000076,2.0,24.0,145776.0,104.1399976,160.0200048,0.0,264.1600024,2,4,"Hot Mixed, Hot Laid AC, Dense Graded",Soil Cement,Coarse-Grained Soil: Clayey Sand,0,,98.0,Good,long_trans_cracking (M),,,,,2,99.1,-1.0999999999999943,856.0,2.3436002737850785,97.4,732.0,2.004106776180698,train
13-4112-2,13-4112,13-4112-2-0,13,Georgia,4112,2,9/4/1991,1991,1,ACTB,Asphalt concrete over cement/lime treated base/subgrade,Rural Principal Arterial - Interstate,South,1,General Pavement Studies,Asphalt Concrete on Bound Base,0.843258042,1926408.0,,1437.93,1277.3,365.0,19.70000076,0.0,9.0,137002.1,81.27999762,322.5799952,0.0,403.8599928,2,4,"Hot Mixed, Hot Laid AC, Dense Graded",HMAC,Coarse-Grained Soils: Poorly Graded Sand,1,308.0,58.2,Fair,rutting (M),6.0,,,,0,,,,,88.9,1297.0,3.5509924709103355,test
13-4112-2,13-4112,13-4112-2-0,13,Georgia,4112,2,27/10/1994,1994,2,ACTB,Asphalt concrete over cement/lime treated base/subgrade,Rural Principal Arterial - Interstate,South,1,General Pavement Studies,Asphalt Concrete on Bound Base,4.394250513,5670742.0,3744334.0,1488.28,1217.15,365.0,20.0,0.0,12.0,142335.4,81.27999762,322.5799952,0.0,403.8599928,2,4,"Hot Mixed, Hot Laid AC, Dense Graded",HMAC,Coarse-Grained Soils: Poorly Graded Sand,1,1605.0,88.9,Good,patching (L),,1.622399998,1.176799989,1.399600005,1,58.2,30.700000000000003,1297.0,3.5509924709103355,56.5,853.0,2.3353867214236823,test
13-4112-2,13-4112,13-4112-2-0,13,Georgia,4112,2,26/2/1997,1997,3,ACTB,Asphalt concrete over cement/lime treated base/subgrade,Rural Principal Arterial - Interstate,South,1,General Pavement Studies,Asphalt Concrete on Bound Base,6.729637235,9154674.0,3483932.0,1532.42,1065.79,365.0,19.89999962,0.0,8.0,146126.0,81.27999762,322.5799952,0.0,403.8599928,2,4,"Hot Mixed, Hot Laid AC, Dense Graded",HMAC,Coarse-Grained Soils: Poorly Graded Sand,1,2458.0,56.5,Fair,rutting (M),6.0,1.746399975,1.248199987,1.497399974,2,88.9,-32.400000000000006,853.0,2.3353867214236823,56.4,421.0,1.1526351813826146,test
13-4113-2,13-4113,13-4113-2-0,13,Georgia,4113,2,9/4/1991,1991,1,ACATB,Asphalt concrete over asphalt treated base/subgrade,Rural Principal Arterial - Interstate,South,1,General Pavement Studies,Asphalt Concrete on Bound Base,0.843258042,1949181.0,,1437.93,1277.3,365.0,19.70000076,0.0,9.0,137002.1,93.97999762,292.1,0.0,386.0799976,2,4,"Hot Mixed, Hot Laid AC, Dense Graded",Asphalt Treated Mixture,Coarse-Grained Soils: Poorly Graded Sand with Silt,1,308.0,59.8,Fair,rutting (M),5.0,,,,0,,,,,92.3,1297.0,3.5509924709103355,train
13-4113-2,13-4113,13-4113-2-0,13,Georgia,4113,2,27/10/1994,1994,2,ACATB,Asphalt concrete over asphalt treated base/subgrade,Rural Principal Arterial - Interstate,South,1,General Pavement Studies,Asphalt Concrete on Bound Base,4.394250513,5388563.0,3439382.0,1488.28,1217.15,365.0,20.0,0.0,12.0,142335.4,93.97999762,292.1,0.0,386.0799976,2,4,"Hot Mixed, Hot Laid AC, Dense Graded",Asphalt Treated Mixture,Coarse-Grained Soils: Poorly Graded Sand with Silt,1,1605.0,92.3,Good,patching (L),,0.826999998,1.233399987,1.030199981,1,59.8,32.5,1297.0,3.5509924709103355,57.3,853.0,2.3353867214236823,train
13-4113-2,13-4113,13-4113-2-0,13,Georgia,4113,2,26/2/1997,1997,3,ACATB,Asphalt concrete over asphalt treated base/subgrade,Rural Principal Arterial - Interstate,South,1,General Pavement Studies,Asphalt Concrete on Bound Base,6.729637235,8833541.0,3444978.0,1532.42,1065.79,365.0,19.89999962,0.0,8.0,146126.0,93.97999762,292.1,0.0,386.0799976,2,4,"Hot Mixed, Hot Laid AC, Dense Graded",Asphalt Treated Mixture,Coarse-Grained Soils: Poorly Graded Sand with Silt,1,2458.0,57.3,Fair,rutting (M),6.0,1.136599994,1.08900001,1.112800026,2,92.3,-35.0,853.0,2.3353867214236823,57.6,421.0,1.1526351813826146,train
13-4119-2,13-4119,13-4119-2-0,13,Georgia,4119,2,24/10/1994,1994,1,ACTB,Asphalt concrete over cement/lime treated base/subgrade,Rural Principal Arterial - Interstate,North,1,General Pavement Studies,Asphalt Concrete on Bound Base,1.396303901,2865768.0,,1777.32,1192.87,365.0,15.19999981,38.0,49.0,145120.9,66.03999909,350.5200048,416.5599903,833.1199942,2,5,"Hot Mixed, Hot Laid AC, Dense Graded",HMAC,Fine-Grained Soils: Sandy Silt,1,510.0,86.0,Good,raveling_weathering (M),,0.931399989,0.959800017,0.945400012,0,,,,,63.6,380.0,1.0403832991101984,train
13-4420-2,13-4420,13-4420-2-0,13,Georgia,4420,2,10/4/1991,1991,1,ACATB,Asphalt concrete over asphalt treated base/subgrade,Rural Principal Arterial - Other,North,1,General Pavement Studies,Asphalt Concrete on Bound Base,1.984941821,393952.0,,1399.49,1250.99,365.0,19.29999924,0.0,6.0,135724.2,116.8400036,200.6600024,0.0,317.5000061,2,4,"Hot Mixed, Hot Laid AC, Dense Graded",Soil Cement,Coarse-Grained Soil: Silty Sand,0,,32.2,Very Poor,rutting (H),8.0,,,,0,,,,,24.4,377.0,1.0321697467488022,test
15-1003-1,15-1003,15-1003-1-0,15,Hawaii,1003,1,20/2/1991,1991,1,ACUB,Asphalt concrete over unbound base/subgrade,Urban Other Principal Arterial,North,1,General Pavement Studies,Asphalt Concrete on Unbound Granular Base,2.721423682,297801.0,,336.24,1660.97,365.0,24.39999962,0.0,0.0,186199.5,116.8399976,261.6200048,345.4400097,723.9000121,2,5,"Hot Mixed, Hot Laid AC, Dense Graded",Crushed Stone,Fine-Grained Soils: Sandy Silt,0,,85.0,Good,rutting (L),2.0,2.552999973,2.476999998,2.515000105,0,,,,,85.0,714.0,1.9548254620123204,train
15-1003-1,15-1003,15-1003-1-0,15,Hawaii,1003,1,3/2/1993,1993,2,ACUB,Asphalt concrete over unbound base/subgrade,Urban Other Principal Arterial,North,1,General Pavement Studies,Asphalt Concrete on Unbound Granular Base,4.676249144,414379.0,116578.0,249.1,1762.37,365.0,24.29999924,0.0,0.0,192766.6,116.8399976,261.6200048,345.4400097,723.9000121,2,5,"Hot Mixed, Hot Laid AC, Dense Graded",Crushed Stone,Fine-Grained Soils: Sandy Silt,0,,85.0,Good,rutting (L),3.0,2.420000076,2.461999893,2.440999985,1,85.0,0.0,714.0,1.9548254620123204,85.0,778.0,2.130047912388775,train
15-1003-1,15-1003,15-1003-1-0,15,Hawaii,1003,1,23/3/1995,1995,3,ACUB,Asphalt concrete over unbound base/subgrade,Urban Other Principal Arterial,North,1,General Pavement Studies,Asphalt Concrete on Unbound Granular Base,6.806297057,520389.0,106010.0,361.51,1523.41,365.0,24.70000076,0.0,0.0,193758.9,116.8399976,261.6200048,345.4400097,723.9000121,2,5,"Hot Mixed, Hot Laid AC, Dense Graded",Crushed Stone,Fine-Grained Soils: Sandy Silt,0,,85.0,Good,rutting (L),3.0,2.336999893,2.471999884,2.404000044,2,85.0,0.0,778.0,2.130047912388775,85.0,700.0,1.9164955509924708,train
15-1003-1,15-1003,15-1003-1-0,15,Hawaii,1003,1,20/2/1997,1997,4,ACUB,Asphalt concrete over unbound base/subgrade,Urban Other Principal Arterial,North,1,General Pavement Studies,Asphalt Concrete on Unbound Granular Base,8.722792608,614440.0,94051.0,506.58,1701.9,365.0,24.79999924,0.0,0.0,195753.4,116.8399976,261.6200048,345.4400097,723.9000121,2,5,"Hot Mixed, Hot Laid AC, Dense Graded",Crushed Stone,Fine-Grained Soils: Sandy Silt,0,,85.0,Good,rutting (L),3.0,2.494999886,2.553999901,2.525000095,3,85.0,0.0,700.0,1.9164955509924708,85.0,776.0,2.1245722108145104,train
15-1003-1,15-1003,15-1003-1-0,15,Hawaii,1003,1,7/4/1999,1999,5,ACUB,Asphalt concrete over unbound base/subgrade,Urban Other Principal Arterial,North,1,General Pavement Studies,Asphalt Concrete on Unbound Granular Base,10.84736482,739956.0,125516.0,207.12,1755.36,365.0,24.0,0.0,0.0,196628.4,116.8399976,261.6200048,345.4400097,723.9000121,2,5,"Hot Mixed, Hot Laid AC, Dense Graded",Crushed Stone,Fine-Grained Soils: Sandy Silt,0,,85.0,Good,rutting (L),2.0,2.515000105,2.479000092,2.496999979,4,85.0,0.0,776.0,2.1245722108145104,76.3,883.0,2.4175222450376452,train
15-1003-1,15-1003,15-1003-1-0,15,Hawaii,1003,1,6/9/2001,2001,6,ACUB,Asphalt concrete over unbound base/subgrade,Urban Other Principal Arterial,North,1,General Pavement Studies,Asphalt Concrete on Unbound Granular Base,13.26488706,876072.0,136116.0,286.27,1720.21,365.0,24.5,0.0,0.0,190512.7,116.8399976,261.6200048,345.4400097,723.9000121,2,5,"Hot Mixed, Hot Laid AC, Dense Graded",Crushed Stone,Fine-Grained Soils: Sandy Silt,0,,76.3,Satisfactory,rutting (L),2.0,2.51699996,2.48300004,2.5,5,85.0,-8.700000000000003,883.0,2.4175222450376452,50.5,554.0,1.516769336071184,train
15-1003-1,15-1003,15-1003-1-0,15,Hawaii,1003,1,14/3/2003,2003,7,ACUB,Asphalt concrete over unbound base/subgrade,Urban Other Principal Arterial,North,1,General Pavement Studies,Asphalt Concrete on Unbound Granular Base,14.7816564,999536.0,123464.0,209.34,1667.89,365.0,24.79999924,0.0,0.0,194102.0,116.8399976,261.6200048,345.4400097,723.9000121,2,5,"Hot Mixed, Hot Laid AC, Dense Graded",Crushed Stone,Fine-Grained Soils: Sandy Silt,0,,50.5,Poor,long_trans_cracking (H),2.0,2.413000107,2.516000032,2.463999987,6,76.3,-25.799999999999997,554.0,1.516769336071184,48.1,874.0,2.3928815879534566,train
15-1006-1,15-1006,15-1006-1-0,15,Hawaii,1006,1,19/2/1991,1991,1,ACUB,Asphalt concrete over unbound base/subgrade,Urban Other Principal Arterial,South,2,General Pavement Studies,Asphalt Concrete on Unbound Granular Base,2.718685832,352701.0,,336.24,1660.97,365.0,24.39999962,0.0,0.0,186199.5,114.3,198.1200048,132.0799952,444.5,2,5,"Hot Mixed, Hot Laid AC, Dense Graded",Crushed Stone,Fine-Grained Soils: Sandy Lean Clay with Gravel,0,,85.0,Good,rutting (L),3.0,2.410000086,2.430000067,2.420000076,0,,,,,85.0,714.0,1.9548254620123204,train
15-1006-1,15-1006,15-1006-1-0,15,Hawaii,1006,1,2/2/1993,1993,2,ACUB,Asphalt concrete over unbound base/subgrade,Urban Other Principal Arterial,South,2,General Pavement Studies,Asphalt Concrete on Unbound Granular Base,4.673511294,416771.0,64070.0,249.1,1762.37,365.0,24.29999924,0.0,0.0,192766.6,114.3,198.1200048,132.0799952,444.5,2,5,"Hot Mixed, Hot Laid AC, Dense Graded",Crushed Stone,Fine-Grained Soils: Sandy Lean Clay with Gravel,0,,85.0,Good,rutting (L),2.0,2.489000082,2.174999952,2.332000017,1,85.0,0.0,714.0,1.9548254620123204,85.0,777.0,2.127310061601643,train
15-1006-1,15-1006,15-1006-1-0,15,Hawaii,1006,1,21/3/1995,1995,3,ACUB,Asphalt concrete over unbound base/subgrade,Urban Other Principal Arterial,South,2,General Pavement Studies,Asphalt Concrete on Unbound Granular Base,6.800821355,488186.0,71415.0,361.51,1523.41,365.0,24.70000076,0.0,0.0,193758.9,114.3,198.1200048,132.0799952,444.5,2,5,"Hot Mixed, Hot Laid AC, Dense Graded",Crushed Stone,Fine-Grained Soils: Sandy Lean Clay with Gravel,0,,85.0,Good,rutting (L),2.0,3.088000059,2.236000061,2.661999941,2,85.0,0.0,777.0,2.127310061601643,85.0,702.0,1.9219712525667352,train
15-1006-1,15-1006,15-1006-1-0,15,Hawaii,1006,1,20/2/1997,1997,4,ACUB,Asphalt concrete over unbound base/subgrade,Urban Other Principal Arterial,South,2,General Pavement Studies,Asphalt Concrete on Unbound Granular Base,8.722792608,569854.0,81668.0,506.58,1701.9,365.0,24.79999924,0.0,0.0,195753.4,114.3,198.1200048,132.0799952,444.5,2,5,"Hot Mixed, Hot Laid AC, Dense Graded",Crushed Stone,Fine-Grained Soils: Sandy Lean Clay with Gravel,0,,85.0,Good,rutting (L),3.0,2.444000006,2.313999891,2.378999949,3,85.0,0.0,702.0,1.9219712525667352,84.6,775.0,2.1218343600273784,train
15-1006-1,15-1006,15-1006-1-0,15,Hawaii,1006,1,6/4/1999,1999,5,ACUB,Asphalt concrete over unbound base/subgrade,Urban Other Principal Arterial,South,2,General Pavement Studies,Asphalt Concrete on Unbound Granular Base,10.84462697,635643.0,65789.0,207.12,1755.36,365.0,24.0,0.0,0.0,196628.4,114.3,198.1200048,132.0799952,444.5,2,5,"Hot Mixed, Hot Laid AC, Dense Graded",Crushed Stone,Fine-Grained Soils: Sandy Lean Clay with Gravel,0,,84.6,Satisfactory,rutting (L),3.0,2.528000116,2.296999931,2.411999941,4,85.0,-0.4000000000000057,775.0,2.1218343600273784,49.9,883.0,2.4175222450376452,train
15-1006-1,15-1006,15-1006-1-0,15,Hawaii,1006,1,5/9/2001,2001,6,ACUB,Asphalt concrete over unbound base/subgrade,Urban Other Principal Arterial,South,2,General Pavement Studies,Asphalt Concrete on Unbound Granular Base,13.26214921,713064.0,77421.0,286.27,1720.21,365.0,24.5,0.0,0.0,190512.7,114.3,198.1200048,132.0799952,444.5,2,5,"Hot Mixed, Hot Laid AC, Dense Graded",Crushed Stone,Fine-Grained Soils: Sandy Lean Clay with Gravel,0,,49.9,Poor,long_trans_cracking (H),3.0,2.437999964,2.285000086,2.361999989,5,84.6,-34.699999999999996,883.0,2.4175222450376452,49.2,554.0,1.516769336071184,train
15-1006-1,15-1006,15-1006-1-0,15,Hawaii,1006,1,13/3/2003,2003,7,ACUB,Asphalt concrete over unbound base/subgrade,Urban Other Principal Arterial,South,2,General Pavement Studies,Asphalt Concrete on Unbound Granular Base,14.77891855,788747.0,75683.0,209.34,1667.89,365.0,24.79999924,0.0,0.0,194102.0,114.3,198.1200048,132.0799952,444.5,2,5,"Hot Mixed, Hot Laid AC, Dense Graded",Crushed Stone,Fine-Grained Soils: Sandy Lean Clay with Gravel,0,,49.2,Poor,long_trans_cracking (H),3.0,2.388999939,2.246999979,2.318000078,6,49.9,-0.6999999999999957,554.0,1.516769336071184,24.8,874.0,2.3928815879534566,train
15-1008-1,15-1008,15-1008-1-0,15,Hawaii,1008,1,27/2/1991,1991,1,ACUB,Asphalt concrete over unbound base/subgrade,Urban Other Principal Arterial,South,2,General Pavement Studies,Asphalt Concrete on Unbound Granular Base,2.740588638,191487.0,,3708.85,1076.79,365.0,18.20000076,0.0,0.0,179743.8,111.7600024,215.9,276.8599903,604.5199927,2,6,"Hot Mixed, Hot Laid AC, Dense Graded",Crushed Stone,Coarse-Grained Soil: Poorly Graded Gravel with Sand,0,,85.0,Good,rutting (L),2.0,1.988999963,1.625,1.807000041,0,,,,,85.0,722.0,1.9767282683093772,train
15-1008-1,15-1008,15-1008-1-0,15,Hawaii,1008,1,18/2/1993,1993,2,ACUB,Asphalt concrete over unbound base/subgrade,Urban Other Principal Arterial,South,2,General Pavement Studies,Asphalt Concrete on Unbound Granular Base,4.717316906,251807.0,60320.0,3397.7,652.63,365.0,18.60000038,0.0,0.0,183527.3,111.7600024,215.9,276.8599903,604.5199927,2,6,"Hot Mixed, Hot Laid AC, Dense Graded",Crushed Stone,Coarse-Grained Soil: Poorly Graded Gravel with Sand,0,,85.0,Good,rutting (L),2.0,2.059000015,1.690000057,1.875,1,85.0,0.0,722.0,1.9767282683093772,85.0,769.0,2.105407255304586,train
15-1008-1,15-1008,15-1008-1-0,15,Hawaii,1008,1,29/3/1995,1995,3,ACUB,Asphalt concrete over unbound base/subgrade,Urban Other Principal Arterial,South,2,General Pavement Studies,Asphalt Concrete on Unbound Granular Base,6.822724162,301275.0,49468.0,2876.22,588.23,365.0,19.10000038,0.0,0.0,188909.6,111.7600024,215.9,276.8599903,604.5199927,2,6,"Hot Mixed, Hot Laid AC, Dense Graded",Crushed Stone,Coarse-Grained Soil: Poorly Graded Gravel with Sand,0,,85.0,Good,rutting (L),2.0,2.073999882,1.536000013,1.804999948,2,85.0,0.0,769.0,2.105407255304586,79.0,684.0,1.8726899383983573,train
15-1008-1,15-1008,15-1008-1-0,15,Hawaii,1008,1,10/2/1997,1997,4,ACUB,Asphalt concrete over unbound base/subgrade,Urban Other Principal Arterial,South,2,General Pavement Studies,Asphalt Concrete on Unbound Granular Base,8.6954141,358340.0,57065.0,3395.3,695.97,365.0,19.20000076,0.0,0.0,190620.4,111.7600024,215.9,276.8599903,604.5199927,2,6,"Hot Mixed, Hot Laid AC, Dense Graded",Crushed Stone,Coarse-Grained Soil: Poorly Graded Gravel with Sand,0,,79.0,Satisfactory,rutting (L),2.0,2.046999931,1.702999949,1.875,3,85.0,-6.0,684.0,1.8726899383983573,45.6,778.0,2.130047912388775,train
15-1008-1,15-1008,15-1008-1-0,15,Hawaii,1008,1,30/3/1999,1999,5,ACUB,Asphalt concrete over unbound base/subgrade,Urban Other Principal Arterial,South,2,General Pavement Studies,Asphalt Concrete on Unbound Granular Base,10.82546201,422685.0,64345.0,2855.99,848.23,365.0,17.89999962,0.0,0.0,189443.9,111.7600024,215.9,276.8599903,604.5199927,2,6,"Hot Mixed, Hot Laid AC, Dense Graded",Crushed Stone,Coarse-Grained Soil: Poorly Graded Gravel with Sand,0,,45.6,Poor,alligator_cracking (M),3.0,2.107000113,1.881000042,1.993999958,4,79.0,-33.4,778.0,2.130047912388775,9.3,896.0,2.4531143052703626,train
15-1008-1,15-1008,15-1008-1-0,15,Hawaii,1008,1,11/9/2001,2001,6,ACUB,Asphalt concrete over unbound base/subgrade,Urban Other Principal Arterial,South,2,General Pavement Studies,Asphalt Concrete on Unbound Granular Base,13.27857632,508596.0,85911.0,3043.64,1030.87,365.0,18.29999924,0.0,0.0,186465.6,111.7600024,215.9,276.8599903,604.5199927,2,6,"Hot Mixed, Hot Laid AC, Dense Graded",Crushed Stone,Coarse-Grained Soil: Poorly Graded Gravel with Sand,0,,9.3,Failed,alligator_cracking (H),3.0,2.170000076,2.036000013,2.102999926,5,45.6,-36.3,896.0,2.4531143052703626,5.0,539.0,1.4757015742642026,train
15-1008-1,15-1008,15-1008-1-0,15,Hawaii,1008,1,4/3/2003,2003,7,ACUB,Asphalt concrete over unbound base/subgrade,Urban Other Principal Arterial,South,2,General Pavement Studies,Asphalt Concrete on Unbound Granular Base,14.75427789,581589.0,72993.0,3029.78,1372.12,365.0,18.29999924,0.0,0.0,187054.5,111.7600024,215.9,276.8599903,604.5199927,2,6,"Hot Mixed, Hot Laid AC, Dense Graded",Crushed Stone,Coarse-Grained Soil: Poorly Graded Gravel with Sand,0,,5.0,Failed,alligator_cracking (H),3.0,2.256000042,2.082000017,2.16899991,6,9.3,-4.300000000000001,539.0,1.4757015742642026,0.0,888.0,2.431211498973306,train
15-7080-1,15-7080,15-7080-1-0,15,Hawaii,7080,1,26/2/1991,1991,1,ACUB,Asphalt concrete over unbound base/subgrade,Rural Principal Arterial - Other,North,1,General Pavement Studies,Asphalt Concrete on Unbound Granular Base,2.737850787,746602.0,,2210.64,1416.07,365.0,20.79999924,0.0,0.0,183744.6,96.51999879,106.6799952,114.3,317.4999939,1,5,"Hot Mixed, Hot Laid AC, Dense Graded",Crushed Stone,Coarse-Grained Soil: Poorly Graded Gravel,0,,100.0,Good,,1.0,1.521999955,1.536000013,1.529000044,0,,,,,100.0,722.0,1.9767282683093772,train
15-7080-1,15-7080,15-7080-1-0,15,Hawaii,7080,1,17/2/1993,1993,2,ACUB,Asphalt concrete over unbound base/subgrade,Rural Principal Arterial - Other,North,1,General Pavement Studies,Asphalt Concrete on Unbound Granular Base,4.714579055,890524.0,143922.0,1920.59,1222.95,365.0,20.89999962,0.0,0.0,187412.8,96.51999879,106.6799952,114.3,317.4999939,1,5,"Hot Mixed, Hot Laid AC, Dense Graded",Crushed Stone,Coarse-Grained Soil: Poorly Graded Gravel,0,,100.0,Good,,1.0,1.411999941,1.600999951,1.506000042,1,100.0,0.0,722.0,1.9767282683093772,100.0,769.0,2.105407255304586,train
15-7080-1,15-7080,15-7080-1-0,15,Hawaii,7080,1,28/3/1995,1995,3,ACUB,Asphalt concrete over unbound base/subgrade,Rural Principal Arterial - Other,North,1,General Pavement Studies,Asphalt Concrete on Unbound Granular Base,6.819986311,1000452.0,109928.0,1516.08,1077.13,365.0,21.5,0.0,0.0,193141.2,96.51999879,106.6799952,114.3,317.4999939,1,5,"Hot Mixed, Hot Laid AC, Dense Graded",Crushed Stone,Coarse-Grained Soil: Poorly Graded Gravel,0,,100.0,Good,,1.0,1.348999977,1.562999964,1.45599997,2,100.0,0.0,769.0,2.105407255304586,100.0,686.0,1.8781656399726214,train
15-7080-1,15-7080,15-7080-1-0,15,Hawaii,7080,1,11/2/1997,1997,4,ACUB,Asphalt concrete over unbound base/subgrade,Rural Principal Arterial - Other,North,1,General Pavement Studies,Asphalt Concrete on Unbound Granular Base,8.698151951,1231704.0,231252.0,1958.84,1213.56,365.0,21.60000038,0.0,0.0,193693.0,96.51999879,106.6799952,114.3,317.4999939,1,5,"Hot Mixed, Hot Laid AC, Dense Graded",Crushed Stone,Coarse-Grained Soil: Poorly Graded Gravel,0,,100.0,Good,,1.0,1.419999957,1.61500001,1.51699996,3,100.0,0.0,686.0,1.8781656399726214,99.7,778.0,2.130047912388775,train
15-7080-1,15-7080,15-7080-1-0,15,Hawaii,7080,1,31/3/1999,1999,5,ACUB,Asphalt concrete over unbound base/subgrade,Rural Principal Arterial - Other,North,1,General Pavement Studies,Asphalt Concrete on Unbound Granular Base,10.82819986,1489416.0,257712.0,1519.53,1343.6,365.0,20.39999962,0.0,0.0,194268.5,96.51999879,106.6799952,114.3,317.4999939,1,5,"Hot Mixed, Hot Laid AC, Dense Graded",Crushed Stone,Coarse-Grained Soil: Poorly Graded Gravel,0,,99.7,Good,alligator_cracking (L),1.0,1.386999965,1.582000017,1.483999968,4,100.0,-0.29999999999999716,778.0,2.130047912388775,98.8,894.0,2.4476386036960984,train
15-7080-1,15-7080,15-7080-1-0,15,Hawaii,7080,1,10/9/2001,2001,6,ACUB,Asphalt concrete over unbound base/subgrade,Rural Principal Arterial - Other,North,1,General Pavement Studies,Asphalt Concrete on Unbound Granular Base,13.27583847,1974114.0,484698.0,1695.77,1442.96,365.0,20.79999924,0.0,0.0,190291.5,96.51999879,106.6799952,114.3,317.4999939,1,5,"Hot Mixed, Hot Laid AC, Dense Graded",Crushed Stone,Coarse-Grained Soil: Poorly Graded Gravel,0,,98.8,Good,long_trans_cracking (L),1.0,1.304999948,1.537999988,1.422000051,5,99.7,-0.9000000000000057,894.0,2.4476386036960984,85.2,539.0,1.4757015742642026,train
16-1001-1,16-1001,16-1001-1-0,16,Idaho,1001,1,25/8/1994,1994,1,ACUB,Asphalt concrete over unbound base/subgrade,Urban Principal Arterial - Interstate,North,1,General Pavement Studies,Asphalt Concrete on Unbound Granular Base,6.080766598,1265360.0,,835.75,515.85,365.0,7.099999905,553.0,125.0,125969.3,93.98000273,233.6799952,0.0,327.6599979,2,4,"Hot Mixed, Hot Laid AC, Dense Graded",Soil-Aggregate Mixture (Predominantly Coarse-Grained),Coarse-Grained Soil: Poorly Graded Gravel with Silt,0,,49.6,Poor,rutting (M),7.0,,,,0,,,,,3.7,1049.0,2.8720054757015743,train
16-1005-2,16-1005,16-1005-2-0,16,Idaho,1005,2,22/7/1997,1997,1,ACUB,Asphalt concrete over unbound base/subgrade,Rural Principal Arterial - Other,North,1,General Pavement Studies,Asphalt Concrete on Unbound Granular Base,3.947980835,112767.0,,916.24,649.42,365.0,6.199999809,571.0,112.0,142442.8,106.6799978,294.6400097,0.0,401.3200075,3,5,"Hot Mixed, Hot Laid AC, Dense Graded",Crushed Gravel,Coarse-Grained Soil: Clayey Gravel with Sand,0,,39.9,Very Poor,rutting (M),5.0,1.92579999,2.354399967,2.139800024,0,,,,,43.0,696.0,1.9055441478439425,train
16-1009-2,16-1009,16-1009-2-0,16,Idaho,1009,2,25/7/1997,1997,1,ACUB,Asphalt concrete over unbound base/subgrade,Rural Principal Arterial - Interstate,East,1,General Pavement Studies,Asphalt Concrete on Unbound Granular Base,4.813141684,2627387.0,,437.09,430.25,365.0,7.300000191,473.0,131.0,150124.3,284.4800031,233.6799952,0.0,518.1599983,4,6,"Hot Mixed, Hot Laid AC, Dense Graded",Crushed Gravel,Fine-Grained Soils: Silt,0,,54.0,Poor,long_trans_cracking (H),3.0,1.195799994,1.354999995,1.275400019,0,,,,,53.4,746.0,2.0424366872005475,train
16-1010-1,16-1010,16-1010-1-0,16,Idaho,1010,1,24/10/1990,1990,1,ACUB,Asphalt concrete over unbound base/subgrade,Rural Principal Arterial - Interstate,South,1,General Pavement Studies,Asphalt Concrete on Unbound Granular Base,2.264202601,2684805.0,,435.53,369.6,365.0,6.400000095,787.0,119.0,149814.6,276.8599952,137.1600024,0.0,414.0199977,3,5,"Hot Mixed, Hot Laid AC, Dense Graded",Crushed Gravel,Coarse-Grained Soil: Silty Sand,0,,77.1,Satisfactory,rutting (L),2.0,1.38039999,1.289599991,1.335000014,0,,,,,76.8,292.0,0.7994524298425736,train
16-1010-1,16-1010,16-1010-1-0,16,Idaho,1010,1,12/8/1991,1991,2,ACUB,Asphalt concrete over unbound base/subgrade,Rural Principal Arterial - Interstate,South,1,General Pavement Studies,Asphalt Concrete on Unbound Granular Base,3.063655031,2824098.0,139293.0,497.21,423.94,365.0,5.699999809,789.0,127.0,145502.8,276.8599952,137.1600024,0.0,414.0199977,3,5,"Hot Mixed, Hot Laid AC, Dense Graded",Crushed Gravel,Coarse-Grained Soil: Silty Sand,0,,76.8,Satisfactory,rutting (L),3.0,1.376599979,1.389199996,1.382800007,1,77.1,-0.29999999999999716,292.0,0.7994524298425736,66.5,857.0,2.346338124572211,train
16-1010-1,16-1010,16-1010-1-0,16,Idaho,1010,1,16/12/1993,1993,3,ACUB,Asphalt concrete over unbound base/subgrade,Rural Principal Arterial - Interstate,South,1,General Pavement Studies,Asphalt Concrete on Unbound Granular Base,5.409993155,3383602.0,559504.0,667.56,511.97,365.0,4.300000191,901.0,111.0,146385.1,276.8599952,137.1600024,0.0,414.0199977,3,5,"Hot Mixed, Hot Laid AC, Dense Graded",Crushed Gravel,Coarse-Grained Soil: Silty Sand,0,,66.5,Fair,long_trans_cracking (M),3.0,1.487400007,1.460199976,1.473999977,2,76.8,-10.299999999999997,857.0,2.346338124572211,66.1,95.0,0.2600958247775496,train
16-1010-1,16-1010,16-1010-1-0,16,Idaho,1010,1,21/3/1994,1994,4,ACUB,Asphalt concrete over unbound base/subgrade,Rural Principal Arterial - Interstate,South,1,General Pavement Studies,Asphalt Concrete on Unbound Granular Base,5.67008898,3582871.0,199269.0,444.6,371.4,365.0,7.0,674.0,119.0,151310.1,276.8599952,137.1600024,0.0,414.0199977,3,5,"Hot Mixed, Hot Laid AC, Dense Graded",Crushed Gravel,Coarse-Grained Soil: Silty Sand,0,,66.1,Fair,long_trans_cracking (M),3.0,1.571599984,1.438600016,1.504999995,3,66.5,-0.4000000000000057,95.0,0.2600958247775496,66.2,157.0,0.42984257357973993,train
16-1010-1,16-1010,16-1010-1-0,16,Idaho,1010,1,25/8/1994,1994,5,ACUB,Asphalt concrete over unbound base/subgrade,Rural Principal Arterial - Interstate,South,1,General Pavement Studies,Asphalt Concrete on Unbound Granular Base,6.099931554,3582871.0,0.0,444.6,371.4,365.0,7.0,674.0,119.0,151310.1,276.8599952,137.1600024,0.0,414.0199977,3,5,"Hot Mixed, Hot Laid AC, Dense Graded",Crushed Gravel,Coarse-Grained Soil: Silty Sand,0,,66.2,Fair,long_trans_cracking (M),3.0,1.53499999,1.552399993,1.54380002,4,66.1,0.10000000000000853,157.0,0.42984257357973993,71.7,69.0,0.188911704312115,train
16-1010-1,16-1010,16-1010-1-0,16,Idaho,1010,1,2/11/1994,1994,6,ACUB,Asphalt concrete over unbound base/subgrade,Rural Principal Arterial - Interstate,South,1,General Pavement Studies,Asphalt Concrete on Unbound Granular Base,6.288843258,3582871.0,0.0,444.6,371.4,365.0,7.0,674.0,119.0,151310.1,276.8599952,137.1600024,0.0,414.0199977,3,5,"Hot Mixed, Hot Laid AC, Dense Graded",Crushed Gravel,Coarse-Grained Soil: Silty Sand,0,,71.7,Satisfactory,rutting (L),3.0,1.53499999,1.552399993,1.54380002,5,66.2,5.5,69.0,0.188911704312115,71.6,111.0,0.30390143737166325,train
16-1010-1,16-1010,16-1010-1-0,16,Idaho,1010,1,21/2/1995,1995,7,ACUB,Asphalt concrete over unbound base/subgrade,Rural Principal Arterial - Interstate,South,1,General Pavement Studies,Asphalt Concrete on Unbound Granular Base,6.592744695,3650780.0,67909.0,624.95,529.75,365.0,6.300000191,482.0,144.0,143465.9,276.8599952,137.1600024,0.0,414.0199977,3,5,"Hot Mixed, Hot Laid AC, Dense Graded",Crushed Gravel,Coarse-Grained Soil: Silty Sand,0,,71.6,Satisfactory,rutting (L),3.0,1.592600012,1.490399981,1.541600013,6,71.7,-0.10000000000000853,111.0,0.30390143737166325,54.3,90.0,0.2464065708418891,train
16-1010-1,16-1010,16-1010-1-0,16,Idaho,1010,1,22/5/1995,1995,8,ACUB,Asphalt concrete over unbound base/subgrade,Rural Principal Arterial - Interstate,South,1,General Pavement Studies,Asphalt Concrete on Unbound Granular Base,6.839151266,3650780.0,0.0,624.95,529.75,365.0,6.300000191,482.0,144.0,143465.9,276.8599952,137.1600024,0.0,414.0199977,3,5,"Hot Mixed, Hot Laid AC, Dense Graded",Crushed Gravel,Coarse-Grained Soil: Silty Sand,0,,54.3,Poor,rutting (M),4.0,1.709799981,1.613400006,1.661800003,7,71.6,-17.299999999999997,90.0,0.2464065708418891,65.2,112.0,0.3066392881587953,train
16-1010-1,16-1010,16-1010-1-0,16,Idaho,1010,1,11/9/1995,1995,9,ACUB,Asphalt concrete over unbound base/subgrade,Rural Principal Arterial - Interstate,South,1,General Pavement Studies,Asphalt Concrete on Unbound Granular Base,7.145790554,3650780.0,0.0,624.95,529.75,365.0,6.300000191,482.0,144.0,143465.9,276.8599952,137.1600024,0.0,414.0199977,3,5,"Hot Mixed, Hot Laid AC, Dense Graded",Crushed Gravel,Coarse-Grained Soil: Silty Sand,0,,65.2,Fair,long_trans_cracking (M),2.0,1.624200034,1.59519999,1.60999999,8,54.3,10.900000000000006,112.0,0.3066392881587953,63.4,416.0,1.1389459274469542,train
16-1010-1,16-1010,16-1010-1-0,16,Idaho,1010,1,31/10/1996,1996,10,ACUB,Asphalt concrete over unbound base/subgrade,Rural Principal Arterial - Interstate,South,1,General Pavement Studies,Asphalt Concrete on Unbound Granular Base,8.284736482,3867192.0,216412.0,691.91,487.5,366.0,5.800000191,740.0,132.0,148598.0,276.8599952,137.1600024,0.0,414.0199977,3,5,"Hot Mixed, Hot Laid AC, Dense Graded",Crushed Gravel,Coarse-Grained Soil: Silty Sand,0,,63.4,Fair,long_trans_cracking (M),2.0,1.685000014,1.554200006,1.619599986,9,65.2,-1.8000000000000043,416.0,1.1389459274469542,63.3,25.0,0.06844626967830253,train
16-1010-2,16-1010,16-1010-2-0,16,Idaho,1010,2,14/3/1997,1997,1,ACUB,Asphalt concrete over unbound base/subgrade,Rural Principal Arterial - Interstate,South,1,General Pavement Studies,Asphalt Concrete on Unbound Granular Base,0.03559206,272049.0,,569.44,586.79,365.0,5.400000095,835.0,115.0,145160.1,276.8599952,137.1600024,0.0,414.0199977,3,5,"Hot Mixed, Hot Laid AC, Dense Graded",Crushed Gravel,Coarse-Grained Soil: Silty Sand,1,13.0,64.6,Fair,rutting (L),2.0,1.718600011,1.627399993,1.672800016,0,,,,,58.9,33.0,0.09034907597535935,train
16-1010-2,16-1010,16-1010-2-0,16,Idaho,1010,2,16/4/1997,1997,2,ACUB,Asphalt concrete over unbound base/subgrade,Rural Principal Arterial - Interstate,South,1,General Pavement Studies,Asphalt Concrete on Unbound Granular Base,0.125941136,272049.0,0.0,569.44,586.79,365.0,5.400000095,835.0,115.0,145160.1,276.8599952,137.1600024,0.0,414.0199977,3,5,"Hot Mixed, Hot Laid AC, Dense Graded",Crushed Gravel,Coarse-Grained Soil: Silty Sand,1,46.0,58.9,Fair,long_trans_cracking (M),2.0,1.812399983,1.707400012,1.759599996,1,64.6,-5.699999999999996,33.0,0.09034907597535935,51.1,71.0,0.1943874058863792,train
16-1020-2,16-1020,16-1020-2-0,16,Idaho,1020,2,13/9/1995,1995,1,ACUB,Asphalt concrete over unbound base/subgrade,Rural Principal Arterial - Other,North,1,General Pavement Studies,Asphalt Concrete on Unbound Granular Base,2.414784394,161215.0,,554.19,402.51,365.0,9.5,128.0,123.0,147521.8,96.51999765,312.4200048,208.2799952,617.2199977,2,5,"Hot Mixed, Hot Laid AC, Dense Graded",Crushed Gravel,Fine-Grained Soils: Silt,0,,65.0,Fair,rutting (M),6.0,0.757000005,0.613800001,0.685600007,0,,,,,64.8,680.0,1.8617385352498288,train
16-1020-2,16-1020,16-1020-2-0,16,Idaho,1020,2,24/7/1997,1997,2,ACUB,Asphalt concrete over unbound base/subgrade,Rural Principal Arterial - Other,North,1,General Pavement Studies,Asphalt Concrete on Unbound Granular Base,4.27652293,250956.0,89741.0,325.01,413.93,365.0,9.300000191,235.0,134.0,150825.8,96.51999765,312.4200048,208.2799952,617.2199977,2,5,"Hot Mixed, Hot Laid AC, Dense Graded",Crushed Gravel,Fine-Grained Soils: Silt,0,,64.8,Fair,rutting (M),5.0,0.805000007,0.644799995,0.725200009,1,65.0,-0.20000000000000284,680.0,1.8617385352498288,65.0,698.0,1.9110198494182067,train
16-1020-2,16-1020,16-1020-2-0,16,Idaho,1020,2,22/6/1999,1999,3,ACUB,Asphalt concrete over unbound base/subgrade,Rural Principal Arterial - Other,North,1,General Pavement Studies,Asphalt Concrete on Unbound Granular Base,6.187542779,337469.0,86513.0,265.72,287.97,365.0,10.0,110.0,140.0,154210.7,96.51999765,312.4200048,208.2799952,617.2199977,2,5,"Hot Mixed, Hot Laid AC, Dense Graded",Crushed Gravel,Fine-Grained Soils: Silt,0,,65.0,Fair,rutting (M),6.0,0.811400008,0.631599998,0.72160002,2,64.8,0.20000000000000284,698.0,1.9110198494182067,64.0,1206.0,3.3018480492813143,train
16-1020-2,16-1020,16-1020-2-0,16,Idaho,1020,2,10/10/2002,2002,4,ACUB,Asphalt concrete over unbound base/subgrade,Rural Principal Arterial - Other,North,1,General Pavement Studies,Asphalt Concrete on Unbound Granular Base,9.489390828,494766.0,157297.0,191.47,271.43,365.0,9.699999809,207.0,134.0,155824.9,96.51999765,312.4200048,208.2799952,617.2199977,2,5,"Hot Mixed, Hot Laid AC, Dense Graded",Crushed Gravel,Fine-Grained Soils: Silt,0,,64.0,Fair,rutting (M),6.0,,,,3,65.0,-1.0,1206.0,3.3018480492813143,63.7,645.0,1.7659137577002053,train
16-1020-2,16-1020,16-1020-2-0,16,Idaho,1020,2,16/7/2004,2004,5,ACUB,Asphalt concrete over unbound base/subgrade,Rural Principal Arterial - Other,North,1,General Pavement Studies,Asphalt Concrete on Unbound Granular Base,11.25530459,641986.0,147220.0,340.78,332.58,366.0,9.899999619,235.0,112.0,151576.7,96.51999765,312.4200048,208.2799952,617.2199977,2,5,"Hot Mixed, Hot Laid AC, Dense Graded",Crushed Gravel,Fine-Grained Soils: Silt,0,,63.7,Fair,rutting (M),7.0,,,,4,64.0,-0.29999999999999716,645.0,1.7659137577002053,62.4,1189.0,3.2553045859000687,train
16-1020-3,16-1020,16-1020-3-0,16,Idaho,1020,3,21/4/2009,2009,1,ACUB,Asphalt concrete over unbound base/subgrade,Rural Principal Arterial - Other,North,1,General Pavement Studies,Asphalt Concrete on Unbound Granular Base,0.720054757,165612.0,,379.62,424.25,365.0,9.0,253.0,148.0,150638.9,96.51999765,312.4200048,208.2799952,617.2199977,2,5,"Hot Mixed, Hot Laid AC, Dense Graded",Crushed Gravel,Fine-Grained Soils: Silt,1,263.0,34.1,Very Poor,rutting (H),8.0,0.848599994,0.724399996,0.786599994,0,,,,,34.6,486.0,1.3305954825462012,train
16-1020-3,16-1020,16-1020-3-0,16,Idaho,1020,3,20/8/2010,2010,2,ACUB,Asphalt concrete over unbound base/subgrade,Rural Principal Arterial - Other,North,1,General Pavement Studies,Asphalt Concrete on Unbound Granular Base,2.05065024,251716.0,86104.0,446.19,332.31,365.0,8.899999619,209.0,152.0,147634.4,96.51999765,312.4200048,208.2799952,617.2199977,2,5,"Hot Mixed, Hot Laid AC, Dense Graded",Crushed Gravel,Fine-Grained Soils: Silt,1,749.0,34.6,Very Poor,rutting (H),8.0,0.832000017,0.870599997,0.851600003,1,34.1,0.5,486.0,1.3305954825462012,33.1,251.0,0.6872005475701575,train
16-1021-1,16-1021,16-1021-1-0,16,Idaho,1021,1,24/10/1990,1990,1,ACUB,Asphalt concrete over unbound base/subgrade,Rural Principal Arterial - Other,South,1,General Pavement Studies,Asphalt Concrete on Unbound Granular Base,2.264202601,794672.0,,435.53,369.6,365.0,6.400000095,787.0,119.0,149814.6,149.8599979,134.6200048,0.0,284.4800027,2,4,"Hot Mixed, Hot Laid AC, Dense Graded",Crushed Gravel,Coarse-Grained Soil: Poorly Graded Gravel with Silt,0,,65.0,Fair,rutting (M),5.0,1.207199979,1.261800003,1.234600019,0,,,,,85.0,293.0,0.8021902806297057,train
16-1021-1,16-1021,16-1021-1-0,16,Idaho,1021,1,13/8/1991,1991,2,ACUB,Asphalt concrete over unbound base/subgrade,Rural Principal Arterial - Other,South,1,General Pavement Studies,Asphalt Concrete on Unbound Granular Base,3.066392882,962263.0,167591.0,497.21,423.94,365.0,5.699999809,789.0,127.0,145502.8,149.8599979,134.6200048,0.0,284.4800027,2,4,"Hot Mixed, Hot Laid AC, Dense Graded",Crushed Gravel,Coarse-Grained Soil: Poorly Graded Gravel with Silt,0,,85.0,Good,rutting (L),3.0,1.241000009,1.255999994,1.248599982,1,65.0,20.0,293.0,0.8021902806297057,65.0,1491.0,4.082135523613963,train
16-1021-1,16-1021,16-1021-1-0,16,Idaho,1021,1,12/9/1995,1995,3,ACUB,Asphalt concrete over unbound base/subgrade,Rural Principal Arterial - Other,South,1,General Pavement Studies,Asphalt Concrete on Unbound Granular Base,7.148528405,1778926.0,816663.0,624.95,529.75,365.0,6.300000191,482.0,144.0,143465.9,149.8599979,134.6200048,0.0,284.4800027,2,4,"Hot Mixed, Hot Laid AC, Dense Graded",Crushed Gravel,Coarse-Grained Soil: Poorly Graded Gravel with Silt,0,,65.0,Fair,rutting (M),4.0,1.175600004,1.218400025,1.197200012,2,85.0,-20.0,1491.0,4.082135523613963,65.0,686.0,1.8781656399726214,train
16-1021-1,16-1021,16-1021-1-0,16,Idaho,1021,1,29/7/1997,1997,4,ACUB,Asphalt concrete over unbound base/subgrade,Rural Principal Arterial - Other,South,1,General Pavement Studies,Asphalt Concrete on Unbound Granular Base,9.026694045,2046620.0,267694.0,569.44,586.79,365.0,5.400000095,835.0,115.0,145160.1,149.8599979,134.6200048,0.0,284.4800027,2,4,"Hot Mixed, Hot Laid AC, Dense Graded",Crushed Gravel,Coarse-Grained Soil: Poorly Graded Gravel with Silt,0,,65.0,Fair,rutting (M),5.0,1.212333361,1.257000009,1.234999975,3,65.0,0.0,686.0,1.8781656399726214,65.0,745.0,2.0396988364134154,train
16-1021-1,16-1021,16-1021-1-0,16,Idaho,1021,1,13/8/1999,1999,5,ACUB,Asphalt concrete over unbound base/subgrade,Rural Principal Arterial - Other,South,1,General Pavement Studies,Asphalt Concrete on Unbound Granular Base,11.06639288,2386471.0,339851.0,502.71,511.63,365.0,6.599999905,522.0,130.0,149258.7,149.8599979,134.6200048,0.0,284.4800027,2,4,"Hot Mixed, Hot Laid AC, Dense Graded",Crushed Gravel,Coarse-Grained Soil: Poorly Graded Gravel with Silt,0,,65.0,Fair,rutting (M),5.0,1.232599998,1.250600004,1.241599989,4,65.0,0.0,745.0,2.0396988364134154,65.0,1161.0,3.1786447638603694,train
16-1021-1,16-1021,16-1021-1-0,16,Idaho,1021,1,17/10/2002,2002,6,ACUB,Asphalt concrete over unbound base/subgrade,Rural Principal Arterial - Other,South,1,General Pavement Studies,Asphalt Concrete on Unbound Granular Base,14.24503765,2943311.0,556840.0,363.87,376.03,365.0,6.300000191,742.0,127.0,151145.8,149.8599979,134.6200048,0.0,284.4800027,2,4,"Hot Mixed, Hot Laid AC, Dense Graded",Crushed Gravel,Coarse-Grained Soil: Poorly Graded Gravel with Silt,0,,65.0,Fair,rutting (M),6.0,,,,5,65.0,0.0,1161.0,3.1786447638603694,65.0,644.0,1.7631759069130732,train
16-9032-2,16-9032,16-9032-2-0,16,Idaho,9032,2,26/8/1994,1994,1,ACUB,Asphalt concrete over unbound base/subgrade,Rural Principal Arterial - Other,North,1,General Pavement Studies,Asphalt Concrete on Unbound Granular Base,0.010951403,30869.0,,734.34,501.9,365.0,7.900000095,359.0,117.0,128414.8,162.5600051,589.2800194,0.0,751.8400245,4,7,"Hot Mixed, Hot Laid AC, Dense Graded",Crushed Gravel,Fine-Grained Soils: Sandy Silt,0,,63.0,Fair,rutting (M),5.0,,,,0,,,,,57.9,1048.0,2.869267624914442,train
16-9032-2,16-9032,16-9032-2-0,16,Idaho,9032,2,9/7/1997,1997,2,ACUB,Asphalt concrete over unbound base/subgrade,Rural Principal Arterial - Other,North,1,General Pavement Studies,Asphalt Concrete on Unbound Granular Base,2.880219028,187024.0,156155.0,871.01,681.6,365.0,6.900000095,394.0,124.0,122000.4,162.5600051,589.2800194,0.0,751.8400245,4,7,"Hot Mixed, Hot Laid AC, Dense Graded",Crushed Gravel,Fine-Grained Soils: Sandy Silt,0,,57.9,Fair,rutting (M),5.0,1.72420001,2.027200031,1.87559998,1,63.0,-5.100000000000001,1048.0,2.869267624914442,61.0,440.0,1.2046543463381245,train
16-9032-2,16-9032,16-9032-2-0,16,Idaho,9032,2,22/9/1998,1998,3,ACUB,Asphalt concrete over unbound base/subgrade,Rural Principal Arterial - Other,North,1,General Pavement Studies,Asphalt Concrete on Unbound Granular Base,4.084873374,222718.0,35694.0,1003.59,641.65,365.0,8.199999809,287.0,109.0,122017.3,162.5600051,589.2800194,0.0,751.8400245,4,7,"Hot Mixed, Hot Laid AC, Dense Graded",Crushed Gravel,Fine-Grained Soils: Sandy Silt,0,,61.0,Fair,rutting (M),6.0,1.798199987,2.15619998,1.977399993,2,57.9,3.1000000000000014,440.0,1.2046543463381245,52.1,1057.0,2.8939082819986313,train
16-9034-1,16-9034,16-9034-1-0,16,Idaho,9034,1,24/8/1994,1994,1,ACUB,Asphalt concrete over unbound base/subgrade,Rural Principal Arterial - Other,North,1,General Pavement Studies,Asphalt Concrete on Unbound Granular Base,5.897330595,534192.0,,944.61,592.29,365.0,4.5,1017.0,74.0,124034.5,233.6800027,477.5199806,0.0,711.1999833,3,5,"Hot Mixed, Hot Laid AC, Dense Graded",Crushed Stone,Coarse-Grained Soil: Silty Gravel with Sand,0,,93.5,Good,long_trans_cracking (L),,1.680399966,1.667600012,1.674200034,0,,,,,59.8,1050.0,2.8747433264887063,test
16-9034-1,16-9034,16-9034-1-0,16,Idaho,9034,1,9/7/1997,1997,2,ACUB,Asphalt concrete over unbound base/subgrade,Rural Principal Arterial - Other,North,1,General Pavement Studies,Asphalt Concrete on Unbound Granular Base,8.772073922,800732.0,266540.0,1037.81,735.73,365.0,3.200000048,1025.0,90.0,118202.9,233.6800027,477.5199806,0.0,711.1999833,3,5,"Hot Mixed, Hot Laid AC, Dense Graded",Crushed Stone,Coarse-Grained Soil: Silty Gravel with Sand,0,,59.8,Fair,rutting (M),4.0,1.607599998,1.8398,1.723799992,1,93.5,-33.7,1050.0,2.8747433264887063,55.3,442.0,1.2101300479123889,test
16-9034-2,16-9034,16-9034-2-0,16,Idaho,9034,2,15/8/2001,2001,1,ACUB,Asphalt concrete over unbound base/subgrade,Rural Principal Arterial - Other,North,1,General Pavement Studies,Asphalt Concrete on Unbound Granular Base,0.123203285,42061.0,,824.11,593.11,365.0,4.300000191,881.0,100.0,123999.4,241.300003,477.5199806,0.0,718.8199836,4,6,"Hot Mixed, Hot Laid AC, Dense Graded",Crushed Stone,Coarse-Grained Soil: Silty Gravel with Sand,0,,65.0,Fair,rutting (M),6.0,,,,0,,,,,49.8,1112.0,3.0444900752908968,test
16-9034-2,16-9034,16-9034-2-0,16,Idaho,9034,2,31/8/2004,2004,2,ACUB,Asphalt concrete over unbound base/subgrade,Rural Principal Arterial - Other,North,1,General Pavement Studies,Asphalt Concrete on Unbound Granular Base,3.167693361,340900.0,298839.0,938.64,751.33,366.0,4.5,778.0,95.0,119667.7,241.300003,477.5199806,0.0,718.8199836,4,6,"Hot Mixed, Hot Laid AC, Dense Graded",Crushed Stone,Coarse-Grained Soil: Silty Gravel with Sand,0,,49.8,Poor,rutting (M),7.0,1.7,2.056800008,1.878600001,1,65.0,-15.200000000000003,1112.0,3.0444900752908968,18.4,1056.0,2.891170431211499,test
16-9034-2,16-9034,16-9034-2-0,16,Idaho,9034,2,23/7/2007,2007,3,ACUB,Asphalt concrete over unbound base/subgrade,Rural Principal Arterial - Other,North,1,General Pavement Studies,Asphalt Concrete on Unbound Granular Base,6.058863792,647007.0,306107.0,909.2,672.72,365.0,4.099999905,935.0,89.0,120453.5,241.300003,477.5199806,0.0,718.8199836,4,6,"Hot Mixed, Hot Laid AC, Dense Graded",Crushed Stone,Coarse-Grained Soil: Silty Gravel with Sand,0,,18.4,Serious,rutting (H),8.0,1.868199992,2.29739995,2.082799959,2,49.8,-31.4,1056.0,2.891170431211499,13.1,1134.0,3.1047227926078027,test
16-9034-2,16-9034,16-9034-2-0,16,Idaho,9034,2,30/8/2010,2010,4,ACUB,Asphalt concrete over unbound base/subgrade,Rural Principal Arterial - Other,North,1,General Pavement Studies,Asphalt Concrete on Unbound Granular Base,9.163586585,977873.0,330866.0,1118.98,721.38,365.0,3.599999905,866.0,112.0,116186.6,241.300003,477.5199806,0.0,718.8199836,4,6,"Hot Mixed, Hot Laid AC, Dense Graded",Crushed Stone,Coarse-Grained Soil: Silty Gravel with Sand,0,,13.1,Serious,rutting (H),10.0,1.9898,2.746199989,2.36779995,3,18.4,-5.299999999999999,1134.0,3.1047227926078027,7.3,268.0,0.7337440109514032,test
17-1002-2,17-1002,17-1002-2-0,17,Illinois,1002,2,29/8/1991,1991,1,ACUB,Asphalt concrete over unbound base/subgrade,Rural Principal Arterial - Other,East,1,General Pavement Studies,Asphalt Concrete on Unbound Granular Base,0.24366872,42482.0,,1013.3,734.93,365.0,8.600000381,710.0,94.0,130436.1,335.2800042,0.0,0.0,335.2800042,2,3,"Hot Mixed, Hot Laid AC, Dense Graded",,Coarse-Grained Soil: Clayey Sand with Gravel,0,,32.1,Very Poor,long_trans_cracking (H),4.0,1.20139997,1.160800004,1.181000018,0,,,,,76.7,384.0,1.051334702258727,test
17-1002-2,17-1002,17-1002-2-0,17,Illinois,1002,2,16/9/1992,1992,2,ACUB,Asphalt concrete over unbound base/subgrade,Rural Principal Arterial - Other,East,1,General Pavement Studies,Asphalt Concrete on Unbound Granular Base,1.295003422,124890.0,82408.0,1090.0,772.15,366.0,7.599999905,500.0,114.0,130440.8,335.2800042,0.0,0.0,335.2800042,2,3,"Hot Mixed, Hot Laid AC, Dense Graded",,Coarse-Grained Soil: Clayey Sand with Gravel,0,,76.7,Satisfactory,long_trans_cracking (M),,1.191000009,1.159399986,1.175400019,1,32.1,44.6,384.0,1.051334702258727,46.6,335.0,0.917180013689254,test
17-1002-3,17-1002,17-1002-3-0,17,Illinois,1002,3,18/11/1998,1998,1,ACUB,Asphalt concrete over unbound base/subgrade,Rural Principal Arterial - Other,East,1,General Pavement Studies,Asphalt Concrete on Unbound Granular Base,2.29705681,330349.0,,1180.48,892.84,365.0,10.0,339.0,94.0,132925.2,335.2800042,0.0,0.0,335.2800042,2,3,"Hot Mixed, Hot Laid AC, Dense Graded",,Coarse-Grained Soil: Clayey Sand with Gravel,0,,0.0,Failed,block_cracking (M),5.0,1.517000031,1.582600021,1.549599981,0,,,,,0.0,644.0,1.7631759069130732,test
17-1002-3,17-1002,17-1002-3-0,17,Illinois,1002,3,23/8/2000,2000,2,ACUB,Asphalt concrete over unbound base/subgrade,Rural Principal Arterial - Other,East,1,General Pavement Studies,Asphalt Concrete on Unbound Granular Base,4.060232717,653186.0,322837.0,983.25,840.42,366.0,8.5,690.0,75.0,135690.0,335.2800042,0.0,0.0,335.2800042,2,3,"Hot Mixed, Hot Laid AC, Dense Graded",,Coarse-Grained Soil: Clayey Sand with Gravel,0,,0.0,Failed,block_cracking (H),6.0,1.54400003,1.719200015,1.631599998,1,0.0,0.0,644.0,1.7631759069130732,0.0,1371.0,3.753593429158111,test
17-1003-1,17-1003,17-1003-1-0,17,Illinois,1003,1,25/7/1991,1991,1,ACATB,Asphalt concrete over asphalt treated base/subgrade,Rural Principal Arterial - Other,West,1,General Pavement Studies,Asphalt Concrete on Unbound Granular Base,4.561259411,290625.0,,1150.37,894.24,365.0,13.10000038,270.0,84.0,136128.5,309.8799952,0.0,304.8,614.6799952,4,6,"Hot Mixed, Hot Laid AC, Dense Graded",,Fine-Grained Soils: Lean Inorganic Clay,0,,75.6,Satisfactory,rutting (L),3.0,1.007399988,0.877600014,0.942199993,0,,,,,57.5,284.0,0.7775496235455168,train
17-1003-1,17-1003,17-1003-1-0,17,Illinois,1003,1,4/5/1992,1992,2,ACATB,Asphalt concrete over asphalt treated base/subgrade,Rural Principal Arterial - Other,West,1,General Pavement Studies,Asphalt Concrete on Unbound Granular Base,5.338809035,357298.0,66673.0,1067.72,824.66,366.0,12.39999962,85.0,104.0,136817.5,309.8799952,0.0,304.8,614.6799952,4,6,"Hot Mixed, Hot Laid AC, Dense Graded",,Fine-Grained Soils: Lean Inorganic Clay,0,,57.5,Fair,rutting (M),4.0,1.007399988,0.877600014,0.942199993,1,75.6,-18.099999999999994,284.0,0.7775496235455168,76.1,373.0,1.0212183436002737,train
17-1003-1,17-1003,17-1003-1-0,17,Illinois,1003,1,12/5/1993,1993,3,ACATB,Asphalt concrete over asphalt treated base/subgrade,Rural Principal Arterial - Other,West,1,General Pavement Studies,Asphalt Concrete on Unbound Granular Base,6.360027379,433903.0,76605.0,1386.04,1014.49,365.0,11.5,223.0,92.0,130855.6,309.8799952,0.0,304.8,614.6799952,4,6,"Hot Mixed, Hot Laid AC, Dense Graded",,Fine-Grained Soils: Lean Inorganic Clay,0,,76.1,Satisfactory,long_trans_cracking (M),,,,,2,57.5,18.599999999999994,373.0,1.0212183436002737,46.4,775.0,2.1218343600273784,train
17-1003-1,17-1003,17-1003-1-0,17,Illinois,1003,1,26/6/1995,1995,4,ACATB,Asphalt concrete over asphalt treated base/subgrade,Rural Principal Arterial - Other,West,1,General Pavement Studies,Asphalt Concrete on Unbound Granular Base,8.481861739,590644.0,156741.0,1197.51,995.71,365.0,12.19999981,271.0,88.0,143137.5,309.8799952,0.0,304.8,614.6799952,4,6,"Hot Mixed, Hot Laid AC, Dense Graded",,Fine-Grained Soils: Lean Inorganic Clay,0,,46.4,Poor,rutting (M),4.0,1.04000001,0.890199995,0.964999986,3,76.1,-29.699999999999996,775.0,2.1218343600273784,24.4,1233.0,3.375770020533881,train
17-1003-1,17-1003,17-1003-1-0,17,Illinois,1003,1,10/11/1998,1998,5,ACATB,Asphalt concrete over asphalt treated base/subgrade,Rural Principal Arterial - Other,West,1,General Pavement Studies,Asphalt Concrete on Unbound Granular Base,11.85763176,874759.0,284115.0,1254.32,1020.05,365.0,13.89999962,110.0,75.0,139763.9,309.8799952,0.0,304.8,614.6799952,4,6,"Hot Mixed, Hot Laid AC, Dense Graded",,Fine-Grained Soils: Lean Inorganic Clay,0,,24.4,Serious,long_trans_cracking (H),5.0,1.061200023,0.978600013,1.020200014,4,46.4,-22.0,1233.0,3.375770020533881,5.8,847.0,2.31895961670089,train
17-1003-1,17-1003,17-1003-1-0,17,Illinois,1003,1,6/3/2001,2001,6,ACATB,Asphalt concrete over asphalt treated base/subgrade,Rural Principal Arterial - Other,West,1,General Pavement Studies,Asphalt Concrete on Unbound Granular Base,14.17659138,1202825.0,328066.0,1227.48,832.2,365.0,13.39999962,140.0,83.0,145708.7,309.8799952,0.0,304.8,614.6799952,4,6,"Hot Mixed, Hot Laid AC, Dense Graded",,Fine-Grained Soils: Lean Inorganic Clay,0,,5.8,Failed,long_trans_cracking (H),5.0,0.997800004,0.961800003,0.9796,5,24.4,-18.599999999999998,847.0,2.31895961670089,32.1,1274.0,3.488021902806297,train
17-1003-1,17-1003,17-1003-1-0,17,Illinois,1003,1,31/8/2004,2004,7,ACATB,Asphalt concrete over asphalt treated base/subgrade,Rural Principal Arterial - Other,West,1,General Pavement Studies,Asphalt Concrete on Unbound Granular Base,17.66461328,1663307.0,460482.0,1307.69,970.16,366.0,12.89999962,238.0,73.0,140084.9,309.8799952,0.0,304.8,614.6799952,4,6,"Hot Mixed, Hot Laid AC, Dense Graded",,Fine-Grained Soils: Lean Inorganic Clay,0,,32.1,Very Poor,rutting (M),6.0,1.070800018,1.075800037,1.073000002,6,5.8,26.3,1274.0,3.488021902806297,0.0,1045.0,2.861054072553046,train
18-1028-1,18-1028,18-1028-1-0,18,Indiana,1028,1,11/7/1991,1991,1,ACUB,Asphalt concrete over unbound base/subgrade,Rural Principal Arterial - Interstate,East,1,General Pavement Studies,Asphalt Concrete on Unbound Granular Base,4.5229295,5417777.0,,1309.41,880.11,365.0,13.80000019,130.0,94.0,131766.8,391.1600055,0.0,0.0,391.1600055,5,6,"Hot Mixed, Hot Laid AC, Dense Graded",,Fine-Grained Soils: Lean Inorganic Clay,0,,26.0,Very Poor,rutting (H),15.0,1.092000008,1.383200002,1.237599993,0,,,,,30.5,161.0,0.4407939767282683,train
18-1028-1,18-1028,18-1028-1-0,18,Indiana,1028,1,19/12/1991,1991,2,ACUB,Asphalt concrete over unbound base/subgrade,Rural Principal Arterial - Interstate,East,1,General Pavement Studies,Asphalt Concrete on Unbound Granular Base,4.963723477,5417777.0,0.0,1309.41,880.11,365.0,13.80000019,130.0,94.0,131766.8,391.1600055,0.0,0.0,391.1600055,5,6,"Hot Mixed, Hot Laid AC, Dense Graded",,Fine-Grained Soils: Lean Inorganic Clay,0,,30.5,Very Poor,rutting (H),15.0,1.092000008,1.383200002,1.237599993,1,26.0,4.5,161.0,0.4407939767282683,82.6,134.0,0.3668720054757016,train
18-1028-1,18-1028,18-1028-1-0,18,Indiana,1028,1,1/5/1992,1992,3,ACUB,Asphalt concrete over unbound base/subgrade,Rural Principal Arterial - Interstate,East,1,General Pavement Studies,Asphalt Concrete on Unbound Granular Base,5.330595483,5869337.0,451560.0,1184.34,914.23,366.0,12.60000038,74.0,92.0,133607.5,391.1600055,0.0,0.0,391.1600055,5,6,"Hot Mixed, Hot Laid AC, Dense Graded",,Fine-Grained Soils: Lean Inorganic Clay,0,,82.6,Satisfactory,alligator_cracking (L),,1.092000008,1.383200002,1.237599993,2,30.5,52.099999999999994,134.0,0.3668720054757016,23.7,321.0,0.8788501026694046,train
18-1028-1,18-1028,18-1028-1-0,18,Indiana,1028,1,18/3/1993,1993,4,ACUB,Asphalt concrete over unbound base/subgrade,Rural Principal Arterial - Interstate,East,1,General Pavement Studies,Asphalt Concrete on Unbound Granular Base,6.209445585,6312160.0,442823.0,1477.46,932.94,365.0,12.39999962,147.0,93.0,129803.2,391.1600055,0.0,0.0,391.1600055,5,6,"Hot Mixed, Hot Laid AC, Dense Graded",,Fine-Grained Soils: Lean Inorganic Clay,0,,23.7,Serious,rutting (H),15.0,1.287799978,1.489600015,1.38900001,3,82.6,-58.89999999999999,321.0,0.8788501026694046,17.9,419.0,1.1471594798083504,train
18-1028-1,18-1028,18-1028-1-0,18,Indiana,1028,1,11/5/1994,1994,5,ACUB,Asphalt concrete over unbound base/subgrade,Rural Principal Arterial - Interstate,East,1,General Pavement Studies,Asphalt Concrete on Unbound Granular Base,7.356605065,6786171.0,474011.0,1370.58,885.0,365.0,12.80000019,210.0,79.0,137232.1,391.1600055,0.0,0.0,391.1600055,5,6,"Hot Mixed, Hot Laid AC, Dense Graded",,Fine-Grained Soils: Lean Inorganic Clay,0,,17.9,Serious,rutting (H),15.0,1.296000004,1.417600012,1.356800008,4,23.7,-5.800000000000001,419.0,1.1471594798083504,64.8,329.0,0.9007529089664613,train
18-1037-1,18-1037,18-1037-1-0,18,Indiana,1037,1,23/3/1993,1993,1,ACUB,Asphalt concrete over unbound base/subgrade,Rural Minor Arterial,East,1,General Pavement Studies,Asphalt Concrete on Unbound Granular Base,6.223134839,583651.0,,1446.35,958.59,365.0,12.39999962,152.0,91.0,130988.7,373.3800058,0.0,0.0,373.3800058,4,5,"Hot Mixed, Hot Laid AC, Dense Graded",,Fine-Grained Soils: Sandy Silty Clay,0,,5.0,Failed,rutting (H),12.0,1.893199992,2.112199974,2.002400041,0,,,,,3.2,414.0,1.1334702258726899,train
18-2008-2,18-2008,18-2008-2-0,18,Indiana,2008,2,14/2/1994,1994,1,ACATB,Asphalt concrete over asphalt treated base/subgrade,Rural Principal Arterial - Other,South,1,General Pavement Studies,Asphalt Concrete on Bound Base,4.706365503,1797294.0,,983.0,709.8,365.0,9.600000381,459.0,92.0,136104.9,330.2,132.0799952,0.0,462.2799952,4,6,"Hot Mixed, Hot Laid AC, Dense Graded","Open Graded, Cold Laid, Central Plant Mix",Fine-Grained Soils: Sandy Lean Clay,0,,23.4,Serious,rutting (H),12.0,2.673799992,2.917399979,2.795399952,0,,,,,2.5,56.0,0.15331964407939766,train
18-2009-1,18-2009,18-2009-1-0,18,Indiana,2009,1,15/6/1993,1993,1,ACATB,Asphalt concrete over asphalt treated base/subgrade,Rural Minor Arterial,North,1,General Pavement Studies,Asphalt Concrete on Bound Base,6.453114305,967640.0,,1483.96,933.97,365.0,9.699999809,321.0,98.0,128277.8,157.4800012,248.9199988,241.3,647.7,3,7,"Hot Mixed, Hot Laid AC, Dense Graded","Dense Graded, Cold Laid, Central Plant Mix",Fine-Grained Soils: Sandy Lean Clay,0,,51.6,Poor,rutting (M),7.0,,,,0,,,,,76.1,655.0,1.7932922655715264,train
19-1044-4,19-1044,19-1044-4-0,19,Iowa,1044,4,28/9/1999,1999,1,ACATB,Asphalt concrete over asphalt treated base/subgrade,Rural Principal Arterial - Other,East,1,General Pavement Studies,Asphalt Concrete on Unbound Granular Base,3.986310746,518674.0,,853.41,909.01,365.0,8.800000191,528.0,97.0,136959.3,411.4800006,0.0,254.0,665.4800006,4,6,"Hot Mixed, Hot Laid AC, Dense Graded",,Fine-Grained Soils: Sandy Lean Clay,0,,12.9,Serious,long_trans_cracking (H),5.0,3.237200022,6.192399979,4.714400005,0,,,,,0.0,919.0,2.516084873374401,train
2-1001-3,2-1001,2-1001-3-0,2,Alaska,1001,3,15/6/1995,1995,1,ACUB,Asphalt concrete over unbound base/subgrade,Rural Principal Arterial - Other,South,1,General Pavement Studies,Asphalt Concrete on Unbound Granular Base,1.037645448,68651.0,,2071.27,246.01,365.0,-1.600000024,1679.0,59.0,69523.5,76.2,160.0200048,0.0,236.2200048,1,3,"Hot Mixed, Hot Laid AC, Dense Graded",Crushed Gravel,Coarse-Grained Soil: Silty Gravel with Sand,1,379.0,36.8,Very Poor,rutting (H),8.0,,,,0,,,,,34.0,799.0,2.187542778918549,train
2-1001-3,2-1001,2-1001-3-0,2,Alaska,1001,3,22/8/1997,1997,2,ACUB,Asphalt concrete over unbound base/subgrade,Rural Principal Arterial - Other,South,1,General Pavement Studies,Asphalt Concrete on Unbound Granular Base,3.225188227,154799.0,86148.0,1884.13,338.75,365.0,-0.200000003,1464.0,58.0,85603.4,76.2,160.0200048,0.0,236.2200048,1,3,"Hot Mixed, Hot Laid AC, Dense Graded",Crushed Gravel,Coarse-Grained Soil: Silty Gravel with Sand,1,1178.0,34.0,Very Poor,rutting (H),9.0,1.238999963,1.593999982,1.416000009,1,36.8,-2.799999999999997,799.0,2.187542778918549,30.7,369.0,1.0102669404517455,train
2-1001-3,2-1001,2-1001-3-0,2,Alaska,1001,3,26/8/1998,1998,3,ACUB,Asphalt concrete over unbound base/subgrade,Rural Principal Arterial - Other,South,1,General Pavement Studies,Asphalt Concrete on Unbound Granular Base,4.235455168,197448.0,42649.0,1994.04,256.83,365.0,-0.699999988,1192.0,91.0,73372.1,76.2,160.0200048,0.0,236.2200048,1,3,"Hot Mixed, Hot Laid AC, Dense Graded",Crushed Gravel,Coarse-Grained Soil: Silty Gravel with Sand,1,1547.0,30.7,Very Poor,rutting (H),10.0,,,,2,34.0,-3.3000000000000007,369.0,1.0102669404517455,34.0,302.0,0.8268309377138946,train
2-1001-4,2-1001,2-1001-4-0,2,Alaska,1001,4,14/7/2001,2001,1,ACUB,Asphalt concrete over unbound base/subgrade,Rural Principal Arterial - Other,South,1,General Pavement Studies,Asphalt Concrete on Unbound Granular Base,2.05338809,124733.0,,2082.38,250.06,365.0,-1.0,1469.0,55.0,74188.0,76.2,160.0200048,0.0,236.2200048,1,3,"Hot Mixed, Hot Laid AC, Dense Graded",Crushed Gravel,Coarse-Grained Soil: Silty Gravel with Sand,0,,24.6,Serious,rutting (H),12.0,1.279000044,1.828999996,1.55400002,0,,,,,11.2,702.0,1.9219712525667352,train
2-1001-4,2-1001,2-1001-4-0,2,Alaska,1001,4,16/6/2003,2003,2,ACUB,Asphalt concrete over unbound base/subgrade,Rural Principal Arterial - Other,South,1,General Pavement Studies,Asphalt Concrete on Unbound Granular Base,3.975359343,239316.0,114583.0,1866.96,328.39,365.0,0.300000012,1215.0,82.0,80208.6,76.2,160.0200048,0.0,236.2200048,1,3,"Hot Mixed, Hot Laid AC, Dense Graded",Crushed Gravel,Coarse-Grained Soil: Silty Gravel with Sand,0,,11.2,Serious,rutting (H),14.0,1.363000035,1.894999981,1.628999949,1,24.6,-13.400000000000002,702.0,1.9219712525667352,10.8,689.0,1.8863791923340179,train
2-1002-1,2-1002,2-1002-1-0,2,Alaska,1002,1,30/5/1990,1990,1,ACUB,Asphalt concrete over unbound base/subgrade,Rural Principal Arterial - Other,South,1,General Pavement Studies,Asphalt Concrete on Unbound Granular Base,0.952772074,125356.0,,1221.02,371.74,365.0,-2.200000048,2078.0,64.0,82973.5,86.36000242,152.4,190.5,429.2600024,1,4,"Hot Mixed, Hot Laid AC, Dense Graded",Crushed Gravel,Coarse-Grained Soil: Poorly Graded Gravel with Silt and Sand,0,,86.0,Good,long_trans_cracking (L),,1.796199989,1.613600016,1.705199981,0,,,,,55.6,449.0,1.2292950034223136,train
2-1002-1,2-1002,2-1002-1-0,2,Alaska,1002,1,22/8/1991,1991,2,ACUB,Asphalt concrete over unbound base/subgrade,Rural Principal Arterial - Other,South,1,General Pavement Studies,Asphalt Concrete on Unbound Granular Base,2.182067077,142890.0,17534.0,1297.13,342.7,365.0,-1.0,1501.0,60.0,78728.1,86.36000242,152.4,190.5,429.2600024,1,4,"Hot Mixed, Hot Laid AC, Dense Graded",Crushed Gravel,Coarse-Grained Soil: Poorly Graded Gravel with Silt and Sand,0,,55.6,Fair,rutting (M),5.0,1.690000057,1.424000025,1.557000041,1,86.0,-30.4,449.0,1.2292950034223136,57.4,734.0,2.0095824777549622,train
2-1002-1,2-1002,2-1002-1-0,2,Alaska,1002,1,25/8/1993,1993,3,ACUB,Asphalt concrete over unbound base/subgrade,Rural Principal Arterial - Other,South,1,General Pavement Studies,Asphalt Concrete on Unbound Granular Base,4.191649555,202450.0,59560.0,1306.89,368.96,365.0,0.300000012,1303.0,83.0,80246.7,86.36000242,152.4,190.5,429.2600024,1,4,"Hot Mixed, Hot Laid AC, Dense Graded",Crushed Gravel,Coarse-Grained Soil: Poorly Graded Gravel with Silt and Sand,0,,57.4,Fair,rutting (M),6.0,1.651000023,1.43900001,1.544999957,2,55.6,1.7999999999999972,734.0,2.0095824777549622,48.9,658.0,1.8015058179329226,train
2-1002-1,2-1002,2-1002-1-0,2,Alaska,1002,1,14/6/1995,1995,4,ACUB,Asphalt concrete over unbound base/subgrade,Rural Principal Arterial - Other,South,1,General Pavement Studies,Asphalt Concrete on Unbound Granular Base,5.993155373,287542.0,85092.0,1158.52,322.56,365.0,-1.200000048,1642.0,64.0,74350.0,86.36000242,152.4,190.5,429.2600024,1,4,"Hot Mixed, Hot Laid AC, Dense Graded",Crushed Gravel,Coarse-Grained Soil: Poorly Graded Gravel with Silt and Sand,0,,48.9,Poor,rutting (M),5.0,1.840000033,1.955000043,1.896999955,3,57.4,-8.5,658.0,1.8015058179329226,48.2,799.0,2.187542778918549,train
20-1005-1,20-1005,20-1005-1-0,20,Kansas,1005,1,30/11/1990,1990,1,ACUB,Asphalt concrete over unbound base/subgrade,Rural Minor Arterial,East,1,General Pavement Studies,Asphalt Concrete on Unbound Granular Base,3.912388775,477460.0,,1101.52,981.18,365.0,12.80000019,144.0,97.0,144202.4,330.1999939,0.0,0.0,330.1999939,4,5,"Hot Mixed, Hot Laid AC, Dense Graded",,Fine-Grained Soils: Lean Inorganic Clay,0,,40.5,Poor,rutting (M),6.0,2.913600063,2.834399986,2.874199963,0,,,,,41.8,139.0,0.3805612594113621,test
20-1005-1,20-1005,20-1005-1-0,20,Kansas,1005,1,18/4/1991,1991,2,ACUB,Asphalt concrete over unbound base/subgrade,Rural Minor Arterial,East,1,General Pavement Studies,Asphalt Concrete on Unbound Granular Base,4.292950034,491055.0,13595.0,807.73,659.37,365.0,13.5,214.0,93.0,143830.6,330.1999939,0.0,0.0,330.1999939,4,5,"Hot Mixed, Hot Laid AC, Dense Graded",,Fine-Grained Soils: Lean Inorganic Clay,0,,41.8,Poor,rutting (M),6.0,2.913600063,2.834399986,2.874199963,1,40.5,1.2999999999999972,139.0,0.3805612594113621,0.0,736.0,2.0150581793292264,test
20-1010-1,20-1010,20-1010-1-0,20,Kansas,1010,1,28/11/1990,1990,1,ACUB,Asphalt concrete over unbound base/subgrade,Rural Principal Arterial - Other,West,1,General Pavement Studies,Asphalt Concrete on Unbound Granular Base,3.906913073,800340.0,,507.69,532.21,365.0,14.10000038,119.0,100.0,160201.3,223.5199988,0.0,0.0,223.5199988,3,4,"Hot Mixed, Hot Laid AC, Dense Graded",,Fine-Grained Soils: Sandy Lean Clay,0,,26.1,Very Poor,rutting (H),11.0,1.137200022,1.50539999,1.32099998,0,,,,,24.2,152.0,0.4161533196440794,train
20-1010-1,20-1010,20-1010-1-0,20,Kansas,1010,1,29/4/1991,1991,2,ACUB,Asphalt concrete over unbound base/subgrade,Rural Principal Arterial - Other,West,1,General Pavement Studies,Asphalt Concrete on Unbound Granular Base,4.323066393,906798.0,106458.0,440.21,417.59,365.0,14.0,116.0,101.0,156492.3,223.5199988,0.0,0.0,223.5199988,3,4,"Hot Mixed, Hot Laid AC, Dense Graded",,Fine-Grained Soils: Sandy Lean Clay,0,,24.2,Serious,rutting (H),11.0,1.137200022,1.50539999,1.32099998,1,26.1,-1.9000000000000021,152.0,0.4161533196440794,24.1,724.0,1.9822039698836413,train
21-1010-2,21-1010,21-1010-2-0,21,Kentucky,1010,2,9/7/1991,1991,1,ACUB,Asphalt concrete over unbound base/subgrade,Rural Major Collector,South,1,General Pavement Studies,Asphalt Concrete on Unbound Granular Base,1.9137577,19412.0,,1476.66,1017.91,365.0,13.39999962,72.0,93.0,130817.5,170.1800012,233.6799952,0.0,403.8599964,3,5,"Hot Mixed, Hot Laid AC, Dense Graded",Crushed Stone,Fine-Grained Soils: Lean Clay with Gravel,1,699.0,65.0,Fair,rutting (M),5.0,0.970599997,1.256200027,1.113400006,0,,,,,64.9,406.0,1.111567419575633,train
21-1010-2,21-1010,21-1010-2-0,21,Kentucky,1010,2,18/8/1992,1992,2,ACUB,Asphalt concrete over unbound base/subgrade,Rural Major Collector,South,1,General Pavement Studies,Asphalt Concrete on Unbound Granular Base,3.02532512,25731.0,6319.0,1249.96,971.19,366.0,12.30000019,65.0,88.0,131733.7,170.1800012,233.6799952,0.0,403.8599964,3,5,"Hot Mixed, Hot Laid AC, Dense Graded",Crushed Stone,Fine-Grained Soils: Lean Clay with Gravel,1,1105.0,64.9,Fair,rutting (M),7.0,0.991799998,1.296199989,1.144000006,1,65.0,-0.09999999999999432,406.0,1.111567419575633,63.0,203.0,0.5557837097878165,train
21-1014-4,21-1014,21-1014-4-0,21,Kentucky,1014,4,18/3/1999,1999,1,ACATB,Asphalt concrete over asphalt treated base/subgrade,Rural Principal Arterial - Other,South,1,General Pavement Studies,Asphalt Concrete on Unbound Granular Base,0.459958932,58665.0,,855.74,745.66,365.0,13.39999962,90.0,88.0,150776.4,284.4799959,0.0,152.4,436.8799959,4,6,"Hot Mixed, Hot Laid AC, Dense Graded",,Sandstone,1,168.0,27.3,Very Poor,rutting (H),8.0,2.255800009,3.083400059,2.669399977,0,,,,,29.7,434.0,1.1882272416153319,train
21-1034-1,21-1034,21-1034-1-0,21,Kentucky,1034,1,10/7/1991,1991,1,ACUB,Asphalt concrete over unbound base/subgrade,Rural Principal Arterial - Other,East,1,General Pavement Studies,Asphalt Concrete on Unbound Granular Base,4.52019165,818375.0,,1638.16,957.58,365.0,14.30000019,70.0,85.0,131593.8,370.8400051,0.0,0.0,370.8400051,3,4,"Hot Mixed, Hot Laid AC, Dense Graded",,Fine-Grained Soils: Lean Clay with Sand,0,,37.7,Very Poor,rutting (H),8.0,0.948799992,1.216200042,1.082399988,0,,,,,37.7,404.0,1.106091718001369,train
21-1034-1,21-1034,21-1034-1-0,21,Kentucky,1034,1,17/8/1992,1992,2,ACUB,Asphalt concrete over unbound base/subgrade,Rural Principal Arterial - Other,East,1,General Pavement Studies,Asphalt Concrete on Unbound Granular Base,5.626283368,898106.0,79731.0,1114.11,1035.0,366.0,13.0,54.0,86.0,134016.1,370.8400051,0.0,0.0,370.8400051,3,4,"Hot Mixed, Hot Laid AC, Dense Graded",,Fine-Grained Soils: Lean Clay with Sand,0,,37.7,Very Poor,rutting (H),10.0,1.063800001,1.170799994,1.117599988,1,37.7,0.0,404.0,1.106091718001369,48.1,205.0,0.5612594113620808,train
22-3056-2,22-3056,22-3056-2-0,22,Louisiana,3056,2,5/5/1998,1998,1,ACATB,Asphalt concrete over asphalt treated base/subgrade,Rural Principal Arterial - Interstate,North,1,General Pavement Studies,Asphalt Concrete on Bound Base,1.886379192,419445.0,,1469.22,1172.79,365.0,20.20000076,2.0,13.0,157575.8,259.0799982,200.6600024,0.0,459.7400006,3,5,"Hot Mixed, Hot Laid AC, Dense Graded",Cement Aggregate Mixture,Coarse-Grained Soil: Silty Sand,1,689.0,21.8,Serious,rutting (M),7.0,1.011399996,1.909000015,1.460199976,0,,,,,50.9,359.0,0.9828884325804244,test
22-3056-2,22-3056,22-3056-2-0,22,Louisiana,3056,2,29/4/1999,1999,2,ACATB,Asphalt concrete over asphalt treated base/subgrade,Rural Principal Arterial - Interstate,North,1,General Pavement Studies,Asphalt Concrete on Bound Base,2.869267625,605879.0,186434.0,897.9,1099.77,365.0,20.0,2.0,16.0,162611.4,259.0799982,200.6600024,0.0,459.7400006,3,5,"Hot Mixed, Hot Laid AC, Dense Graded",Cement Aggregate Mixture,Coarse-Grained Soil: Silty Sand,1,1048.0,50.9,Poor,long_trans_cracking (M),,,,,1,21.8,29.099999999999998,359.0,0.9828884325804244,0.0,1999.0,5.47296372347707,test
23-1012-1,23-1012,23-1012-1-0,23,Maine,1012,1,11/7/1994,1994,1,ACUB,Asphalt concrete over unbound base/subgrade,Rural Principal Arterial - Interstate,South,1,General Pavement Studies,Asphalt Concrete on Unbound Granular Base,6.026009582,4532552.0,,1218.16,839.79,365.0,6.599999905,890.0,74.0,125990.9,236.2199988,335.2799952,502.9199806,1074.419975,2,5,"Hot Mixed, Hot Laid AC, Dense Graded",Gravel (Uncrushed),Coarse-Grained Soil: Silty Sand,0,,33.0,Very Poor,rutting (H),10.0,0.851399994,0.758399987,0.805000019,0,,,,,24.6,1533.0,4.1971252566735116,train
23-1026-1,23-1026,23-1026-1-0,23,Maine,1026,1,23/5/1994,1994,1,ACUB,Asphalt concrete over unbound base/subgrade,Rural Principal Arterial - Other,West,1,General Pavement Studies,Asphalt Concrete on Unbound Granular Base,5.891854894,1296150.0,,1239.5,870.83,365.0,5.5,1149.0,79.0,125381.5,175.2600024,447.0400097,0.0,622.3000121,2,4,"Hot Mixed, Hot Laid AC, Dense Graded",Gravel (Uncrushed),Coarse-Grained Soil: Silty Sand with Gravel,0,,36.4,Very Poor,rutting (H),15.0,1.261400032,1.517399979,1.389599991,0,,,,,38.0,147.0,0.4024640657084189,train
23-1026-1,23-1026,23-1026-1-0,23,Maine,1026,1,17/10/1994,1994,2,ACUB,Asphalt concrete over unbound base/subgrade,Rural Principal Arterial - Other,West,1,General Pavement Studies,Asphalt Concrete on Unbound Granular Base,6.29431896,1296150.0,0.0,1239.5,870.83,365.0,5.5,1149.0,79.0,125381.5,175.2600024,447.0400097,0.0,622.3000121,2,4,"Hot Mixed, Hot Laid AC, Dense Graded",Gravel (Uncrushed),Coarse-Grained Soil: Silty Sand with Gravel,0,,38.0,Very Poor,rutting (H),15.0,1.273199987,1.421200013,1.347199988,1,36.4,1.6000000000000014,147.0,0.4024640657084189,36.8,196.0,0.5366187542778919,train
23-1026-1,23-1026,23-1026-1-0,23,Maine,1026,1,1/5/1995,1995,3,ACUB,Asphalt concrete over unbound base/subgrade,Rural Principal Arterial - Other,West,1,General Pavement Studies,Asphalt Concrete on Unbound Granular Base,6.830937714,1367001.0,70851.0,1224.36,813.83,365.0,6.0,972.0,83.0,127583.5,175.2600024,447.0400097,0.0,622.3000121,2,4,"Hot Mixed, Hot Laid AC, Dense Graded",Gravel (Uncrushed),Coarse-Grained Soil: Silty Sand with Gravel,0,,36.8,Very Poor,rutting (H),15.0,1.277200031,1.434599996,1.355800009,2,38.0,-1.2000000000000028,196.0,0.5366187542778919,35.7,367.0,1.0047912388774811,train
24-1634-1,24-1634,24-1634-1-0,24,Maryland,1634,1,13/5/1992,1992,1,ACATB,Asphalt concrete over asphalt treated base/subgrade,Rural Principal Arterial - Other,East,1,General Pavement Studies,Asphalt Concrete on Bound Base,3.529089665,576561.0,,1227.52,771.09,366.0,12.80000019,11.0,29.0,136600.8,88.9,121.9200048,330.2,541.0200048,1,4,"Hot Mixed, Hot Laid AC, Dense Graded",Sand Asphalt,Fine-Grained Soils: Silt,0,,53.9,Poor,rutting (M),7.0,1.07100002,0.936666667,1.003666679,0,,,,,48.9,568.0,1.5550992470910336,train
24-1634-1,24-1634,24-1634-1-0,24,Maryland,1634,1,2/12/1993,1993,2,ACATB,Asphalt concrete over asphalt treated base/subgrade,Rural Principal Arterial - Other,East,1,General Pavement Studies,Asphalt Concrete on Bound Base,5.084188912,626376.0,49815.0,1241.76,769.12,365.0,13.30000019,32.0,24.0,142135.9,88.9,121.9200048,330.2,541.0200048,1,4,"Hot Mixed, Hot Laid AC, Dense Graded",Sand Asphalt,Fine-Grained Soils: Silt,0,,48.9,Poor,rutting (M),6.0,0.909600008,0.957200003,0.933399987,1,53.9,-5.0,568.0,1.5550992470910336,46.6,657.0,1.7987679671457906,train
24-1634-1,24-1634,24-1634-1-0,24,Maryland,1634,1,20/9/1995,1995,3,ACATB,Asphalt concrete over asphalt treated base/subgrade,Rural Principal Arterial - Other,East,1,General Pavement Studies,Asphalt Concrete on Bound Base,6.882956879,729822.0,103446.0,1115.29,890.05,365.0,13.5,36.0,26.0,144337.6,88.9,121.9200048,330.2,541.0200048,1,4,"Hot Mixed, Hot Laid AC, Dense Graded",Sand Asphalt,Fine-Grained Soils: Silt,0,,46.6,Poor,rutting (M),5.0,0.860599995,0.976800001,0.918799996,2,48.9,-2.299999999999997,657.0,1.7987679671457906,31.4,210.0,0.5749486652977412,train
24-1634-1,24-1634,24-1634-1-0,24,Maryland,1634,1,17/4/1996,1996,4,ACATB,Asphalt concrete over asphalt treated base/subgrade,Rural Principal Arterial - Other,East,1,General Pavement Studies,Asphalt Concrete on Bound Base,7.457905544,786635.0,56813.0,1599.72,810.53,366.0,12.60000038,60.0,31.0,137924.0,88.9,121.9200048,330.2,541.0200048,1,4,"Hot Mixed, Hot Laid AC, Dense Graded",Sand Asphalt,Fine-Grained Soils: Silt,0,,31.4,Very Poor,rutting (M),5.0,0.845600009,0.944400001,0.895200014,3,46.6,-15.200000000000003,210.0,0.5749486652977412,30.1,119.0,0.3258042436687201,train
24-1634-1,24-1634,24-1634-1-0,24,Maryland,1634,1,14/8/1996,1996,5,ACATB,Asphalt concrete over asphalt treated base/subgrade,Rural Principal Arterial - Other,East,1,General Pavement Studies,Asphalt Concrete on Bound Base,7.783709788,786635.0,0.0,1599.72,810.53,366.0,12.60000038,60.0,31.0,137924.0,88.9,121.9200048,330.2,541.0200048,1,4,"Hot Mixed, Hot Laid AC, Dense Graded",Sand Asphalt,Fine-Grained Soils: Silt,0,,30.1,Very Poor,rutting (M),5.0,0.843400002,0.936199999,0.889999986,4,31.4,-1.2999999999999972,119.0,0.3258042436687201,39.1,413.0,1.1307323750855578,train
24-1634-1,24-1634,24-1634-1-0,24,Maryland,1634,1,1/10/1997,1997,6,ACATB,Asphalt concrete over asphalt treated base/subgrade,Rural Principal Arterial - Other,East,1,General Pavement Studies,Asphalt Concrete on Bound Base,8.914442163,843342.0,56707.0,1242.33,877.22,365.0,13.30000019,25.0,17.0,145245.5,88.9,121.9200048,330.2,541.0200048,1,4,"Hot Mixed, Hot Laid AC, Dense Graded",Sand Asphalt,Fine-Grained Soils: Silt,0,,39.1,Very Poor,rutting (M),6.0,0.911000001,0.973599994,0.942199993,5,30.1,9.0,413.0,1.1307323750855578,34.1,189.0,0.5174537987679672,train
24-2401-2,24-2401,24-2401-2-0,24,Maryland,2401,2,31/10/2000,2000,1,ACATB,Asphalt concrete over asphalt treated base/subgrade,Rural Principal Arterial - Other,South,1,General Pavement Studies,Asphalt Concrete on Bound Base,0.334017796,25563.0,,1216.37,946.6,366.0,11.39999962,216.0,77.0,140255.5,195.5799952,109.2200048,259.0799952,563.8799952,3,7,"Hot Mixed, Hot Laid AC, Dense Graded",Cement Aggregate Mixture,Fine-Grained Soils: Silt,0,,8.3,Failed,long_trans_cracking (H),7.0,,,,0,,,,,0.0,988.0,2.704996577686516,train
24-2401-2,24-2401,24-2401-2-0,24,Maryland,2401,2,16/7/2003,2003,2,ACATB,Asphalt concrete over asphalt treated base/subgrade,Rural Principal Arterial - Other,South,1,General Pavement Studies,Asphalt Concrete on Bound Base,3.039014374,397595.0,372032.0,1791.42,1014.82,365.0,11.10000038,226.0,73.0,127135.8,195.5799952,109.2200048,259.0799952,563.8799952,3,7,"Hot Mixed, Hot Laid AC, Dense Graded",Cement Aggregate Mixture,Fine-Grained Soils: Silt,0,,0.0,Failed,long_trans_cracking (H),7.0,,,,1,8.3,-8.3,988.0,2.704996577686516,0.0,1687.0,4.618754277891855,train
24-2401-2,24-2401,24-2401-2-0,24,Maryland,2401,2,27/2/2008,2008,3,ACATB,Asphalt concrete over asphalt treated base/subgrade,Rural Principal Arterial - Other,South,1,General Pavement Studies,Asphalt Concrete on Bound Base,7.657768652,1123982.0,726387.0,1387.31,900.28,366.0,12.30000019,102.0,92.0,138183.6,195.5799952,109.2200048,259.0799952,563.8799952,3,7,"Hot Mixed, Hot Laid AC, Dense Graded",Cement Aggregate Mixture,Fine-Grained Soils: Silt,0,,0.0,Failed,alligator_cracking (H),7.0,1.222000003,1.069000006,1.1454,2,0.0,0.0,1687.0,4.618754277891855,0.0,1009.0,2.7624914442162902,train
24-2401-2,24-2401,24-2401-2-0,24,Maryland,2401,2,2/12/2010,2010,4,ACATB,Asphalt concrete over asphalt treated base/subgrade,Rural Principal Arterial - Other,South,1,General Pavement Studies,Asphalt Concrete on Bound Base,10.4202601,1454191.0,330209.0,1204.58,938.14,365.0,12.5,214.0,73.0,141795.4,195.5799952,109.2200048,259.0799952,563.8799952,3,7,"Hot Mixed, Hot Laid AC, Dense Graded",Cement Aggregate Mixture,Fine-Grained Soils: Silt,0,,0.0,Failed,alligator_cracking (H),6.0,1.528599977,1.184799981,1.356600022,3,0.0,0.0,1009.0,2.7624914442162902,0.0,1699.0,4.65160848733744,train
25-1002-10,25-1002,25-1002-10-0,25,Massachusetts,1002,10,25/4/2002,2002,1,ACUB,Asphalt concrete over unbound base/subgrade,Rural Principal Arterial - Interstate,North,1,General Pavement Studies,Asphalt Concrete on Unbound Granular Base,0.065708419,45789.0,,1367.71,670.1,365.0,10.19999981,183.0,128.0,133403.3,198.1200018,101.6,213.3599903,513.0799921,2,5,"Hot Mixed, Hot Laid AC, Dense Graded",Crushed Gravel,Coarse-Grained Soils: Poorly Graded Sand with Silt,0,,0.0,Failed,alligator_cracking (H),6.0,4.217399931,1.477600002,2.847800016,0,,,,,0.0,411.0,1.1252566735112937,train
25-1002-10,25-1002,25-1002-10-0,25,Massachusetts,1002,10,10/6/2003,2003,2,ACUB,Asphalt concrete over unbound base/subgrade,Rural Principal Arterial - Interstate,North,1,General Pavement Studies,Asphalt Concrete on Unbound Granular Base,1.190965092,108460.0,62671.0,1621.59,899.23,365.0,8.300000191,596.0,86.0,124831.4,198.1200018,101.6,213.3599903,513.0799921,2,5,"Hot Mixed, Hot Laid AC, Dense Graded",Crushed Gravel,Coarse-Grained Soils: Poorly Graded Sand with Silt,0,,0.0,Failed,alligator_cracking (H),6.0,4.102200079,1.502400017,2.802600002,1,0.0,0.0,411.0,1.1252566735112937,0.0,315.0,0.8624229979466119,train
25-1002-4,25-1002,25-1002-4-0,25,Massachusetts,1002,4,11/5/1994,1994,1,ACUB,Asphalt concrete over unbound base/subgrade,Rural Principal Arterial - Interstate,North,1,General Pavement Studies,Asphalt Concrete on Unbound Granular Base,0.640657084,58877.0,,1262.68,924.52,365.0,8.300000191,637.0,84.0,132216.6,198.1200018,101.6,213.3599903,513.0799921,2,5,"Hot Mixed, Hot Laid AC, Dense Graded",Crushed Gravel,Coarse-Grained Soils: Poorly Graded Sand with Silt,1,233.0,8.8,Failed,long_trans_cracking (H),4.0,1.383000016,1.006000042,1.194000006,0,,,,,0.0,105.0,0.2874743326488706,train
25-1003-2,25-1003,25-1003-2-0,25,Massachusetts,1003,2,23/10/1996,1996,1,ACUB,Asphalt concrete over unbound base/subgrade,Rural Principal Arterial - Other,North,1,General Pavement Studies,Asphalt Concrete on Unbound Granular Base,8.377823409,168359.0,,1557.51,936.19,366.0,8.800000191,395.0,95.0,128397.2,167.6400036,322.5799952,0.0,490.2199988,2,4,"Hot Mixed, Hot Laid AC, Dense Graded",Gravel (Uncrushed),Coarse-Grained Soils: Poorly Graded Sand with Silt and Gravel,0,,41.0,Poor,rutting (M),4.0,,,,0,,,,,31.0,601.0,1.6454483230663928,test
25-1004-1,25-1004,25-1004-1-0,25,Massachusetts,1004,1,5/6/1997,1997,1,ACUB,Asphalt concrete over unbound base/subgrade,Rural Principal Arterial - Interstate,East,1,General Pavement Studies,Asphalt Concrete on Unbound Granular Base,8.843258042,6297990.0,,1354.12,705.21,365.0,10.30000019,55.0,53.0,136119.9,243.8399945,594.3599903,0.0,838.1999849,2,4,"Hot Mixed, Hot Laid AC, Dense Graded",Soil-Aggregate Mixture (Predominantly Fine-Grained),Coarse-Grained Soil: Silty Gravel with Sand,0,,48.3,Poor,rutting (M),7.0,0.974000013,1.060000014,1.017000008,0,,,,,11.5,375.0,1.0266940451745379,test
25-1004-1,25-1004,25-1004-1-0,25,Massachusetts,1004,1,15/6/1998,1998,2,ACUB,Asphalt concrete over unbound base/subgrade,Rural Principal Arterial - Interstate,East,1,General Pavement Studies,Asphalt Concrete on Unbound Granular Base,9.869952088,6706121.0,408131.0,1530.95,623.0,365.0,11.10000038,35.0,27.0,136016.7,243.8399945,594.3599903,0.0,838.1999849,2,4,"Hot Mixed, Hot Laid AC, Dense Graded",Soil-Aggregate Mixture (Predominantly Fine-Grained),Coarse-Grained Soil: Silty Gravel with Sand,0,,11.5,Serious,rutting (H),8.0,1.000800002,1.07420001,1.037399983,1,48.3,-36.8,375.0,1.0266940451745379,12.5,716.0,1.9603011635865846,test
26-1001-1,26-1001,26-1001-1-0,26,Michigan,1001,1,16/7/1991,1991,1,ACUB,Asphalt concrete over unbound base/subgrade,Rural Minor Arterial,East,1,General Pavement Studies,Asphalt Concrete on Unbound Granular Base,4.536618754,194996.0,,1059.25,834.51,365.0,7.300000191,652.0,98.0,125141.2,55.88000121,276.8599903,0.0,332.7399915,1,3,"Hot Mixed, Hot Laid AC, Dense Graded",Gravel (Uncrushed),Coarse-Grained Soils: Poorly Graded Sand,0,,62.0,Fair,rutting (M),6.0,0.765399992,0.749000001,0.757200003,0,,,,,95.2,413.0,1.1307323750855578,test
26-1001-1,26-1001,26-1001-1-0,26,Michigan,1001,1,1/9/1992,1992,2,ACUB,Asphalt concrete over unbound base/subgrade,Rural Minor Arterial,East,1,General Pavement Studies,Asphalt Concrete on Unbound Granular Base,5.667351129,204356.0,9360.0,1059.08,780.46,366.0,5.900000095,585.0,121.0,124897.7,55.88000121,276.8599903,0.0,332.7399915,1,3,"Hot Mixed, Hot Laid AC, Dense Graded",Gravel (Uncrushed),Coarse-Grained Soils: Poorly Graded Sand,0,,95.2,Good,long_trans_cracking (L),,0.721799994,0.746800005,0.734399986,1,62.0,33.2,413.0,1.1307323750855578,61.0,279.0,0.7638603696098563,test
26-1001-1,26-1001,26-1001-1-0,26,Michigan,1001,1,7/6/1993,1993,3,ACUB,Asphalt concrete over unbound base/subgrade,Rural Minor Arterial,East,1,General Pavement Studies,Asphalt Concrete on Unbound Granular Base,6.431211499,217606.0,13250.0,1070.72,819.21,365.0,6.0,726.0,99.0,121989.6,55.88000121,276.8599903,0.0,332.7399915,1,3,"Hot Mixed, Hot Laid AC, Dense Graded",Gravel (Uncrushed),Coarse-Grained Soils: Poorly Graded Sand,0,,61.0,Fair,rutting (M),5.0,0.76559999,0.737600005,0.751399994,2,95.2,-34.2,279.0,0.7638603696098563,93.2,704.0,1.9274469541409993,test
26-1001-1,26-1001,26-1001-1-0,26,Michigan,1001,1,12/5/1995,1995,4,ACUB,Asphalt concrete over unbound base/subgrade,Rural Minor Arterial,East,1,General Pavement Studies,Asphalt Concrete on Unbound Granular Base,8.358658453,247050.0,29444.0,997.29,756.71,365.0,6.199999809,881.0,73.0,122827.3,55.88000121,276.8599903,0.0,332.7399915,1,3,"Hot Mixed, Hot Laid AC, Dense Graded",Gravel (Uncrushed),Coarse-Grained Soils: Poorly Graded Sand,0,,93.2,Good,long_trans_cracking (L),,0.798800004,0.845399988,0.821800005,3,61.0,32.2,704.0,1.9274469541409993,16.6,3351.0,9.174537987679672,test
26-1004-3,26-1004,26-1004-3-0,26,Michigan,1004,3,27/9/2001,2001,1,ACUB,Asphalt concrete over unbound base/subgrade,Urban Other Principal Arterial,North,1,General Pavement Studies,Asphalt Concrete on Unbound Granular Base,5.32238193,187062.0,,987.79,573.65,365.0,6.0,579.0,54.0,119946.9,106.6799952,127.0,0.0,233.6799952,1,3,"Hot Mixed, Hot Laid AC, Dense Graded",Crushed Gravel,Coarse-Grained Soils: Poorly Graded Sand,0,,49.6,Poor,long_trans_cracking (H),3.0,1.344599986,1.617200017,1.480800009,0,,,,,49.2,1020.0,2.7926078028747434,train
26-1010-1,26-1010,26-1010-1-0,26,Michigan,1010,1,13/12/1991,1991,1,ACUB,Asphalt concrete over unbound base/subgrade,Rural Minor Arterial,East,1,General Pavement Studies,Asphalt Concrete on Unbound Granular Base,4.947296372,1207879.0,,971.73,810.0,365.0,8.899999619,483.0,95.0,129547.9,55.8799997,289.5599903,482.6,828.03999,2,5,"Hot Mixed, Hot Laid AC, Dense Graded",Gravel (Uncrushed),Fine-Grained Soils: Sandy Silty Clay,0,,18.8,Serious,rutting (H),9.0,1.36340003,1.349600005,1.356599998,0,,,,,60.0,262.0,0.7173169062286106,train
26-1010-1,26-1010,26-1010-1-0,26,Michigan,1010,1,31/8/1992,1992,2,ACUB,Asphalt concrete over unbound base/subgrade,Rural Minor Arterial,East,1,General Pavement Studies,Asphalt Concrete on Unbound Granular Base,5.664613279,1225437.0,17558.0,1189.08,775.08,366.0,7.400000095,394.0,122.0,127349.0,55.8799997,289.5599903,482.6,828.03999,2,5,"Hot Mixed, Hot Laid AC, Dense Graded",Gravel (Uncrushed),Fine-Grained Soils: Sandy Silty Clay,0,,60.0,Fair,long_trans_cracking (H),,1.264800024,1.282200003,1.273599982,1,18.8,41.2,262.0,0.7173169062286106,32.1,262.0,0.7173169062286106,train
26-1010-1,26-1010,26-1010-1-0,26,Michigan,1010,1,20/5/1993,1993,3,ACUB,Asphalt concrete over unbound base/subgrade,Rural Minor Arterial,East,1,General Pavement Studies,Asphalt Concrete on Unbound Granular Base,6.381930185,1257160.0,31723.0,1010.23,816.29,365.0,7.400000095,557.0,104.0,123989.0,55.8799997,289.5599903,482.6,828.03999,2,5,"Hot Mixed, Hot Laid AC, Dense Graded",Gravel (Uncrushed),Fine-Grained Soils: Sandy Silty Clay,0,,32.1,Very Poor,long_trans_cracking (H),7.0,,,,2,60.0,-27.9,262.0,0.7173169062286106,9.4,726.0,1.9876796714579055,train
26-1012-1,26-1012,26-1012-1-0,26,Michigan,1012,1,18/7/1991,1991,1,ACUB,Asphalt concrete over unbound base/subgrade,Rural Principal Arterial - Other,South,1,General Pavement Studies,Asphalt Concrete on Unbound Granular Base,4.542094456,842907.0,,1088.37,869.05,365.0,8.100000381,565.0,93.0,127977.0,154.9400006,121.9200048,548.6400097,825.5000151,3,6,"Hot Mixed, Hot Laid AC, Dense Graded",Gravel (Uncrushed),Fine-Grained Soils: Sandy Lean Clay,0,,30.1,Very Poor,rutting (H),8.0,0.986399996,1.270799994,1.128600049,0,,,,,61.0,412.0,1.1279945242984257,train
26-1012-2,26-1012,26-1012-2-0,26,Michigan,1012,2,9/6/1993,1993,1,ACUB,Asphalt concrete over unbound base/subgrade,Rural Principal Arterial - Other,South,1,General Pavement Studies,Asphalt Concrete on Unbound Granular Base,0.687200548,190017.0,,1095.45,846.71,365.0,6.800000191,623.0,95.0,122786.1,154.9400006,121.9200048,548.6400097,825.5000151,3,6,"Hot Mixed, Hot Laid AC, Dense Graded",Gravel (Uncrushed),Fine-Grained Soils: Sandy Lean Clay,0,,0.0,Failed,rutting (H),14.0,,,,0,,,,,0.0,701.0,1.919233401779603,train
26-1013-2,26-1013,26-1013-2-0,26,Michigan,1013,2,17/7/1991,1991,1,ACUB,Asphalt concrete over unbound base/subgrade,Rural Principal Arterial - Other,North,1,General Pavement Studies,Asphalt Concrete on Unbound Granular Base,1.086926762,291865.0,,1088.37,869.05,365.0,8.100000381,565.0,93.0,127977.0,170.1800027,121.9200048,472.4400097,764.5400173,3,6,"Hot Mixed, Hot Laid AC, Dense Graded",Gravel (Uncrushed),Coarse-Grained Soils: Poorly Graded Sand,0,,31.2,Very Poor,rutting (M),5.0,1.07440002,1.931999993,1.503200006,0,,,,,49.1,414.0,1.1334702258726899,train
26-1013-2,26-1013,26-1013-2-0,26,Michigan,1013,2,3/9/1992,1992,2,ACUB,Asphalt concrete over unbound base/subgrade,Rural Principal Arterial - Other,North,1,General Pavement Studies,Asphalt Concrete on Unbound Granular Base,2.220396988,455106.0,163241.0,1028.39,806.75,366.0,6.800000191,449.0,127.0,126895.8,170.1800027,121.9200048,472.4400097,764.5400173,3,6,"Hot Mixed, Hot Laid AC, Dense Graded",Gravel (Uncrushed),Coarse-Grained Soils: Poorly Graded Sand,0,,49.1,Poor,alligator_cracking (L),,1.231400037,1.517599988,1.374399996,1,31.2,17.900000000000002,414.0,1.1334702258726899,27.8,279.0,0.7638603696098563,train
26-1013-2,26-1013,26-1013-2-0,26,Michigan,1013,2,9/6/1993,1993,3,ACUB,Asphalt concrete over unbound base/subgrade,Rural Principal Arterial - Other,North,1,General Pavement Studies,Asphalt Concrete on Unbound Granular Base,2.984257358,629754.0,174648.0,1095.45,846.71,365.0,6.800000191,623.0,95.0,122786.1,170.1800027,121.9200048,472.4400097,764.5400173,3,6,"Hot Mixed, Hot Laid AC, Dense Graded",Gravel (Uncrushed),Coarse-Grained Soils: Poorly Graded Sand,0,,27.8,Very Poor,rutting (M),5.0,,,,2,49.1,-21.3,279.0,0.7638603696098563,0.0,700.0,1.9164955509924708,train
27-1003-1,27-1003,27-1003-1-0,27,Minnesota,1003,1,17/6/1994,1994,1,ACUB,Asphalt concrete over unbound base/subgrade,Rural Principal Arterial - Interstate,West,1,General Pavement Studies,Asphalt Concrete on Unbound Granular Base,1.456536619,342655.0,,933.64,762.23,365.0,5.5,1295.0,85.0,128417.6,167.6399976,101.6,838.2,1107.439998,1,4,"Hot Mixed, Hot Laid AC, Dense Graded",Soil-Aggregate Mixture (Predominantly Coarse-Grained),Fine-Grained Soils: Clay,0,,99.3,Good,long_trans_cracking (L),1.0,,,,0,,,,,56.4,1521.0,4.164271047227926,test
27-1004-1,27-1004,27-1004-1-0,27,Minnesota,1004,1,16/6/1994,1994,1,ACUB,Asphalt concrete over unbound base/subgrade,Rural Principal Arterial - Interstate,West,1,General Pavement Studies,Asphalt Concrete on Unbound Granular Base,1.453798768,336621.0,,933.64,762.23,365.0,5.5,1295.0,85.0,128417.6,228.6,0.0,0.0,228.6,1,2,"Hot Mixed, Hot Laid AC, Dense Graded",,Fine-Grained Soils: Sandy Clay,0,,85.0,Good,rutting (L),2.0,,,,0,,,,,30.2,1522.0,4.167008898015058,train
27-1016-1,27-1016,27-1016-1-0,27,Minnesota,1016,1,8/11/1990,1990,1,ACUB,Asphalt concrete over unbound base/subgrade,Rural Principal Arterial - Other,South,1,General Pavement Studies,Asphalt Concrete on Unbound Granular Base,3.852156057,257942.0,,649.43,511.23,365.0,4.699999809,1270.0,107.0,126859.2,76.2,114.3,0.0,190.5,2,4,"Hot Mixed, Hot Laid AC, Dense Graded",Gravel (Uncrushed),Coarse-Grained Soils: Poorly Graded Sand with Silt,0,,7.8,Failed,rutting (M),7.0,1.803600001,2.019199991,1.911399984,0,,,,,0.0,980.0,2.6830937713894594,test
27-1016-1,27-1016,27-1016-1-0,27,Minnesota,1016,1,15/7/1993,1993,2,ACUB,Asphalt concrete over unbound base/subgrade,Rural Principal Arterial - Other,South,1,General Pavement Studies,Asphalt Concrete on Unbound Granular Base,6.535249829,349575.0,91633.0,927.63,667.51,365.0,2.900000095,1533.0,81.0,123730.2,76.2,114.3,0.0,190.5,2,4,"Hot Mixed, Hot Laid AC, Dense Graded",Gravel (Uncrushed),Coarse-Grained Soils: Poorly Graded Sand with Silt,0,,0.0,Failed,rutting (H),8.0,1.885800004,2.504799986,2.195400047,1,7.8,-7.8,980.0,2.6830937713894594,0.0,749.0,2.0506502395619437,test
27-1017-2,27-1017,27-1017-2-0,27,Minnesota,1017,2,16/8/1998,1998,1,ACUB,Asphalt concrete over unbound base/subgrade,Rural Principal Arterial - Interstate,West,1,General Pavement Studies,Asphalt Concrete on Unbound Granular Base,0.041067762,317310.0,,926.53,729.63,365.0,8.0,697.0,85.0,128360.6,203.2,711.2,0.0,914.4,1,3,"Hot Mixed, Hot Laid AC, Dense Graded",Soil-Aggregate Mixture (Predominantly Coarse-Grained),Fine-Grained Soils: Silty Clay,0,,55.0,Fair,rutting (M),6.0,1.660599995,2.087600017,1.874000001,0,,,,,43.5,730.0,1.998631074606434,train
27-1018-2,27-1018,27-1018-2-0,27,Minnesota,1018,2,26/7/1993,1993,1,ACUB,Asphalt concrete over unbound base/subgrade,Rural Principal Arterial - Other,East,1,General Pavement Studies,Asphalt Concrete on Unbound Granular Base,0.112251882,57348.0,,928.04,683.3,365.0,3.900000095,1363.0,81.0,125853.7,111.7599994,132.0799952,0.0,243.8399945,2,4,"Hot Mixed, Hot Laid AC, Dense Graded",Gravel (Uncrushed),Coarse-Grained Soils: Poorly Graded Sand with Silt,1,41.0,28.8,Very Poor,long_trans_cracking (H),6.0,2.32159996,3.343399954,2.832399988,0,,,,,29.4,225.0,0.6160164271047228,train
27-1018-2,27-1018,27-1018-2-0,27,Minnesota,1018,2,8/3/1994,1994,2,ACUB,Asphalt concrete over unbound base/subgrade,Rural Principal Arterial - Other,East,1,General Pavement Studies,Asphalt Concrete on Unbound Granular Base,0.728268309,170078.0,112730.0,853.82,705.71,365.0,5.0,1380.0,91.0,128633.5,111.7599994,132.0799952,0.0,243.8399945,2,4,"Hot Mixed, Hot Laid AC, Dense Graded",Gravel (Uncrushed),Coarse-Grained Soils: Poorly Graded Sand with Silt,1,266.0,29.4,Very Poor,long_trans_cracking (H),6.0,2.800000012,3.305499971,3.052749991,1,28.8,0.5999999999999979,225.0,0.6160164271047228,11.9,153.0,0.4188911704312115,train
27-1018-3,27-1018,27-1018-3-0,27,Minnesota,1018,3,20/3/1995,1995,1,ACUB,Asphalt concrete over unbound base/subgrade,Rural Principal Arterial - Other,East,1,General Pavement Studies,Asphalt Concrete on Unbound Granular Base,0.55578371,94902.0,,891.24,694.51,365.0,4.300000191,1463.0,73.0,122182.2,119.3799997,132.0799952,0.0,251.4599949,3,5,"Hot Mixed, Hot Laid AC, Dense Graded",Gravel (Uncrushed),Coarse-Grained Soils: Poorly Graded Sand with Silt,0,,18.0,Serious,long_trans_cracking (H),5.0,2.020200014,2.137599993,2.079199982,0,,,,,32.1,85.0,0.2327173169062286,train
27-1019-2,27-1019,27-1019-2-0,27,Minnesota,1019,2,1/6/1992,1992,1,ACUB,Asphalt concrete over unbound base/subgrade,Rural Principal Arterial - Other,North,1,General Pavement Studies,Asphalt Concrete on Unbound Granular Base,0.213552361,45813.0,,754.2,663.31,366.0,5.800000191,924.0,91.0,126458.0,127.0000015,162.5600024,0.0,289.5600039,3,5,"Hot Mixed, Hot Laid AC, Dense Graded",Gravel (Uncrushed),Coarse-Grained Soils: Poorly Graded Sand with Silt,1,78.0,61.7,Fair,alligator_cracking (M),,1.405599976,1.551200008,1.478199983,0,,,,,20.7,134.0,0.3668720054757016,train
27-1019-2,27-1019,27-1019-2-0,27,Minnesota,1019,2,13/10/1992,1992,2,ACUB,Asphalt concrete over unbound base/subgrade,Rural Principal Arterial - Other,North,1,General Pavement Studies,Asphalt Concrete on Unbound Granular Base,0.580424367,45813.0,0.0,754.2,663.31,366.0,5.800000191,924.0,91.0,126458.0,127.0000015,162.5600024,0.0,289.5600039,3,5,"Hot Mixed, Hot Laid AC, Dense Graded",Gravel (Uncrushed),Coarse-Grained Soils: Poorly Graded Sand with Silt,1,212.0,20.7,Serious,alligator_cracking (M),,1.405599976,1.551200008,1.478199983,1,61.7,-41.0,134.0,0.3668720054757016,0.0,272.0,0.7446954140999316,train
27-1020-1,27-1020,27-1020-1-0,27,Minnesota,1020,1,2/6/1994,1994,1,ACUB,Asphalt concrete over unbound base/subgrade,Rural Principal Arterial - Interstate,West,1,General Pavement Studies,Asphalt Concrete on Unbound Granular Base,1.415468857,336621.0,,933.64,762.23,365.0,5.5,1295.0,85.0,128417.6,203.2,711.2,0.0,914.4,1,3,"Hot Mixed, Hot Laid AC, Dense Graded",Soil-Aggregate Mixture (Predominantly Coarse-Grained),Fine-Grained Soils: Clayey Silt,0,,99.5,Good,long_trans_cracking (L),1.0,,,,0,,,,,37.9,1536.0,4.205338809034908,train
27-1028-1,27-1028,27-1028-1-0,27,Minnesota,1028,1,13/11/1990,1990,1,ACUB,Asphalt concrete over unbound base/subgrade,Rural Principal Arterial - Other,East,1,General Pavement Studies,Asphalt Concrete on Unbound Granular Base,3.865845311,1556231.0,,713.29,570.28,365.0,5.800000191,1014.0,114.0,130734.3,243.8400006,0.0,0.0,243.8400006,3,4,"Hot Mixed, Hot Laid AC, Dense Graded",,Coarse-Grained Soils: Poorly Graded Sand with Silt,0,,45.7,Poor,long_trans_cracking (H),,2.063200021,2.02360003,2.04320004,0,,,,,62.7,580.0,1.5879534565366187,train
27-1028-1,27-1028,27-1028-1-0,27,Minnesota,1028,1,15/6/1992,1992,2,ACUB,Asphalt concrete over unbound base/subgrade,Rural Principal Arterial - Other,East,1,General Pavement Studies,Asphalt Concrete on Unbound Granular Base,5.453798768,1723328.0,167097.0,806.82,593.28,366.0,5.0,1033.0,98.0,126632.0,243.8400006,0.0,0.0,243.8400006,3,4,"Hot Mixed, Hot Laid AC, Dense Graded",,Coarse-Grained Soils: Poorly Graded Sand with Silt,0,,62.7,Fair,long_trans_cracking (H),,2.074399996,2.541599989,2.30800004,1,45.7,17.0,580.0,1.5879534565366187,9.4,407.0,1.1143052703627652,train
27-1028-1,27-1028,27-1028-1-0,27,Minnesota,1028,1,27/7/1993,1993,3,ACUB,Asphalt concrete over unbound base/subgrade,Rural Principal Arterial - Other,East,1,General Pavement Studies,Asphalt Concrete on Unbound Granular Base,6.568104038,1808327.0,84999.0,823.59,646.66,365.0,3.700000048,1420.0,72.0,127550.1,243.8400006,0.0,0.0,243.8400006,3,4,"Hot Mixed, Hot Laid AC, Dense Graded",,Coarse-Grained Soils: Poorly Graded Sand with Silt,0,,9.4,Failed,rutting (H),9.0,1.887600017,2.603999996,2.245199966,2,62.7,-53.300000000000004,407.0,1.1143052703627652,9.4,225.0,0.6160164271047228,train
27-1028-1,27-1028,27-1028-1-0,27,Minnesota,1028,1,9/3/1994,1994,4,ACUB,Asphalt concrete over unbound base/subgrade,Rural Principal Arterial - Other,East,1,General Pavement Studies,Asphalt Concrete on Unbound Granular Base,7.184120465,1904130.0,95803.0,706.96,667.84,365.0,4.900000095,1419.0,87.0,128331.9,243.8400006,0.0,0.0,243.8400006,3,4,"Hot Mixed, Hot Laid AC, Dense Graded",,Coarse-Grained Soils: Poorly Graded Sand with Silt,0,,9.4,Failed,rutting (H),9.0,2.204200029,2.456000042,2.330199957,3,9.4,0.0,225.0,0.6160164271047228,7.6,153.0,0.4188911704312115,train
27-1028-1,27-1028,27-1028-1-0,27,Minnesota,1028,1,9/8/1994,1994,5,ACUB,Asphalt concrete over unbound base/subgrade,Rural Principal Arterial - Other,East,1,General Pavement Studies,Asphalt Concrete on Unbound Granular Base,7.603011636,1904130.0,0.0,706.96,667.84,365.0,4.900000095,1419.0,87.0,128331.9,243.8400006,0.0,0.0,243.8400006,3,4,"Hot Mixed, Hot Laid AC, Dense Graded",,Coarse-Grained Soils: Poorly Graded Sand with Silt,0,,7.6,Failed,rutting (H),9.0,2.792400026,2.321799994,2.557200003,4,9.4,-1.8000000000000007,153.0,0.4188911704312115,9.4,224.0,0.6132785763175906,train
27-1028-1,27-1028,27-1028-1-0,27,Minnesota,1028,1,21/3/1995,1995,6,ACUB,Asphalt concrete over unbound base/subgrade,Rural Principal Arterial - Other,East,1,General Pavement Studies,Asphalt Concrete on Unbound Granular Base,8.216290212,2001281.0,97151.0,902.39,643.36,365.0,4.099999905,1504.0,65.0,121493.6,243.8400006,0.0,0.0,243.8400006,3,4,"Hot Mixed, Hot Laid AC, Dense Graded",,Coarse-Grained Soils: Poorly Graded Sand with Silt,0,,9.4,Failed,rutting (H),9.0,2.500600004,3.00999999,2.755400038,5,7.6,1.8000000000000007,224.0,0.6132785763175906,9.4,133.0,0.36413415468856947,train
27-1028-1,27-1028,27-1028-1-0,27,Minnesota,1028,1,1/8/1995,1995,7,ACUB,Asphalt concrete over unbound base/subgrade,Rural Principal Arterial - Other,East,1,General Pavement Studies,Asphalt Concrete on Unbound Granular Base,8.580424367,2001281.0,0.0,902.39,643.36,365.0,4.099999905,1504.0,65.0,121493.6,243.8400006,0.0,0.0,243.8400006,3,4,"Hot Mixed, Hot Laid AC, Dense Graded",,Coarse-Grained Soils: Poorly Graded Sand with Silt,0,,9.4,Failed,rutting (H),9.0,2.451600027,3.244999981,2.848199987,6,9.4,0.0,133.0,0.36413415468856947,9.4,434.0,1.1882272416153319,train
27-1028-1,27-1028,27-1028-1-0,27,Minnesota,1028,1,8/10/1996,1996,8,ACUB,Asphalt concrete over unbound base/subgrade,Rural Principal Arterial - Other,East,1,General Pavement Studies,Asphalt Concrete on Unbound Granular Base,9.768651608,2104037.0,102756.0,761.76,633.13,366.0,2.599999905,1987.0,74.0,130400.8,243.8400006,0.0,0.0,243.8400006,3,4,"Hot Mixed, Hot Laid AC, Dense Graded",,Coarse-Grained Soils: Poorly Graded Sand with Silt,0,,9.4,Failed,rutting (H),9.0,2.802600002,2.714400005,2.758599997,7,9.4,0.0,434.0,1.1882272416153319,60.0,247.0,0.676249144421629,train
27-1087-2,27-1087,27-1087-2-0,27,Minnesota,1087,2,3/8/1999,1999,1,ACUB,Asphalt concrete over unbound base/subgrade,Urban Other Principal Arterial,North,1,General Pavement Studies,Asphalt Concrete on Unbound Granular Base,0.462696783,37488.0,,961.75,816.65,365.0,7.699999809,719.0,97.0,131684.9,398.7800012,0.0,0.0,398.7800012,2,3,"Hot Mixed, Hot Laid AC, Dense Graded",,Coarse-Grained Soil: Silty Sand,1,169.0,39.9,Very Poor,rutting (M),4.0,2.515799999,3.085199976,2.800600004,0,,,,,29.2,1142.0,3.1266255989048597,train
27-2023-1,27-2023,27-2023-1-0,27,Minnesota,2023,1,2/6/1994,1994,1,ACATB,Asphalt concrete over asphalt treated base/subgrade,Rural Principal Arterial - Interstate,West,1,General Pavement Studies,Asphalt Concrete on Bound Base,1.415468857,336621.0,,933.64,762.23,365.0,5.5,1295.0,85.0,128417.6,337.8200048,101.6,76.2,515.6200048,1,4,"Hot Mixed, Hot Laid AC, Dense Graded",Asphalt Treated Mixture,Fine-Grained Soils: Sandy Silty Clay with Gravel,0,,100.0,Good,,1.0,,,,0,,,,,88.2,1536.0,4.205338809034908,train
27-6251-1,27-6251,27-6251-1-0,27,Minnesota,6251,1,18/6/1992,1992,1,ACUB,Asphalt concrete over unbound base/subgrade,Rural Principal Arterial - Other,West,1,General Pavement Studies,Asphalt Concrete on Unbound Granular Base,5.46201232,665215.0,,814.69,612.73,366.0,3.900000095,1260.0,87.0,124052.0,187.9600024,259.0799952,0.0,447.0399976,1,3,"Hot Mixed, Hot Laid AC, Dense Graded",Gravel (Uncrushed),Coarse-Grained Soils: Poorly Graded Sand with Silt,0,,72.2,Satisfactory,long_trans_cracking (M),,1.78579998,1.517799973,1.651999974,0,,,,,46.6,391.0,1.0704996577686516,train
27-6251-1,27-6251,27-6251-1-0,27,Minnesota,6251,1,14/7/1993,1993,2,ACUB,Asphalt concrete over unbound base/subgrade,Rural Principal Arterial - Other,West,1,General Pavement Studies,Asphalt Concrete on Unbound Granular Base,6.532511978,740954.0,75739.0,927.63,667.51,365.0,2.900000095,1533.0,81.0,123730.2,187.9600024,259.0799952,0.0,447.0399976,1,3,"Hot Mixed, Hot Laid AC, Dense Graded",Gravel (Uncrushed),Coarse-Grained Soils: Poorly Graded Sand with Silt,0,,46.6,Poor,rutting (M),4.0,2.012800002,1.397399998,1.705400014,1,72.2,-25.6,391.0,1.0704996577686516,31.5,217.0,0.5941136208076659,train
27-6251-1,27-6251,27-6251-1-0,27,Minnesota,6251,1,16/2/1994,1994,3,ACUB,Asphalt concrete over unbound base/subgrade,Rural Principal Arterial - Other,West,1,General Pavement Studies,Asphalt Concrete on Unbound Granular Base,7.126625599,819154.0,78200.0,759.15,668.6,365.0,4.0,1534.0,89.0,125713.6,187.9600024,259.0799952,0.0,447.0399976,1,3,"Hot Mixed, Hot Laid AC, Dense Graded",Gravel (Uncrushed),Coarse-Grained Soils: Poorly Graded Sand with Silt,0,,31.5,Very Poor,long_trans_cracking (H),6.0,1.884200001,1.378199983,1.631400037,2,46.6,-15.100000000000001,217.0,0.5941136208076659,63.3,189.0,0.5174537987679672,train
27-6251-1,27-6251,27-6251-1-0,27,Minnesota,6251,1,24/8/1994,1994,4,ACUB,Asphalt concrete over unbound base/subgrade,Rural Principal Arterial - Other,West,1,General Pavement Studies,Asphalt Concrete on Unbound Granular Base,7.644079398,819154.0,0.0,759.15,668.6,365.0,4.0,1534.0,89.0,125713.6,187.9600024,259.0799952,0.0,447.0399976,1,3,"Hot Mixed, Hot Laid AC, Dense Graded",Gravel (Uncrushed),Coarse-Grained Soils: Poorly Graded Sand with Silt,0,,63.3,Fair,long_trans_cracking (M),,2.22239995,1.556200004,1.889400005,3,31.5,31.799999999999997,189.0,0.5174537987679672,32.1,218.0,0.5968514715947981,train
27-6251-1,27-6251,27-6251-1-0,27,Minnesota,6251,1,30/3/1995,1995,5,ACUB,Asphalt concrete over unbound base/subgrade,Rural Principal Arterial - Other,West,1,General Pavement Studies,Asphalt Concrete on Unbound Granular Base,8.240930869,894066.0,74912.0,952.14,638.26,365.0,3.0,1765.0,68.0,119692.9,187.9600024,259.0799952,0.0,447.0399976,1,3,"Hot Mixed, Hot Laid AC, Dense Graded",Gravel (Uncrushed),Coarse-Grained Soils: Poorly Graded Sand with Silt,0,,32.1,Very Poor,long_trans_cracking (H),5.0,2.148400021,1.953600001,2.050999975,4,63.3,-31.199999999999996,218.0,0.5968514715947981,32.1,125.0,0.34223134839151265,train
27-6251-1,27-6251,27-6251-1-0,27,Minnesota,6251,1,2/8/1995,1995,6,ACUB,Asphalt concrete over unbound base/subgrade,Rural Principal Arterial - Other,West,1,General Pavement Studies,Asphalt Concrete on Unbound Granular Base,8.583162218,894066.0,0.0,952.14,638.26,365.0,3.0,1765.0,68.0,119692.9,187.9600024,259.0799952,0.0,447.0399976,1,3,"Hot Mixed, Hot Laid AC, Dense Graded",Gravel (Uncrushed),Coarse-Grained Soils: Poorly Graded Sand with Silt,0,,32.1,Very Poor,long_trans_cracking (H),6.0,2.327800035,1.787000012,2.057600069,5,32.1,0.0,125.0,0.34223134839151265,31.8,435.0,1.1909650924024642,train
27-6251-1,27-6251,27-6251-1-0,27,Minnesota,6251,1,10/10/1996,1996,7,ACUB,Asphalt concrete over unbound base/subgrade,Rural Principal Arterial - Other,West,1,General Pavement Studies,Asphalt Concrete on Unbound Granular Base,9.77412731,968687.0,74621.0,817.29,637.99,366.0,1.5,2243.0,60.0,126548.3,187.9600024,259.0799952,0.0,447.0399976,1,3,"Hot Mixed, Hot Laid AC, Dense Graded",Gravel (Uncrushed),Coarse-Grained Soils: Poorly Graded Sand with Silt,0,,31.8,Very Poor,long_trans_cracking (H),5.0,2.205800009,1.622399998,1.914199996,6,32.1,-0.3000000000000007,435.0,1.1909650924024642,29.5,244.0,0.6680355920602327,train
27-6251-1,27-6251,27-6251-1-0,27,Minnesota,6251,1,11/6/1997,1997,8,ACUB,Asphalt concrete over unbound base/subgrade,Rural Principal Arterial - Other,West,1,General Pavement Studies,Asphalt Concrete on Unbound Granular Base,10.4421629,1047486.0,78799.0,685.55,704.56,365.0,3.5,1573.0,69.0,126597.9,187.9600024,259.0799952,0.0,447.0399976,1,3,"Hot Mixed, Hot Laid AC, Dense Graded",Gravel (Uncrushed),Coarse-Grained Soils: Poorly Graded Sand with Silt,0,,29.5,Very Poor,long_trans_cracking (H),5.0,3.350999975,2.460000038,2.905600071,7,31.8,-2.3000000000000007,244.0,0.6680355920602327,30.0,91.0,0.24914442162902123,train
28-1001-1,28-1001,28-1001-1-0,28,Mississippi,1001,1,4/3/1991,1991,1,ACTB,Asphalt concrete over cement/lime treated base/subgrade,Rural Principal Arterial - Other,North,1,General Pavement Studies,Asphalt Concrete on Bound Base,4.169746749,236044.0,,1973.49,1018.96,365.0,17.0,8.0,52.0,133417.8,93.98000121,154.9399976,208.2799952,457.1999939,2,5,"Hot Mixed, Hot Laid AC, Dense Graded",HMAC,Fine-Grained Soils: Lean Clay with Sand,0,,22.4,Serious,rutting (H),9.0,0.937,0.648400009,0.792599988,0,,,,,44.5,863.0,2.3627652292950034,test
28-1001-1,28-1001,28-1001-1-0,28,Mississippi,1001,1,14/7/1993,1993,2,ACTB,Asphalt concrete over cement/lime treated base/subgrade,Rural Principal Arterial - Other,North,1,General Pavement Studies,Asphalt Concrete on Bound Base,6.532511978,378174.0,142130.0,1542.44,992.66,365.0,16.29999924,10.0,54.0,142704.4,93.98000121,154.9399976,208.2799952,457.1999939,2,5,"Hot Mixed, Hot Laid AC, Dense Graded",HMAC,Fine-Grained Soils: Lean Clay with Sand,0,,44.5,Poor,rutting (M),6.0,,,,1,22.4,22.1,863.0,2.3627652292950034,0.0,1482.0,4.057494866529774,test
28-1016-1,28-1016,28-1016-1-0,28,Mississippi,1016,1,4/3/1991,1991,1,ACUB,Asphalt concrete over unbound base/subgrade,Urban Minor Arterial,North,1,General Pavement Studies,Asphalt Concrete on Bound Base,3.843942505,222032.0,,1809.88,1139.35,365.0,17.39999962,4.0,40.0,135933.7,193.0400021,490.2199806,0.0,683.2599827,3,5,"Hot Mixed, Hot Laid AC, Dense Graded","Other (Specify, if Possible)",Coarse-Grained Soil: Silty Sand,0,,65.0,Fair,rutting (M),4.0,1.109399962,1.01960001,1.064400005,0,,,,,85.0,492.0,1.3470225872689938,train
28-1016-1,28-1016,28-1016-1-0,28,Mississippi,1016,1,8/7/1992,1992,2,ACUB,Asphalt concrete over unbound base/subgrade,Urban Minor Arterial,North,1,General Pavement Studies,Asphalt Concrete on Bound Base,5.190965092,287886.0,65854.0,1514.42,1063.73,366.0,16.60000038,8.0,38.0,144344.7,193.0400021,490.2199806,0.0,683.2599827,3,5,"Hot Mixed, Hot Laid AC, Dense Graded","Other (Specify, if Possible)",Coarse-Grained Soil: Silty Sand,0,,85.0,Good,rutting (L),3.0,1.077600002,1.058200002,1.068000007,1,65.0,20.0,492.0,1.3470225872689938,65.0,198.0,0.5420944558521561,train
28-1016-1,28-1016,28-1016-1-0,28,Mississippi,1016,1,22/1/1993,1993,3,ACUB,Asphalt concrete over unbound base/subgrade,Urban Minor Arterial,North,1,General Pavement Studies,Asphalt Concrete on Bound Base,5.733059548,356009.0,68123.0,1691.31,1041.4,365.0,16.60000038,6.0,41.0,143375.0,193.0400021,490.2199806,0.0,683.2599827,3,5,"Hot Mixed, Hot Laid AC, Dense Graded","Other (Specify, if Possible)",Coarse-Grained Soil: Silty Sand,0,,65.0,Fair,rutting (M),4.0,1.0454,1.057200027,1.051600003,2,85.0,-20.0,198.0,0.5420944558521561,65.0,172.0,0.47091033538672145,train
28-1016-1,28-1016,28-1016-1-0,28,Mississippi,1016,1,13/7/1993,1993,4,ACUB,Asphalt concrete over unbound base/subgrade,Urban Minor Arterial,North,1,General Pavement Studies,Asphalt Concrete on Bound Base,6.203969884,356009.0,0.0,1691.31,1041.4,365.0,16.60000038,6.0,41.0,143375.0,193.0400021,490.2199806,0.0,683.2599827,3,5,"Hot Mixed, Hot Laid AC, Dense Graded","Other (Specify, if Possible)",Coarse-Grained Soil: Silty Sand,0,,65.0,Fair,rutting (M),4.0,,,,3,65.0,0.0,172.0,0.47091033538672145,63.8,756.0,2.0698151950718686,train
28-1016-1,28-1016,28-1016-1-0,28,Mississippi,1016,1,8/8/1995,1995,5,ACUB,Asphalt concrete over unbound base/subgrade,Urban Minor Arterial,North,1,General Pavement Studies,Asphalt Concrete on Bound Base,8.273785079,492969.0,136960.0,1346.21,1123.83,365.0,17.10000038,10.0,52.0,152584.3,193.0400021,490.2199806,0.0,683.2599827,3,5,"Hot Mixed, Hot Laid AC, Dense Graded","Other (Specify, if Possible)",Coarse-Grained Soil: Silty Sand,0,,63.8,Fair,rutting (M),4.0,1.100799966,1.106999993,1.103999996,4,65.0,-1.2000000000000028,756.0,2.0698151950718686,63.9,246.0,0.6735112936344969,train
28-1016-1,28-1016,28-1016-1-0,28,Mississippi,1016,1,10/4/1996,1996,6,ACUB,Asphalt concrete over unbound base/subgrade,Urban Minor Arterial,North,1,General Pavement Studies,Asphalt Concrete on Bound Base,8.947296372,594958.0,101989.0,1431.87,1110.25,366.0,16.79999924,71.0,46.0,152031.8,193.0400021,490.2199806,0.0,683.2599827,3,5,"Hot Mixed, Hot Laid AC, Dense Graded","Other (Specify, if Possible)",Coarse-Grained Soil: Silty Sand,0,,63.9,Fair,rutting (M),4.0,1.089400005,1.157200027,1.123000002,5,63.8,0.10000000000000142,246.0,0.6735112936344969,60.1,192.0,0.5256673511293635,train
28-1016-1,28-1016,28-1016-1-0,28,Mississippi,1016,1,19/10/1996,1996,7,ACUB,Asphalt concrete over unbound base/subgrade,Urban Minor Arterial,North,1,General Pavement Studies,Asphalt Concrete on Bound Base,9.472963723,594958.0,0.0,1431.87,1110.25,366.0,16.79999924,71.0,46.0,152031.8,193.0400021,490.2199806,0.0,683.2599827,3,5,"Hot Mixed, Hot Laid AC, Dense Graded","Other (Specify, if Possible)",Coarse-Grained Soil: Silty Sand,0,,60.1,Fair,rutting (M),4.0,1.011000001,1.080600023,1.045799994,6,63.9,-3.799999999999997,192.0,0.5256673511293635,60.3,357.0,0.9774127310061602,train
28-1802-1,28-1802,28-1802-1-0,28,Mississippi,1802,1,28/12/1990,1990,1,ACTB,Asphalt concrete over cement/lime treated base/subgrade,Rural Principal Arterial - Other,East,1,General Pavement Studies,Asphalt Concrete on Bound Base,3.989048597,680413.0,,1018.44,1085.25,365.0,19.20000076,4.0,17.0,153070.3,78.73999758,124.4600024,40.64000061,243.8400006,2,5,"Hot Mixed, Hot Laid AC, Dense Graded",HMAC,Coarse-Grained Soils: Poorly Graded Sand,0,,49.9,Poor,rutting (M),4.0,1.035199976,0.986000001,1.010599995,0,,,,,51.0,69.0,0.188911704312115,train
28-1802-1,28-1802,28-1802-1-0,28,Mississippi,1802,1,7/3/1991,1991,2,ACTB,Asphalt concrete over cement/lime treated base/subgrade,Rural Principal Arterial - Other,East,1,General Pavement Studies,Asphalt Concrete on Bound Base,4.177960301,752740.0,72327.0,1625.66,1231.93,365.0,18.29999924,0.0,27.0,133817.2,78.73999758,124.4600024,40.64000061,243.8400006,2,5,"Hot Mixed, Hot Laid AC, Dense Graded",HMAC,Coarse-Grained Soils: Poorly Graded Sand,0,,51.0,Poor,rutting (M),4.0,1.035199976,0.986000001,1.010599995,1,49.9,1.1000000000000014,69.0,0.188911704312115,59.0,488.0,1.3360711841204653,train
28-1802-1,28-1802,28-1802-1-0,28,Mississippi,1802,1,7/7/1992,1992,3,ACTB,Asphalt concrete over cement/lime treated base/subgrade,Rural Principal Arterial - Other,East,1,General Pavement Studies,Asphalt Concrete on Bound Base,5.514031485,818320.0,65580.0,1629.1,1165.46,366.0,17.89999962,5.0,23.0,145372.3,78.73999758,124.4600024,40.64000061,243.8400006,2,5,"Hot Mixed, Hot Laid AC, Dense Graded",HMAC,Coarse-Grained Soils: Poorly Graded Sand,0,,59.0,Fair,long_trans_cracking (M),3.0,1.14920001,1.177400017,1.163199997,2,51.0,8.0,488.0,1.3360711841204653,53.2,198.0,0.5420944558521561,train
28-1802-1,28-1802,28-1802-1-0,28,Mississippi,1802,1,21/1/1993,1993,4,ACTB,Asphalt concrete over cement/lime treated base/subgrade,Rural Principal Arterial - Other,East,1,General Pavement Studies,Asphalt Concrete on Bound Base,6.056125941,890962.0,72642.0,1891.87,1224.4,365.0,17.70000076,5.0,21.0,148262.3,78.73999758,124.4600024,40.64000061,243.8400006,2,5,"Hot Mixed, Hot Laid AC, Dense Graded",HMAC,Coarse-Grained Soils: Poorly Graded Sand,0,,53.2,Poor,long_trans_cracking (M),3.0,1.261199999,1.241599989,1.251399994,3,59.0,-5.799999999999997,198.0,0.5420944558521561,38.6,909.0,2.48870636550308,train
28-1802-1,28-1802,28-1802-1-0,28,Mississippi,1802,1,19/7/1995,1995,5,ACTB,Asphalt concrete over cement/lime treated base/subgrade,Rural Principal Arterial - Other,East,1,General Pavement Studies,Asphalt Concrete on Bound Base,8.544832307,1038726.0,147764.0,1327.33,1199.19,365.0,18.39999962,1.0,40.0,153323.1,78.73999758,124.4600024,40.64000061,243.8400006,2,5,"Hot Mixed, Hot Laid AC, Dense Graded",HMAC,Coarse-Grained Soils: Poorly Graded Sand,0,,38.6,Very Poor,rutting (M),4.0,2.025600004,2.348399973,2.186999989,4,53.2,-14.600000000000001,909.0,2.48870636550308,28.7,267.0,0.731006160164271,train
28-1802-1,28-1802,28-1802-1-0,28,Mississippi,1802,1,11/4/1996,1996,6,ACTB,Asphalt concrete over cement/lime treated base/subgrade,Rural Principal Arterial - Other,East,1,General Pavement Studies,Asphalt Concrete on Bound Base,9.275838467,1123335.0,84609.0,1191.09,1163.61,366.0,18.0,29.0,40.0,154001.4,78.73999758,124.4600024,40.64000061,243.8400006,2,5,"Hot Mixed, Hot Laid AC, Dense Graded",HMAC,Coarse-Grained Soils: Poorly Graded Sand,0,,28.7,Very Poor,long_trans_cracking (H),4.0,2.072799969,2.21159997,2.142000008,5,38.6,-9.900000000000002,267.0,0.731006160164271,60.3,180.0,0.4928131416837782,train
28-1802-1,28-1802,28-1802-1-0,28,Mississippi,1802,1,8/10/1996,1996,7,ACTB,Asphalt concrete over cement/lime treated base/subgrade,Rural Principal Arterial - Other,East,1,General Pavement Studies,Asphalt Concrete on Bound Base,9.768651608,1123335.0,0.0,1191.09,1163.61,366.0,18.0,29.0,40.0,154001.4,78.73999758,124.4600024,40.64000061,243.8400006,2,5,"Hot Mixed, Hot Laid AC, Dense Graded",HMAC,Coarse-Grained Soils: Poorly Graded Sand,0,,60.3,Fair,long_trans_cracking (H),,1.67559998,1.805200005,1.740199995,6,28.7,31.599999999999998,180.0,0.4928131416837782,53.7,139.0,0.3805612594113621,train
28-1802-2,28-1802,28-1802-2-0,28,Mississippi,1802,2,9/9/1997,1997,1,ACTB,Asphalt concrete over cement/lime treated base/subgrade,Rural Principal Arterial - Other,East,1,General Pavement Studies,Asphalt Concrete on Bound Base,0.320328542,51661.0,,1557.55,1252.96,365.0,17.89999962,3.0,26.0,147922.1,78.73999758,124.4600024,40.64000061,243.8400006,2,5,"Hot Mixed, Hot Laid AC, Dense Graded",HMAC,Coarse-Grained Soils: Poorly Graded Sand,1,117.0,32.3,Very Poor,long_trans_cracking (H),4.0,1.862800002,2.118200016,1.990599966,0,,,,,32.3,234.0,0.6406570841889117,train
28-1802-2,28-1802,28-1802-2-0,28,Mississippi,1802,2,1/5/1998,1998,2,ACTB,Asphalt concrete over cement/lime treated base/subgrade,Rural Principal Arterial - Other,East,1,General Pavement Studies,Asphalt Concrete on Bound Base,0.960985626,133704.0,82043.0,1541.46,1177.3,365.0,19.5,0.0,21.0,157950.7,78.73999758,124.4600024,40.64000061,243.8400006,2,5,"Hot Mixed, Hot Laid AC, Dense Graded",HMAC,Coarse-Grained Soils: Poorly Graded Sand,1,351.0,32.3,Very Poor,long_trans_cracking (H),4.0,1.617000008,1.942800045,1.77980001,1,32.3,0.0,234.0,0.6406570841889117,58.0,196.0,0.5366187542778919,train
28-1802-3,28-1802,28-1802-3-0,28,Mississippi,1802,3,7/6/1999,1999,1,ACTB,Asphalt concrete over cement/lime treated base/subgrade,Rural Principal Arterial - Other,East,1,General Pavement Studies,Asphalt Concrete on Bound Base,0.062970568,53237.0,,929.35,1043.38,365.0,19.20000076,5.0,25.0,161964.8,78.73999758,124.4600024,40.64000061,243.8400006,2,5,"Hot Mixed, Hot Laid AC, Dense Graded",HMAC,Coarse-Grained Soils: Poorly Graded Sand,1,23.0,16.1,Serious,long_trans_cracking (H),4.0,2.841200018,3.174799967,3.007999992,0,,,,,13.7,584.0,1.5989048596851472,train
28-3081-2,28-3081,28-3081-2-0,28,Mississippi,3081,2,4/3/1991,1991,1,ACATB,Asphalt concrete over asphalt treated base/subgrade,Rural Principal Arterial - Other,West,1,General Pavement Studies,Asphalt Concrete on Bound Base,0.465434634,437249.0,,1973.49,1018.96,365.0,17.0,8.0,52.0,133417.8,228.6,154.9399976,0.0,383.5399976,3,5,"Hot Mixed, Hot Laid AC, Dense Graded",Soil Cement,Coarse-Grained Soil: Clayey Sand,0,,37.7,Very Poor,rutting (H),10.0,0.742599988,0.762199998,0.752400005,0,,,,,36.2,863.0,2.3627652292950034,train
28-3081-2,28-3081,28-3081-2-0,28,Mississippi,3081,2,14/7/1993,1993,2,ACATB,Asphalt concrete over asphalt treated base/subgrade,Rural Principal Arterial - Other,West,1,General Pavement Studies,Asphalt Concrete on Bound Base,2.828199863,1242814.0,805565.0,1542.44,992.66,365.0,16.29999924,10.0,54.0,142704.4,228.6,154.9399976,0.0,383.5399976,3,5,"Hot Mixed, Hot Laid AC, Dense Graded",Soil Cement,Coarse-Grained Soil: Clayey Sand,0,,36.2,Very Poor,rutting (H),9.0,,,,1,37.7,-1.5,863.0,2.3627652292950034,30.3,856.0,2.3436002737850785,train
28-3082-1,28-3082,28-3082-1-0,28,Mississippi,3082,1,6/3/1997,1997,1,ACATB,Asphalt concrete over asphalt treated base/subgrade,Rural Principal Arterial - Other,West,4,General Pavement Studies,Asphalt Concrete on Bound Base,7.51266256,941726.0,,1620.51,1186.31,365.0,16.60000038,31.0,40.0,149861.0,182.8800042,91.43999758,180.3399976,454.6599994,3,6,"Hot Mixed, Hot Laid AC, Dense Graded",HMAC,Coarse-Grained Soils: Poorly Graded Sand,0,,42.4,Poor,alligator_cracking (M),,,,,0,,,,,0.0,1061.0,2.9048596851471595,train
28-3082-1,28-3082,28-3082-1-0,28,Mississippi,3082,1,31/1/2000,2000,2,ACATB,Asphalt concrete over asphalt treated base/subgrade,Rural Principal Arterial - Other,West,4,General Pavement Studies,Asphalt Concrete on Bound Base,10.41752225,1417413.0,475687.0,1063.39,846.94,366.0,17.89999962,32.0,53.0,157887.0,182.8800042,91.43999758,180.3399976,454.6599994,3,6,"Hot Mixed, Hot Laid AC, Dense Graded",HMAC,Coarse-Grained Soils: Poorly Graded Sand,0,,0.0,Failed,rutting (H),10.0,,,,1,42.4,-42.4,1061.0,2.9048596851471595,0.0,345.0,0.944558521560575,train
28-3083-1,28-3083,28-3083-1-0,28,Mississippi,3083,1,5/3/1991,1991,1,ACATB,Asphalt concrete over asphalt treated base/subgrade,Rural Principal Arterial - Other,East,1,General Pavement Studies,Asphalt Concrete on Bound Base,4.1724846,45550.0,,1776.71,1052.69,365.0,16.5,12.0,54.0,132820.9,53.34000061,165.1,0.0,218.4400006,2,4,Chip Seal,Soil Cement,Coarse-Grained Soils: Poorly Graded Sand,0,,45.8,Poor,block_cracking (M),3.0,1.593400002,1.328800035,1.461199999,0,,,,,55.1,862.0,2.3600273785078714,train
28-3083-1,28-3083,28-3083-1-0,28,Mississippi,3083,1,14/7/1993,1993,2,ACATB,Asphalt concrete over asphalt treated base/subgrade,Rural Principal Arterial - Other,East,1,General Pavement Studies,Asphalt Concrete on Bound Base,6.532511978,53758.0,8208.0,1517.46,1024.29,365.0,15.80000019,12.0,61.0,141176.8,53.34000061,165.1,0.0,218.4400006,2,4,Chip Seal,Soil Cement,Coarse-Grained Soils: Poorly Graded Sand,0,,55.1,Fair,block_cracking (M),,,,,1,45.8,9.300000000000004,862.0,2.3600273785078714,27.6,847.0,2.31895961670089,train
28-3083-1,28-3083,28-3083-1-0,28,Mississippi,3083,1,8/11/1995,1995,3,ACATB,Asphalt concrete over asphalt treated base/subgrade,Rural Principal Arterial - Other,East,1,General Pavement Studies,Asphalt Concrete on Bound Base,8.851471595,65437.0,11679.0,1512.99,1043.33,365.0,16.10000038,32.0,73.0,150888.9,53.34000061,165.1,0.0,218.4400006,2,4,Chip Seal,Soil Cement,Coarse-Grained Soils: Poorly Graded Sand,0,,27.6,Very Poor,block_cracking (M),4.0,1.666000009,1.7602,1.713199997,2,55.1,-27.5,847.0,2.31895961670089,34.8,1406.0,3.8494182067077345,train
28-3083-1,28-3083,28-3083-1-0,28,Mississippi,3083,1,14/9/1999,1999,4,ACATB,Asphalt concrete over asphalt treated base/subgrade,Rural Principal Arterial - Other,East,1,General Pavement Studies,Asphalt Concrete on Bound Base,12.7008898,83995.0,18558.0,1029.87,958.6,365.0,17.20000076,28.0,45.0,159146.6,53.34000061,165.1,0.0,218.4400006,2,4,Chip Seal,Soil Cement,Coarse-Grained Soils: Poorly Graded Sand,0,,34.8,Very Poor,block_cracking (H),1.0,1.625199986,1.495799994,1.560399985,3,27.6,7.199999999999996,1406.0,3.8494182067077345,38.0,1274.0,3.488021902806297,train
28-3083-1,28-3083,28-3083-1-0,28,Mississippi,3083,1,11/3/2003,2003,5,ACATB,Asphalt concrete over asphalt treated base/subgrade,Rural Principal Arterial - Other,East,1,General Pavement Studies,Asphalt Concrete on Bound Base,16.1889117,105390.0,21395.0,1517.48,1151.82,365.0,15.80000019,36.0,68.0,147389.4,53.34000061,165.1,0.0,218.4400006,2,4,Chip Seal,Soil Cement,Coarse-Grained Soils: Poorly Graded Sand,0,,38.0,Very Poor,block_cracking (M),3.0,1.831999993,1.57019999,1.700999999,4,34.8,3.200000000000003,1274.0,3.488021902806297,42.8,2800.0,7.665982203969883,train
28-3083-1,28-3083,28-3083-1-0,28,Mississippi,3083,1,9/11/2010,2010,6,ACATB,Asphalt concrete over asphalt treated base/subgrade,Rural Principal Arterial - Other,East,1,General Pavement Studies,Asphalt Concrete on Bound Base,23.85489391,162042.0,56652.0,996.85,990.16,365.0,16.29999924,88.0,71.0,151206.4,53.34000061,165.1,0.0,218.4400006,2,4,Chip Seal,Soil Cement,Coarse-Grained Soils: Poorly Graded Sand,0,,42.8,Poor,block_cracking (M),3.0,1.987999988,2.037000036,2.012199998,5,38.0,4.799999999999997,2800.0,7.665982203969883,23.7,1471.0,4.027378507871321,train
28-3083-1,28-3083,28-3083-1-0,28,Mississippi,3083,1,19/11/2014,2014,7,ACATB,Asphalt concrete over asphalt treated base/subgrade,Rural Principal Arterial - Other,East,1,General Pavement Studies,Asphalt Concrete on Bound Base,27.88227242,202955.0,40913.0,1558.23,1115.22,365.0,15.10000038,84.0,69.0,146529.7,53.34000061,165.1,0.0,218.4400006,2,4,Chip Seal,Soil Cement,Coarse-Grained Soils: Poorly Graded Sand,0,,23.7,Serious,block_cracking (H),3.0,,,,6,42.8,-19.099999999999998,1471.0,4.027378507871321,23.6,678.0,1.8562628336755647,train
28-3085-1,28-3085,28-3085-1-0,28,Mississippi,3085,1,5/3/1991,1991,1,ACATB,Asphalt concrete over asphalt treated base/subgrade,Rural Principal Arterial - Other,East,1,General Pavement Studies,Asphalt Concrete on Bound Base,4.1724846,53583.0,,1776.71,1052.69,365.0,16.5,12.0,54.0,132820.9,43.18000121,116.8399976,0.0,160.0199988,2,4,Chip Seal,Soil Cement,Coarse-Grained Soil: Clayey Sand,0,,38.5,Very Poor,block_cracking (M),2.0,1.853999972,1.521999955,1.687999964,0,,,,,22.7,862.0,2.3600273785078714,test
28-3085-1,28-3085,28-3085-1-0,28,Mississippi,3085,1,14/7/1993,1993,2,ACATB,Asphalt concrete over asphalt treated base/subgrade,Rural Principal Arterial - Other,East,1,General Pavement Studies,Asphalt Concrete on Bound Base,6.532511978,63365.0,9782.0,1517.46,1024.29,365.0,15.80000019,12.0,61.0,141176.8,43.18000121,116.8399976,0.0,160.0199988,2,4,Chip Seal,Soil Cement,Coarse-Grained Soil: Clayey Sand,0,,22.7,Serious,block_cracking (M),2.0,,,,1,38.5,-15.8,862.0,2.3600273785078714,0.0,848.0,2.321697467488022,test
28-3085-3,28-3085,28-3085-3-0,28,Mississippi,3085,3,7/3/2003,2003,1,ACATB,Asphalt concrete over asphalt treated base/subgrade,Rural Principal Arterial - Other,East,1,General Pavement Studies,Asphalt Concrete on Bound Base,1.642710472,19438.0,,1517.48,1151.82,365.0,15.80000019,36.0,68.0,147389.4,55.88000121,116.8399976,0.0,172.7199988,3,5,Chip Seal,Soil Cement,Coarse-Grained Soil: Clayey Sand,0,,0.0,Failed,alligator_cracking (H),4.0,1.938800001,2.231800032,2.085399985,0,,,,,0.0,3540.0,9.69199178644764,test
28-3085-3,28-3085,28-3085-3-0,28,Mississippi,3085,3,14/11/2012,2012,2,ACATB,Asphalt concrete over asphalt treated base/subgrade,Rural Principal Arterial - Other,East,1,General Pavement Studies,Asphalt Concrete on Bound Base,11.33470226,108169.0,88731.0,1266.22,998.43,366.0,17.5,7.0,42.0,150078.8,55.88000121,116.8399976,0.0,172.7199988,3,5,Chip Seal,Soil Cement,Coarse-Grained Soil: Clayey Sand,0,,0.0,Failed,alligator_cracking (H),6.0,,,,1,0.0,0.0,3540.0,9.69199178644764,0.0,735.0,2.0123203285420943,test
28-3087-1,28-3087,28-3087-1-0,28,Mississippi,3087,1,5/3/1991,1991,1,ACATB,Asphalt concrete over asphalt treated base/subgrade,Rural Principal Arterial - Other,South,1,General Pavement Studies,Asphalt Concrete on Bound Base,4.1724846,451386.0,,1776.71,1052.69,365.0,16.5,12.0,54.0,132820.9,152.4,149.8600024,0.0,302.2600024,3,5,"Hot Mixed, Hot Laid AC, Dense Graded",Soil Cement,Coarse-Grained Soils: Poorly Graded Sand,0,,50.5,Poor,rutting (M),6.0,1.138499975,0.871000007,1.004749998,0,,,,,27.1,862.0,2.3600273785078714,train
28-3087-1,28-3087,28-3087-1-0,28,Mississippi,3087,1,14/7/1993,1993,2,ACATB,Asphalt concrete over asphalt treated base/subgrade,Rural Principal Arterial - Other,South,1,General Pavement Studies,Asphalt Concrete on Bound Base,6.532511978,553354.0,101968.0,1517.46,1024.29,365.0,15.80000019,12.0,61.0,141176.8,152.4,149.8600024,0.0,302.2600024,3,5,"Hot Mixed, Hot Laid AC, Dense Graded",Soil Cement,Coarse-Grained Soils: Poorly Graded Sand,0,,27.1,Very Poor,rutting (M),6.0,,,,1,50.5,-23.4,862.0,2.3600273785078714,9.0,852.0,2.3326488706365502,train
28-3089-1,28-3089,28-3089-1-0,28,Mississippi,3089,1,5/3/1991,1991,1,ACATB,Asphalt concrete over asphalt treated base/subgrade,Rural Principal Arterial - Other,East,1,General Pavement Studies,Asphalt Concrete on Bound Base,4.1724846,673079.0,,1666.01,1031.45,365.0,16.70000076,12.0,58.0,132727.3,281.9400051,144.7799952,0.0,426.7200003,4,6,"Hot Mixed, Hot Laid AC, Dense Graded",Soil Cement,Fine-Grained Soils: Sandy Lean Clay,0,,89.0,Good,long_trans_cracking (L),,1.019399977,1.14519999,1.082400012,0,,,,,42.6,861.0,2.3572895277207393,test
28-3089-1,28-3089,28-3089-1-0,28,Mississippi,3089,1,13/7/1993,1993,2,ACATB,Asphalt concrete over asphalt treated base/subgrade,Rural Principal Arterial - Other,East,1,General Pavement Studies,Asphalt Concrete on Bound Base,6.529774127,859726.0,186647.0,1519.49,986.61,365.0,16.0,10.0,58.0,140379.7,281.9400051,144.7799952,0.0,426.7200003,4,6,"Hot Mixed, Hot Laid AC, Dense Graded",Soil Cement,Fine-Grained Soils: Sandy Lean Clay,0,,42.6,Poor,rutting (M),4.0,,,,1,89.0,-46.4,861.0,2.3572895277207393,32.1,868.0,2.3764544832306638,test
28-3090-1,28-3090,28-3090-1-0,28,Mississippi,3090,1,5/3/1991,1991,1,ACATB,Asphalt concrete over asphalt treated base/subgrade,Rural Principal Arterial - Other,East,1,General Pavement Studies,Asphalt Concrete on Bound Base,4.1724846,63517.0,,1666.01,1031.45,365.0,16.70000076,12.0,58.0,132727.3,63.49999849,137.1600024,416.5600145,617.2200154,2,6,Chip Seal,Soil Cement,Fine-Grained Soils: Silt with Sand,0,,60.0,Fair,alligator_cracking (L),,1.367799997,1.057400012,1.212599993,0,,,,,22.9,1728.0,4.731006160164271,train
28-3090-1,28-3090,28-3090-1-0,28,Mississippi,3090,1,27/11/1995,1995,2,ACATB,Asphalt concrete over asphalt treated base/subgrade,Rural Principal Arterial - Other,East,1,General Pavement Studies,Asphalt Concrete on Bound Base,8.90349076,95246.0,31729.0,1367.61,1015.6,365.0,16.5,29.0,66.0,151127.5,63.49999849,137.1600024,416.5600145,617.2200154,2,6,Chip Seal,Soil Cement,Fine-Grained Soils: Silt with Sand,0,,22.9,Serious,alligator_cracking (M),3.0,1.334800005,1.514199996,1.424399996,1,60.0,-37.1,1728.0,4.731006160164271,16.0,1506.0,4.123203285420945,train
28-3090-2,28-3090,28-3090-2-0,28,Mississippi,3090,2,6/3/2003,2003,1,ACATB,Asphalt concrete over asphalt treated base/subgrade,Rural Principal Arterial - Other,East,1,General Pavement Studies,Asphalt Concrete on Bound Base,2.455852156,34088.0,,1444.57,1098.76,365.0,16.10000038,34.0,66.0,147606.1,73.65999864,137.1600024,416.5600145,627.3800156,3,7,Chip Seal,Soil Cement,Fine-Grained Soils: Silt with Sand,0,,52.4,Poor,rutting (M),5.0,1.600800014,1.569800019,1.5852,0,,,,,0.0,3540.0,9.69199178644764,train
28-3090-2,28-3090,28-3090-2-0,28,Mississippi,3090,2,13/11/2012,2012,2,ACATB,Asphalt concrete over asphalt treated base/subgrade,Rural Principal Arterial - Other,East,1,General Pavement Studies,Asphalt Concrete on Bound Base,12.14784394,134049.0,99961.0,1159.02,944.75,366.0,17.89999962,7.0,39.0,149291.6,73.65999864,137.1600024,416.5600145,627.3800156,3,7,Chip Seal,Soil Cement,Fine-Grained Soils: Silt with Sand,0,,0.0,Failed,alligator_cracking (M),6.0,,,,1,52.4,-52.4,3540.0,9.69199178644764,0.0,442.0,1.2101300479123889,train
28-3091-1,28-3091,28-3091-1-0,28,Mississippi,3091,1,7/3/1991,1991,1,ACTB,Asphalt concrete over cement/lime treated base/subgrade,Rural Principal Arterial - Other,South,1,General Pavement Studies,Asphalt Concrete on Bound Base,4.177960301,1170180.0,,1645.72,1168.54,365.0,17.60000038,1.0,37.0,136229.9,88.9,203.2,0.0,292.1,2,4,"Hot Mixed, Hot Laid AC, Dense Graded",HMAC,Coarse-Grained Soil: Silty Sand,0,,30.6,Very Poor,rutting (M),6.0,,,,0,,,,,0.0,858.0,2.349075975359343,train
29-1002-1,29-1002,29-1002-1-0,29,Missouri,1002,1,6/5/1992,1992,1,ACUB,Asphalt concrete over unbound base/subgrade,Rural Major Collector,West,1,General Pavement Studies,Asphalt Concrete on Unbound Granular Base,5.344284736,41159.0,,1281.13,805.37,366.0,12.30000019,88.0,110.0,137016.8,172.7200018,190.5,0.0,363.2200018,3,5,"Hot Mixed, Hot Laid AC, Dense Graded",Crushed Stone,Coarse-Grained Soil: Clayey Gravel with Sand,0,,60.9,Fair,long_trans_cracking (M),3.0,1.216199994,1.387200022,1.301600027,0,,,,,48.7,363.0,0.9938398357289527,train
29-1002-1,29-1002,29-1002-1-0,29,Missouri,1002,1,4/5/1993,1993,2,ACUB,Asphalt concrete over unbound base/subgrade,Rural Major Collector,West,1,General Pavement Studies,Asphalt Concrete on Unbound Granular Base,6.338124572,51371.0,10212.0,1312.79,1077.17,365.0,10.89999962,258.0,96.0,131585.5,172.7200018,190.5,0.0,363.2200018,3,5,"Hot Mixed, Hot Laid AC, Dense Graded",Crushed Stone,Coarse-Grained Soil: Clayey Gravel with Sand,0,,48.7,Poor,long_trans_cracking (H),2.0,1.195599985,1.534399986,1.364999986,1,60.9,-12.199999999999996,363.0,0.9938398357289527,47.9,798.0,2.184804928131417,train
29-1002-1,29-1002,29-1002-1-0,29,Missouri,1002,1,11/7/1995,1995,3,ACUB,Asphalt concrete over unbound base/subgrade,Rural Major Collector,West,1,General Pavement Studies,Asphalt Concrete on Unbound Granular Base,8.5229295,86887.0,35516.0,1073.07,952.53,365.0,11.89999962,295.0,87.0,139059.3,172.7200018,190.5,0.0,363.2200018,3,5,"Hot Mixed, Hot Laid AC, Dense Graded",Crushed Stone,Coarse-Grained Soil: Clayey Gravel with Sand,0,,47.9,Poor,long_trans_cracking (H),2.0,,,,2,48.7,-0.8000000000000043,798.0,2.184804928131417,0.0,1711.0,4.684462696783025,train
29-1005-1,29-1005,29-1005-1-0,29,Missouri,1005,1,5/5/1992,1992,1,ACUB,Asphalt concrete over unbound base/subgrade,Rural Principal Arterial - Other,West,1,General Pavement Studies,Asphalt Concrete on Unbound Granular Base,5.341546886,1505890.0,,1494.14,850.43,366.0,12.69999981,65.0,104.0,138709.1,226.0599994,99.06000242,0.0,325.1200018,3,5,"Hot Mixed, Hot Laid AC, Dense Graded",Crushed Stone,Fine-Grained Soils: Sandy Clay,0,,57.2,Fair,rutting (M),5.0,0.838200009,0.745799994,0.791999996,0,,,,,30.4,365.0,0.999315537303217,train
29-1005-1,29-1005,29-1005-1-0,29,Missouri,1005,1,5/5/1993,1993,2,ACUB,Asphalt concrete over unbound base/subgrade,Rural Principal Arterial - Other,West,1,General Pavement Studies,Asphalt Concrete on Unbound Granular Base,6.340862423,1599575.0,93685.0,1242.59,1116.46,365.0,11.5,201.0,95.0,132669.3,226.0599994,99.06000242,0.0,325.1200018,3,5,"Hot Mixed, Hot Laid AC, Dense Graded",Crushed Stone,Fine-Grained Soils: Sandy Clay,0,,30.4,Very Poor,rutting (M),7.0,0.898599994,0.717200005,0.808000004,1,57.2,-26.800000000000004,365.0,0.999315537303217,56.4,798.0,2.184804928131417,train
29-1005-1,29-1005,29-1005-1-0,29,Missouri,1005,1,12/7/1995,1995,3,ACUB,Asphalt concrete over unbound base/subgrade,Rural Principal Arterial - Other,West,1,General Pavement Studies,Asphalt Concrete on Unbound Granular Base,8.525667351,1815509.0,215934.0,1172.29,965.59,365.0,12.5,261.0,81.0,141102.3,226.0599994,99.06000242,0.0,325.1200018,3,5,"Hot Mixed, Hot Laid AC, Dense Graded",Crushed Stone,Fine-Grained Soils: Sandy Clay,0,,56.4,Fair,raveling_weathering (M),,,,,2,30.4,26.0,798.0,2.184804928131417,0.0,1707.0,4.673511293634497,train
29-1005-1,29-1005,29-1005-1-0,29,Missouri,1005,1,14/3/2000,2000,4,ACUB,Asphalt concrete over unbound base/subgrade,Rural Principal Arterial - Other,West,1,General Pavement Studies,Asphalt Concrete on Unbound Granular Base,13.19917864,2512832.0,697323.0,787.51,737.79,366.0,13.60000038,233.0,85.0,148137.4,226.0599994,99.06000242,0.0,325.1200018,3,5,"Hot Mixed, Hot Laid AC, Dense Graded",Crushed Stone,Fine-Grained Soils: Sandy Clay,0,,0.0,Failed,alligator_cracking (M),6.0,0.839600003,0.797599995,0.818799996,3,56.4,-56.4,1707.0,4.673511293634497,0.0,1066.0,2.91854893908282,train
29-1005-1,29-1005,29-1005-1-0,29,Missouri,1005,1,13/2/2003,2003,5,ACUB,Asphalt concrete over unbound base/subgrade,Rural Principal Arterial - Other,West,1,General Pavement Studies,Asphalt Concrete on Unbound Granular Base,16.11772758,3134136.0,621304.0,1343.09,924.8,365.0,12.80000019,164.0,98.0,145927.4,226.0599994,99.06000242,0.0,325.1200018,3,5,"Hot Mixed, Hot Laid AC, Dense Graded",Crushed Stone,Fine-Grained Soils: Sandy Clay,0,,0.0,Failed,alligator_cracking (M),7.0,,,,4,0.0,0.0,1066.0,2.91854893908282,18.2,803.0,2.198494182067077,train
29-1008-1,29-1008,29-1008-1-0,29,Missouri,1008,1,16/2/1992,1992,1,ACUB,Asphalt concrete over unbound base/subgrade,Rural Minor Arterial,South,1,General Pavement Studies,Asphalt Concrete on Unbound Granular Base,5.125256674,263330.0,,1378.35,1014.19,366.0,13.10000038,49.0,87.0,141642.5,289.5600024,111.7600024,0.0,401.3200048,3,5,"Hot Mixed, Hot Laid AC, Dense Graded",Crushed Stone,Coarse-Grained Soil: Poorly Graded Gravel with Clay and Sand,0,,56.5,Fair,rutting (M),7.0,1.655999994,1.612599993,1.634200025,0,,,,,33.1,407.0,1.1143052703627652,train
29-1008-2,29-1008,29-1008-2-0,29,Missouri,1008,2,1/2/2000,2000,1,ACUB,Asphalt concrete over unbound base/subgrade,Rural Minor Arterial,South,1,General Pavement Studies,Asphalt Concrete on Unbound Granular Base,2.836413415,237521.0,,860.75,942.08,366.0,13.89999962,200.0,78.0,152183.5,289.5600024,111.7600024,0.0,401.3200048,3,5,"Hot Mixed, Hot Laid AC, Dense Graded",Crushed Stone,Coarse-Grained Soil: Poorly Graded Gravel with Clay and Sand,0,,54.3,Poor,alligator_cracking (M),,1.7102,1.532399988,1.621399999,0,,,,,0.0,1114.0,3.049965776865161,train
30-1001-1,30-1001,30-1001-1-0,30,Montana,1001,1,23/5/1991,1991,1,ACUB,Asphalt concrete over unbound base/subgrade,Rural Principal Arterial - Other,West,1,General Pavement Studies,Asphalt Concrete on Unbound Granular Base,2.7816564,582257.0,,1029.06,554.71,365.0,3.700000048,853.0,123.0,130820.7,71.12000125,353.0599903,233.6799952,657.8599867,2,5,"Hot Mixed, Hot Laid AC, Dense Graded",Crushed Gravel,Coarse-Grained Soil: Clayey Gravel with Sand,0,,38.0,Very Poor,rutting (H),9.0,1.001999974,1.048399997,1.025400019,0,,,,,96.3,827.0,2.2642026009582477,train
30-1001-1,30-1001,30-1001-1-0,30,Montana,1001,1,27/8/1993,1993,2,ACUB,Asphalt concrete over unbound base/subgrade,Rural Principal Arterial - Other,West,1,General Pavement Studies,Asphalt Concrete on Unbound Granular Base,5.045859001,720822.0,138565.0,1090.81,621.12,365.0,1.899999976,1053.0,116.0,127355.1,71.12000125,353.0599903,233.6799952,657.8599867,2,5,"Hot Mixed, Hot Laid AC, Dense Graded",Crushed Gravel,Coarse-Grained Soil: Clayey Gravel with Sand,0,,96.3,Good,long_trans_cracking (L),,1.044199991,1.112199998,1.078200006,1,38.0,58.3,827.0,2.2642026009582477,38.0,740.0,2.026009582477755,train
30-1001-1,30-1001,30-1001-1-0,30,Montana,1001,1,6/9/1995,1995,3,ACUB,Asphalt concrete over unbound base/subgrade,Rural Principal Arterial - Other,West,1,General Pavement Studies,Asphalt Concrete on Unbound Granular Base,7.071868583,876370.0,155548.0,1100.82,585.46,365.0,3.299999952,739.0,154.0,129598.3,71.12000125,353.0599903,233.6799952,657.8599867,2,5,"Hot Mixed, Hot Laid AC, Dense Graded",Crushed Gravel,Coarse-Grained Soil: Clayey Gravel with Sand,0,,38.0,Very Poor,rutting (H),13.0,1.042799997,1.1204,1.081599998,2,96.3,-58.3,740.0,2.026009582477755,36.9,680.0,1.8617385352498288,train
30-1001-1,30-1001,30-1001-1-0,30,Montana,1001,1,17/7/1997,1997,4,ACUB,Asphalt concrete over unbound base/subgrade,Rural Principal Arterial - Other,West,1,General Pavement Studies,Asphalt Concrete on Unbound Granular Base,8.933607118,1052132.0,175762.0,1032.38,663.78,365.0,3.200000048,941.0,118.0,128627.0,71.12000125,353.0599903,233.6799952,657.8599867,2,5,"Hot Mixed, Hot Laid AC, Dense Graded",Crushed Gravel,Coarse-Grained Soil: Clayey Gravel with Sand,0,,36.9,Very Poor,rutting (H),14.0,1.097199988,1.095000029,1.096000028,3,38.0,-1.1000000000000014,680.0,1.8617385352498288,34.3,704.0,1.9274469541409993,train
30-8129-1,30-8129,30-8129-1-0,30,Montana,8129,1,6/7/1992,1992,1,ACUB,Asphalt concrete over unbound base/subgrade,Rural Principal Arterial - Other,East,1,General Pavement Studies,Asphalt Concrete on Unbound Granular Base,4.098562628,189097.0,,389.02,413.0,366.0,7.199999809,396.0,134.0,135692.0,81.28000008,579.1199806,0.0,660.3999807,2,4,"Hot Mixed, Hot Laid AC, Dense Graded",Crushed Gravel,Fine-Grained Soils: Gravelly Lean Clay with Sand,0,,60.1,Fair,long_trans_cracking (H),,0.868999982,1.16639998,1.017600036,0,,,,,58.1,526.0,1.4401095140314852,train
30-8129-1,30-8129,30-8129-1-0,30,Montana,8129,1,14/12/1993,1993,2,ACUB,Asphalt concrete over unbound base/subgrade,Rural Principal Arterial - Other,East,1,General Pavement Studies,Asphalt Concrete on Unbound Granular Base,5.538672142,233310.0,44213.0,577.13,497.99,365.0,4.900000095,705.0,124.0,133064.3,81.28000008,579.1199806,0.0,660.3999807,2,4,"Hot Mixed, Hot Laid AC, Dense Graded",Crushed Gravel,Fine-Grained Soils: Gravelly Lean Clay with Sand,0,,58.1,Fair,rutting (M),7.0,0.864399993,1.081800008,0.973000002,1,60.1,-2.0,526.0,1.4401095140314852,35.4,93.0,0.2546201232032854,train
30-8129-1,30-8129,30-8129-1-0,30,Montana,8129,1,17/3/1994,1994,3,ACUB,Asphalt concrete over unbound base/subgrade,Rural Principal Arterial - Other,East,1,General Pavement Studies,Asphalt Concrete on Unbound Granular Base,5.793292266,285167.0,51857.0,402.62,413.46,365.0,7.099999905,542.0,123.0,138076.1,81.28000008,579.1199806,0.0,660.3999807,2,4,"Hot Mixed, Hot Laid AC, Dense Graded",Crushed Gravel,Fine-Grained Soils: Gravelly Lean Clay with Sand,0,,35.4,Very Poor,rutting (H),8.0,0.897800004,1.158200002,1.027799988,2,58.1,-22.700000000000003,93.0,0.2546201232032854,22.6,228.0,0.6242299794661191,train
30-8129-1,30-8129,30-8129-1-0,30,Montana,8129,1,31/10/1994,1994,4,ACUB,Asphalt concrete over unbound base/subgrade,Rural Principal Arterial - Other,East,1,General Pavement Studies,Asphalt Concrete on Unbound Granular Base,6.417522245,285167.0,0.0,402.62,413.46,365.0,7.099999905,542.0,123.0,138076.1,81.28000008,579.1199806,0.0,660.3999807,2,4,"Hot Mixed, Hot Laid AC, Dense Graded",Crushed Gravel,Fine-Grained Soils: Gravelly Lean Clay with Sand,0,,22.6,Serious,rutting (H),8.0,0.918800008,1.115400004,1.01700002,3,35.4,-12.799999999999997,228.0,0.6242299794661191,22.3,109.0,0.29842573579739906,train
30-8129-1,30-8129,30-8129-1-0,30,Montana,8129,1,17/2/1995,1995,5,ACUB,Asphalt concrete over unbound base/subgrade,Rural Principal Arterial - Other,East,1,General Pavement Studies,Asphalt Concrete on Unbound Granular Base,6.715947981,353354.0,68187.0,570.45,487.29,365.0,6.300000191,477.0,144.0,135273.7,81.28000008,579.1199806,0.0,660.3999807,2,4,"Hot Mixed, Hot Laid AC, Dense Graded",Crushed Gravel,Fine-Grained Soils: Gravelly Lean Clay with Sand,0,,22.3,Serious,rutting (H),9.0,0.932799995,1.276799989,1.1046,4,22.6,-0.3000000000000007,109.0,0.29842573579739906,22.8,90.0,0.2464065708418891,train
30-8129-1,30-8129,30-8129-1-0,30,Montana,8129,1,18/5/1995,1995,6,ACUB,Asphalt concrete over unbound base/subgrade,Rural Principal Arterial - Other,East,1,General Pavement Studies,Asphalt Concrete on Unbound Granular Base,6.962354552,353354.0,0.0,570.45,487.29,365.0,6.300000191,477.0,144.0,135273.7,81.28000008,579.1199806,0.0,660.3999807,2,4,"Hot Mixed, Hot Laid AC, Dense Graded",Crushed Gravel,Fine-Grained Soils: Gravelly Lean Clay with Sand,0,,22.8,Serious,rutting (H),8.0,0.971399987,1.391799998,1.181400013,5,22.3,0.5,90.0,0.2464065708418891,24.2,529.0,1.4483230663928817,train
30-8129-1,30-8129,30-8129-1-0,30,Montana,8129,1,28/10/1996,1996,7,ACUB,Asphalt concrete over unbound base/subgrade,Rural Principal Arterial - Other,East,1,General Pavement Studies,Asphalt Concrete on Unbound Granular Base,8.410677618,412514.0,59160.0,467.93,394.26,366.0,5.300000191,976.0,121.0,134785.8,81.28000008,579.1199806,0.0,660.3999807,2,4,"Hot Mixed, Hot Laid AC, Dense Graded",Crushed Gravel,Fine-Grained Soils: Gravelly Lean Clay with Sand,0,,24.2,Serious,rutting (H),9.0,0.915400004,1.243000007,1.079200006,6,22.8,1.3999999999999986,529.0,1.4483230663928817,24.0,87.0,0.23819301848049282,train
30-8129-1,30-8129,30-8129-1-0,30,Montana,8129,1,23/1/1997,1997,8,ACUB,Asphalt concrete over unbound base/subgrade,Rural Principal Arterial - Other,East,1,General Pavement Studies,Asphalt Concrete on Unbound Granular Base,8.648870637,472454.0,59940.0,527.9,534.2,365.0,6.199999809,592.0,136.0,132498.6,81.28000008,579.1199806,0.0,660.3999807,2,4,"Hot Mixed, Hot Laid AC, Dense Graded",Crushed Gravel,Fine-Grained Soils: Gravelly Lean Clay with Sand,0,,24.0,Serious,rutting (H),9.0,0.915400004,1.243000007,1.079200006,7,24.2,-0.1999999999999993,87.0,0.23819301848049282,22.5,61.0,0.16700889801505817,train
30-8129-1,30-8129,30-8129-1-0,30,Montana,8129,1,25/3/1997,1997,9,ACUB,Asphalt concrete over unbound base/subgrade,Rural Principal Arterial - Other,East,1,General Pavement Studies,Asphalt Concrete on Unbound Granular Base,8.815879535,472454.0,0.0,527.9,534.2,365.0,6.199999809,592.0,136.0,132498.6,81.28000008,579.1199806,0.0,660.3999807,2,4,"Hot Mixed, Hot Laid AC, Dense Graded",Crushed Gravel,Fine-Grained Soils: Gravelly Lean Clay with Sand,0,,22.5,Serious,rutting (H),9.0,1.074199986,1.38179996,1.227999997,8,24.0,-1.5,61.0,0.16700889801505817,24.1,139.0,0.3805612594113621,train
30-8129-1,30-8129,30-8129-1-0,30,Montana,8129,1,11/8/1997,1997,10,ACUB,Asphalt concrete over unbound base/subgrade,Rural Principal Arterial - Other,East,1,General Pavement Studies,Asphalt Concrete on Unbound Granular Base,9.196440794,472454.0,0.0,527.9,534.2,365.0,6.199999809,592.0,136.0,132498.6,81.28000008,579.1199806,0.0,660.3999807,2,4,"Hot Mixed, Hot Laid AC, Dense Graded",Crushed Gravel,Fine-Grained Soils: Gravelly Lean Clay with Sand,0,,24.1,Serious,rutting (H),10.0,1.028600001,1.498600006,1.263599968,9,22.5,1.6000000000000014,139.0,0.3805612594113621,24.0,51.0,0.13963039014373715,train
30-8129-1,30-8129,30-8129-1-0,30,Montana,8129,1,1/10/1997,1997,11,ACUB,Asphalt concrete over unbound base/subgrade,Rural Principal Arterial - Other,East,1,General Pavement Studies,Asphalt Concrete on Unbound Granular Base,9.336071184,472454.0,0.0,527.9,534.2,365.0,6.199999809,592.0,136.0,132498.6,81.28000008,579.1199806,0.0,660.3999807,2,4,"Hot Mixed, Hot Laid AC, Dense Graded",Crushed Gravel,Fine-Grained Soils: Gravelly Lean Clay with Sand,0,,24.0,Serious,rutting (H),9.0,1.043799996,1.391200018,1.217600036,10,24.1,-0.10000000000000142,51.0,0.13963039014373715,24.1,630.0,1.7248459958932238,train
30-8129-1,30-8129,30-8129-1-0,30,Montana,8129,1,23/6/1999,1999,12,ACUB,Asphalt concrete over unbound base/subgrade,Rural Principal Arterial - Other,East,1,General Pavement Studies,Asphalt Concrete on Unbound Granular Base,11.06091718,593194.0,120740.0,380.46,389.23,365.0,7.599999905,231.0,154.0,136312.0,81.28000008,579.1199806,0.0,660.3999807,2,4,"Hot Mixed, Hot Laid AC, Dense Graded",Crushed Gravel,Fine-Grained Soils: Gravelly Lean Clay with Sand,0,,24.1,Serious,rutting (H),11.0,1.092999983,1.389999986,1.241600013,11,24.0,0.10000000000000142,630.0,1.7248459958932238,10.7,1059.0,2.8993839835728954,train
31-1030-2,31-1030,31-1030-2-0,31,Nebraska,1030,2,29/11/1990,1990,1,ACUB,Asphalt concrete over unbound base/subgrade,Rural Principal Arterial - Other,West,1,General Pavement Studies,Asphalt Concrete on Unbound Granular Base,2.220396988,92936.0,,508.68,487.42,365.0,11.69999981,240.0,109.0,153996.1,185.4199952,0.0,0.0,185.4199952,3,4,"Hot Mixed, Hot Laid AC, Dense Graded",,Fine-Grained Soils: Silt,0,,87.2,Good,long_trans_cracking (L),,1.053800011,1.096000004,1.074599981,0,,,,,27.8,195.0,0.5338809034907598,train
31-1030-2,31-1030,31-1030-2-0,31,Nebraska,1030,2,12/6/1991,1991,2,ACUB,Asphalt concrete over unbound base/subgrade,Rural Principal Arterial - Other,West,1,General Pavement Studies,Asphalt Concrete on Unbound Granular Base,2.754277892,125277.0,32341.0,652.96,500.15,365.0,11.69999981,229.0,121.0,148059.3,185.4199952,0.0,0.0,185.4199952,3,4,"Hot Mixed, Hot Laid AC, Dense Graded",,Fine-Grained Soils: Silt,0,,27.8,Very Poor,rutting (H),11.0,1.403399992,1.34380002,1.373399997,1,87.2,-59.400000000000006,195.0,0.5338809034907598,27.2,678.0,1.8562628336755647,train
31-1030-2,31-1030,31-1030-2-0,31,Nebraska,1030,2,20/4/1993,1993,3,ACUB,Asphalt concrete over unbound base/subgrade,Rural Principal Arterial - Other,West,1,General Pavement Studies,Asphalt Concrete on Unbound Granular Base,4.610540726,193524.0,68247.0,1163.07,716.81,365.0,9.199999809,407.0,115.0,143178.1,185.4199952,0.0,0.0,185.4199952,3,4,"Hot Mixed, Hot Laid AC, Dense Graded",,Fine-Grained Soils: Silt,0,,27.2,Very Poor,rutting (H),12.0,,,,2,27.8,-0.6000000000000014,678.0,1.8562628336755647,19.1,931.0,2.5489390828199863,train
32-1020-2,32-1020,32-1020-2-0,32,Nevada,1020,2,5/6/1997,1997,1,ACUB,Asphalt concrete over unbound base/subgrade,Rural Principal Arterial - Other,South,1,General Pavement Studies,Asphalt Concrete on Unbound Granular Base,1.01026694,193822.0,,228.78,361.29,365.0,9.899999619,138.0,126.0,173946.7,177.7999955,119.3799952,0.0,297.1799906,2,4,"Hot Mixed, Hot Laid AC, Dense Graded",Soil-Aggregate Mixture (Predominantly Coarse-Grained),Coarse-Grained Soils: Well-Graded Sand with Silt,0,,0.0,Failed,alligator_cracking (M),7.0,1.193799996,1.182400012,1.188199997,0,,,,,0.0,369.0,1.0102669404517455,test
32-1020-2,32-1020,32-1020-2-0,32,Nevada,1020,2,9/6/1998,1998,2,ACUB,Asphalt concrete over unbound base/subgrade,Rural Principal Arterial - Other,South,1,General Pavement Studies,Asphalt Concrete on Unbound Granular Base,2.020533881,295674.0,101852.0,387.59,367.9,365.0,8.699999809,131.0,153.0,167121.3,177.7999955,119.3799952,0.0,297.1799906,2,4,"Hot Mixed, Hot Laid AC, Dense Graded",Soil-Aggregate Mixture (Predominantly Coarse-Grained),Coarse-Grained Soils: Well-Graded Sand with Silt,0,,0.0,Failed,rutting (H),9.0,1.228799987,1.526999998,1.378000021,1,0.0,0.0,369.0,1.0102669404517455,0.0,308.0,0.8432580424366872,test
32-1021-2,32-1021,32-1021-2-0,32,Nevada,1021,2,24/7/1995,1995,1,ACUB,Asphalt concrete over unbound base/subgrade,Urban Other Principal Arterial,West,1,General Pavement Studies,Asphalt Concrete on Unbound Granular Base,3.143052704,93232.0,,540.29,632.32,365.0,8.199999809,142.0,121.0,163732.3,198.1200003,71.11999879,81.28000121,350.5200003,2,5,"Hot Mixed, Hot Laid AC, Dense Graded",Soil-Aggregate Mixture (Predominantly Coarse-Grained),Coarse-Grained Soil: Clayey Sand,1,1148.0,0.0,Failed,alligator_cracking (H),11.0,,,,0,,,,,0.0,732.0,2.004106776180698,train
32-2027-2,32-2027,32-2027-2-0,32,Nevada,2027,2,12/9/1991,1991,1,ACATB,Asphalt concrete over asphalt treated base/subgrade,Rural Principal Arterial - Interstate,East,1,General Pavement Studies,Asphalt Concrete on Bound Base,0.114989733,156133.0,,237.09,177.63,365.0,8.300000191,250.0,166.0,155358.6,160.0200052,106.6799952,162.5600024,429.2600028,4,7,"Hot Mixed, Hot Laid AC, Dense Graded",Asphalt Treated Mixture,Coarse-Grained Soil: Silty Gravel with Sand,0,,96.6,Good,long_trans_cracking (L),,1.483200002,1.230800009,1.357000017,0,,,,,38.5,336.0,0.919917864476386,train
33-1001-1,33-1001,33-1001-1-0,33,New Hampshire,1001,1,26/5/1994,1994,1,ACUB,Asphalt concrete over unbound base/subgrade,Rural Principal Arterial - Interstate,East,1,General Pavement Studies,Asphalt Concrete on Unbound Granular Base,5.815195072,1924517.0,,1306.37,914.21,365.0,7.599999905,726.0,82.0,127699.6,213.3599964,490.2199806,388.6200048,1092.199982,2,5,"Hot Mixed, Hot Laid AC, Dense Graded",Gravel (Uncrushed),Coarse-Grained Soils: Poorly Graded Sand with Silt,0,,50.7,Poor,rutting (M),7.0,0.674199986,0.758599997,0.716399992,0,,,,,41.8,82.0,0.2245037645448323,test
33-1001-1,33-1001,33-1001-1-0,33,New Hampshire,1001,1,16/8/1994,1994,2,ACUB,Asphalt concrete over unbound base/subgrade,Rural Principal Arterial - Interstate,East,1,General Pavement Studies,Asphalt Concrete on Unbound Granular Base,6.039698836,1924517.0,0.0,1306.37,914.21,365.0,7.599999905,726.0,82.0,127699.6,213.3599964,490.2199806,388.6200048,1092.199982,2,5,"Hot Mixed, Hot Laid AC, Dense Graded",Gravel (Uncrushed),Coarse-Grained Soils: Poorly Graded Sand with Silt,0,,41.8,Poor,rutting (M),7.0,0.670599997,0.6722,0.671400011,1,50.7,-8.900000000000006,82.0,0.2245037645448323,43.6,289.0,0.7912388774811773,test
33-1001-1,33-1001,33-1001-1-0,33,New Hampshire,1001,1,1/6/1995,1995,3,ACUB,Asphalt concrete over unbound base/subgrade,Rural Principal Arterial - Interstate,East,1,General Pavement Studies,Asphalt Concrete on Unbound Granular Base,6.830937714,2124538.0,200021.0,1176.5,829.95,365.0,8.0,546.0,94.0,130314.8,213.3599964,490.2199806,388.6200048,1092.199982,2,5,"Hot Mixed, Hot Laid AC, Dense Graded",Gravel (Uncrushed),Coarse-Grained Soils: Poorly Graded Sand with Silt,0,,43.6,Poor,rutting (M),7.0,0.666600001,0.673199999,0.669599986,2,41.8,1.8000000000000043,289.0,0.7912388774811773,50.2,531.0,1.4537987679671458,test
33-1001-1,33-1001,33-1001-1-0,33,New Hampshire,1001,1,13/11/1996,1996,4,ACUB,Asphalt concrete over unbound base/subgrade,Rural Principal Arterial - Interstate,East,1,General Pavement Studies,Asphalt Concrete on Unbound Granular Base,8.284736482,2349830.0,225292.0,1599.45,963.33,366.0,7.5,569.0,101.0,125209.0,213.3599964,490.2199806,388.6200048,1092.199982,2,5,"Hot Mixed, Hot Laid AC, Dense Graded",Gravel (Uncrushed),Coarse-Grained Soils: Poorly Graded Sand with Silt,0,,50.2,Poor,rutting (M),7.0,0.784599996,0.779199994,0.781999993,3,43.6,6.600000000000001,531.0,1.4537987679671458,11.9,182.0,0.49828884325804246,test
33-1001-1,33-1001,33-1001-1-0,33,New Hampshire,1001,1,14/5/1997,1997,5,ACUB,Asphalt concrete over unbound base/subgrade,Rural Principal Arterial - Interstate,East,1,General Pavement Studies,Asphalt Concrete on Unbound Granular Base,8.783025325,2582968.0,233138.0,1193.84,911.43,365.0,7.5,474.0,106.0,128643.2,213.3599964,490.2199806,388.6200048,1092.199982,2,5,"Hot Mixed, Hot Laid AC, Dense Graded",Gravel (Uncrushed),Coarse-Grained Soils: Poorly Graded Sand with Silt,0,,11.9,Serious,rutting (H),8.0,0.784200013,0.887000012,0.835399997,4,50.2,-38.300000000000004,182.0,0.49828884325804246,11.2,161.0,0.4407939767282683,test
33-1001-1,33-1001,33-1001-1-0,33,New Hampshire,1001,1,22/10/1997,1997,6,ACUB,Asphalt concrete over unbound base/subgrade,Rural Principal Arterial - Interstate,East,1,General Pavement Studies,Asphalt Concrete on Unbound Granular Base,9.223819302,2582968.0,0.0,1193.84,911.43,365.0,7.5,474.0,106.0,128643.2,213.3599964,490.2199806,388.6200048,1092.199982,2,5,"Hot Mixed, Hot Laid AC, Dense Graded",Gravel (Uncrushed),Coarse-Grained Soils: Poorly Graded Sand with Silt,0,,11.2,Serious,rutting (H),8.0,1.018400002,0.946799994,0.982799983,5,11.9,-0.7000000000000011,161.0,0.4407939767282683,0.0,1072.0,2.9349760438056127,test
33-1001-2,33-1001,33-1001-2-0,33,New Hampshire,1001,2,27/9/2001,2001,1,ACUB,Asphalt concrete over unbound base/subgrade,Rural Principal Arterial - Interstate,East,1,General Pavement Studies,Asphalt Concrete on Unbound Granular Base,0.156057495,132094.0,,938.2,814.12,365.0,9.0,404.0,108.0,134837.7,213.3599964,490.2199806,388.6200048,1092.199982,2,5,"Hot Mixed, Hot Laid AC, Dense Graded",Gravel (Uncrushed),Coarse-Grained Soils: Poorly Graded Sand with Silt,0,,0.0,Failed,rutting (H),8.0,1.43599999,1.234599996,1.3352,0,,,,,0.0,193.0,0.5284052019164955,test
34-1034-1,34-1034,34-1034-1-0,34,New Jersey,1034,1,30/7/1997,1997,1,ACTB,Asphalt concrete over cement/lime treated base/subgrade,Urban Principal Arterial - Other Freeways or Expressways,South,1,General Pavement Studies,Asphalt Concrete on Bound Base,8.65982204,6785218.0,,1203.1,997.12,365.0,11.0,117.0,109.0,140593.5,76.2,220.9799952,0.0,297.1799952,1,3,"Hot Mixed, Hot Laid AC, Dense Graded",HMAC,Coarse-Grained Soils: Poorly Graded Sand with Silt,0,,30.2,Very Poor,long_trans_cracking (H),6.0,1.457400012,1.514600015,1.48599999,0,,,,,18.0,1183.0,3.238877481177276,train
34-1034-1,34-1034,34-1034-1-0,34,New Jersey,1034,1,25/10/2000,2000,2,ACTB,Asphalt concrete over cement/lime treated base/subgrade,Urban Principal Arterial - Other Freeways or Expressways,South,1,General Pavement Studies,Asphalt Concrete on Bound Base,11.89869952,8682470.0,1897252.0,1197.7,972.35,366.0,11.0,250.0,84.0,137878.7,76.2,220.9799952,0.0,297.1799952,1,3,"Hot Mixed, Hot Laid AC, Dense Graded",HMAC,Coarse-Grained Soils: Poorly Graded Sand with Silt,0,,18.0,Serious,long_trans_cracking (H),6.0,,,,1,30.2,-12.2,1183.0,3.238877481177276,19.7,584.0,1.5989048596851472,train
34-1638-1,34-1638,34-1638-1-0,34,New Jersey,1638,1,31/7/1997,1997,1,ACATB,Asphalt concrete over asphalt treated base/subgrade,Urban Principal Arterial - Other Freeways or Expressways,North,1,General Pavement Studies,Asphalt Concrete on Bound Base,8.66255989,3567187.0,,1203.1,997.12,365.0,11.0,117.0,109.0,140593.5,233.6800073,187.9600024,0.0,421.6400097,2,4,"Hot Mixed, Hot Laid AC, Dense Graded",Cement Aggregate Mixture,Coarse-Grained Soils: Well-Graded Sand with Silt and Gravel,0,,33.1,Very Poor,long_trans_cracking (H),6.0,0.997800016,1.062199998,1.029999995,0,,,,,20.8,1183.0,3.238877481177276,train
34-1638-1,34-1638,34-1638-1-0,34,New Jersey,1638,1,26/10/2000,2000,2,ACATB,Asphalt concrete over asphalt treated base/subgrade,Urban Principal Arterial - Other Freeways or Expressways,North,1,General Pavement Studies,Asphalt Concrete on Bound Base,11.90143737,4542330.0,975143.0,1197.7,972.35,366.0,11.0,250.0,84.0,137878.7,233.6800073,187.9600024,0.0,421.6400097,2,4,"Hot Mixed, Hot Laid AC, Dense Graded",Cement Aggregate Mixture,Coarse-Grained Soils: Well-Graded Sand with Silt and Gravel,0,,20.8,Serious,long_trans_cracking (H),7.0,,,,1,33.1,-12.3,1183.0,3.238877481177276,19.7,583.0,1.596167008898015,train
34-1638-1,34-1638,34-1638-1-0,34,New Jersey,1638,1,1/6/2002,2002,3,ACATB,Asphalt concrete over asphalt treated base/subgrade,Urban Principal Arterial - Other Freeways or Expressways,North,1,General Pavement Studies,Asphalt Concrete on Bound Base,13.49760438,5328581.0,786251.0,1277.68,752.35,365.0,12.80000019,81.0,101.0,137687.4,233.6800073,187.9600024,0.0,421.6400097,2,4,"Hot Mixed, Hot Laid AC, Dense Graded",Cement Aggregate Mixture,Coarse-Grained Soils: Well-Graded Sand with Silt and Gravel,0,,19.7,Serious,long_trans_cracking (H),7.0,0.961599994,1.105599999,1.033399987,2,20.8,-1.1000000000000014,583.0,1.596167008898015,12.8,351.0,0.9609856262833676,train
34-1638-1,34-1638,34-1638-1-0,34,New Jersey,1638,1,18/5/2003,2003,4,ACATB,Asphalt concrete over asphalt treated base/subgrade,Urban Principal Arterial - Other Freeways or Expressways,North,1,General Pavement Studies,Asphalt Concrete on Bound Base,14.45859001,5748139.0,419558.0,1770.76,1028.21,365.0,10.89999962,261.0,82.0,125897.5,233.6800073,187.9600024,0.0,421.6400097,2,4,"Hot Mixed, Hot Laid AC, Dense Graded",Cement Aggregate Mixture,Coarse-Grained Soils: Well-Graded Sand with Silt and Gravel,0,,12.8,Serious,long_trans_cracking (H),7.0,0.953799999,1.085800028,1.019999993,3,19.7,-6.899999999999999,351.0,0.9609856262833676,13.9,913.0,2.4996577686516086,train
35-1003-1,35-1003,35-1003-1-0,35,New Mexico,1003,1,28/3/1991,1991,1,ACUB,Asphalt concrete over unbound base/subgrade,Rural Principal Arterial - Other,East,1,General Pavement Studies,Asphalt Concrete on Unbound Granular Base,4.235455168,883605.0,,453.82,416.86,365.0,13.80000019,10.0,90.0,174459.5,185.4199958,165.1,0.0,350.5199958,2,4,"Hot Mixed, Hot Laid AC, Dense Graded",Soil-Aggregate Mixture (Predominantly Coarse-Grained),Coarse-Grained Soil: Clayey Gravel with Sand,0,,61.0,Fair,rutting (M),6.0,1.017400002,0.734799993,0.875800002,0,,,,,80.6,1057.0,2.8939082819986313,train
35-1003-1,35-1003,35-1003-1-0,35,New Mexico,1003,1,17/2/1994,1994,2,ACUB,Asphalt concrete over unbound base/subgrade,Rural Principal Arterial - Other,East,1,General Pavement Studies,Asphalt Concrete on Unbound Granular Base,7.12936345,1376029.0,492424.0,378.56,351.87,365.0,15.19999981,12.0,81.0,176450.5,185.4199958,165.1,0.0,350.5199958,2,4,"Hot Mixed, Hot Laid AC, Dense Graded",Soil-Aggregate Mixture (Predominantly Coarse-Grained),Coarse-Grained Soil: Clayey Gravel with Sand,0,,80.6,Satisfactory,long_trans_cracking (M),,1.221199989,0.864600003,1.042599988,1,61.0,19.599999999999994,1057.0,2.8939082819986313,46.3,433.0,1.1854893908281998,train
35-1003-1,35-1003,35-1003-1-0,35,New Mexico,1003,1,26/4/1995,1995,3,ACUB,Asphalt concrete over unbound base/subgrade,Rural Principal Arterial - Other,East,1,General Pavement Studies,Asphalt Concrete on Unbound Granular Base,8.314852841,1527599.0,151570.0,238.7,320.27,365.0,15.10000038,2.0,58.0,181620.2,185.4199958,165.1,0.0,350.5199958,2,4,"Hot Mixed, Hot Laid AC, Dense Graded",Soil-Aggregate Mixture (Predominantly Coarse-Grained),Coarse-Grained Soil: Clayey Gravel with Sand,0,,46.3,Poor,rutting (M),5.0,1.269400024,1.047200012,1.158199978,2,80.6,-34.3,433.0,1.1854893908281998,32.3,733.0,2.00684462696783,train
35-1005-1,35-1005,35-1005-1-0,35,New Mexico,1005,1,26/3/1991,1991,1,ACUB,Asphalt concrete over unbound base/subgrade,Rural Principal Arterial - Interstate,North,1,General Pavement Studies,Asphalt Concrete on Unbound Granular Base,4.229979466,944872.0,,474.95,434.22,365.0,9.899999619,85.0,160.0,171623.8,220.9799952,210.8200048,0.0,431.8,2,4,"Hot Mixed, Hot Laid AC, Dense Graded",Soil-Aggregate Mixture (Predominantly Coarse-Grained),Coarse-Grained Soils: Poorly Graded Sand,0,,40.0,Poor,rutting (H),15.0,0.535799992,0.523400009,0.529400003,0,,,,,99.7,1057.0,2.8939082819986313,test
35-1005-1,35-1005,35-1005-1-0,35,New Mexico,1005,1,15/2/1994,1994,2,ACUB,Asphalt concrete over unbound base/subgrade,Rural Principal Arterial - Interstate,North,1,General Pavement Studies,Asphalt Concrete on Unbound Granular Base,7.123887748,1757156.0,812284.0,436.07,416.42,365.0,11.10000038,77.0,145.0,174245.1,220.9799952,210.8200048,0.0,431.8,2,4,"Hot Mixed, Hot Laid AC, Dense Graded",Soil-Aggregate Mixture (Predominantly Coarse-Grained),Coarse-Grained Soils: Poorly Graded Sand,0,,99.7,Good,bleeding (M),,0.599800003,0.730599999,0.665199995,1,40.0,59.7,1057.0,2.8939082819986313,29.7,1169.0,3.2005475701574264,test
35-1005-2,35-1005,35-1005-2-0,35,New Mexico,1005,2,16/3/1999,1999,1,ACUB,Asphalt concrete over unbound base/subgrade,Rural Principal Arterial - Interstate,North,1,General Pavement Studies,Asphalt Concrete on Unbound Granular Base,0.750171116,282378.0,,380.92,389.12,365.0,11.19999981,27.0,142.0,177529.6,220.9799952,210.8200048,0.0,431.8,2,4,"Hot Mixed, Hot Laid AC, Dense Graded",Soil-Aggregate Mixture (Predominantly Coarse-Grained),Coarse-Grained Soils: Poorly Graded Sand,1,274.0,29.7,Very Poor,rutting (H),16.0,,,,0,,,,,29.5,1149.0,3.1457905544147846,test
35-1005-3,35-1005,35-1005-3-0,35,New Mexico,1005,3,4/4/2005,2005,1,ACUB,Asphalt concrete over unbound base/subgrade,Rural Principal Arterial - Interstate,North,1,General Pavement Studies,Asphalt Concrete on Unbound Granular Base,0.550308008,313880.0,,458.61,345.8,365.0,11.39999962,58.0,134.0,174888.0,220.9799952,210.8200048,0.0,431.8,2,4,"Hot Mixed, Hot Laid AC, Dense Graded",Soil-Aggregate Mixture (Predominantly Coarse-Grained),Coarse-Grained Soils: Poorly Graded Sand,0,,17.8,Serious,rutting (H),19.0,0.708600008,0.788599992,0.748599994,0,,,,,14.9,1638.0,4.484599589322382,test
35-1022-1,35-1022,35-1022-1-0,35,New Mexico,1022,1,26/3/1991,1991,1,ACUB,Asphalt concrete over unbound base/subgrade,Rural Principal Arterial - Other,North,1,General Pavement Studies,Asphalt Concrete on Unbound Granular Base,4.229979466,483682.0,,369.48,257.8,365.0,10.5,94.0,157.0,171043.5,160.0200003,269.2400097,0.0,429.26001,2,4,"Hot Mixed, Hot Laid AC, Dense Graded",Soil-Aggregate Mixture (Predominantly Coarse-Grained),Coarse-Grained Soils: Poorly Graded Sand with Silt,0,,65.0,Fair,rutting (M),4.0,0.739999998,0.625400007,0.682800019,0,,,,,88.7,1057.0,2.8939082819986313,test
35-1022-1,35-1022,35-1022-1-0,35,New Mexico,1022,1,15/2/1994,1994,2,ACUB,Asphalt concrete over unbound base/subgrade,Rural Principal Arterial - Other,North,1,General Pavement Studies,Asphalt Concrete on Unbound Granular Base,7.123887748,1002302.0,518620.0,344.19,304.12,365.0,11.39999962,103.0,145.0,173940.1,160.0200003,269.2400097,0.0,429.26001,2,4,"Hot Mixed, Hot Laid AC, Dense Graded",Soil-Aggregate Mixture (Predominantly Coarse-Grained),Coarse-Grained Soils: Poorly Graded Sand with Silt,0,,88.7,Good,long_trans_cracking (L),,0.834600008,0.695799994,0.764999986,1,65.0,23.700000000000003,1057.0,2.8939082819986313,32.2,1170.0,3.2032854209445585,test
35-1022-1,35-1022,35-1022-1-0,35,New Mexico,1022,1,30/4/1997,1997,3,ACUB,Asphalt concrete over unbound base/subgrade,Rural Principal Arterial - Other,North,1,General Pavement Studies,Asphalt Concrete on Unbound Granular Base,10.32717317,1465974.0,463672.0,373.87,359.76,365.0,10.69999981,133.0,144.0,170238.0,160.0200003,269.2400097,0.0,429.26001,2,4,"Hot Mixed, Hot Laid AC, Dense Graded",Soil-Aggregate Mixture (Predominantly Coarse-Grained),Coarse-Grained Soils: Poorly Graded Sand with Silt,0,,32.2,Very Poor,long_trans_cracking (H),5.0,0.918799996,0.776800001,0.847800004,2,88.7,-56.5,1170.0,3.2032854209445585,32.2,686.0,1.8781656399726214,test
35-1112-1,35-1112,35-1112-1-0,35,New Mexico,1112,1,27/3/1991,1991,1,ACUB,Asphalt concrete over unbound base/subgrade,Rural Principal Arterial - Other,East,1,General Pavement Studies,Asphalt Concrete on Unbound Granular Base,4.232717317,612754.0,,411.79,386.53,365.0,16.20000076,3.0,56.0,174515.7,157.4800027,162.5600024,0.0,320.0400051,2,4,"Hot Mixed, Hot Laid AC, Dense Graded",Soil-Aggregate Mixture (Predominantly Coarse-Grained),Coarse-Grained Soils: Poorly Graded Sand,0,,65.0,Fair,rutting (M),5.0,0.752600002,0.7546,0.753600001,0,,,,,88.9,1057.0,2.8939082819986313,train
35-1112-1,35-1112,35-1112-1-0,35,New Mexico,1112,1,16/2/1994,1994,2,ACUB,Asphalt concrete over unbound base/subgrade,Rural Principal Arterial - Other,East,1,General Pavement Studies,Asphalt Concrete on Unbound Granular Base,7.126625599,1005718.0,392964.0,211.66,264.33,365.0,17.89999962,4.0,49.0,178302.2,157.4800027,162.5600024,0.0,320.0400051,2,4,"Hot Mixed, Hot Laid AC, Dense Graded",Soil-Aggregate Mixture (Predominantly Coarse-Grained),Coarse-Grained Soils: Poorly Graded Sand,0,,88.9,Good,raveling_weathering (M),,0.787399995,0.869200003,0.828199995,1,65.0,23.900000000000006,1057.0,2.8939082819986313,65.0,252.0,0.6899383983572895,train
35-1112-1,35-1112,35-1112-1-0,35,New Mexico,1112,1,26/10/1994,1994,3,ACUB,Asphalt concrete over unbound base/subgrade,Rural Principal Arterial - Other,East,1,General Pavement Studies,Asphalt Concrete on Unbound Granular Base,7.816563997,1005718.0,0.0,211.66,264.33,365.0,17.89999962,4.0,49.0,178302.2,157.4800027,162.5600024,0.0,320.0400051,2,4,"Hot Mixed, Hot Laid AC, Dense Graded",Soil-Aggregate Mixture (Predominantly Coarse-Grained),Coarse-Grained Soils: Poorly Graded Sand,0,,65.0,Fair,rutting (M),6.0,0.759600008,0.951600003,0.855599999,2,88.9,-23.900000000000006,252.0,0.6899383983572895,65.0,181.0,0.49555099247091033,train
35-1112-1,35-1112,35-1112-1-0,35,New Mexico,1112,1,25/4/1995,1995,4,ACUB,Asphalt concrete over unbound base/subgrade,Rural Principal Arterial - Other,East,1,General Pavement Studies,Asphalt Concrete on Unbound Granular Base,8.31211499,1020630.0,14912.0,216.98,277.99,365.0,17.5,0.0,44.0,183192.3,157.4800027,162.5600024,0.0,320.0400051,2,4,"Hot Mixed, Hot Laid AC, Dense Graded",Soil-Aggregate Mixture (Predominantly Coarse-Grained),Coarse-Grained Soils: Poorly Graded Sand,0,,65.0,Fair,rutting (M),6.0,0.7648,0.90660001,0.835399997,3,65.0,0.0,181.0,0.49555099247091033,65.0,63.0,0.17248459958932238,train
35-1112-1,35-1112,35-1112-1-0,35,New Mexico,1112,1,27/6/1995,1995,5,ACUB,Asphalt concrete over unbound base/subgrade,Rural Principal Arterial - Other,East,1,General Pavement Studies,Asphalt Concrete on Unbound Granular Base,8.484599589,1020630.0,0.0,216.98,277.99,365.0,17.5,0.0,44.0,183192.3,157.4800027,162.5600024,0.0,320.0400051,2,4,"Hot Mixed, Hot Laid AC, Dense Graded",Soil-Aggregate Mixture (Predominantly Coarse-Grained),Coarse-Grained Soils: Poorly Graded Sand,0,,65.0,Fair,rutting (M),5.0,0.749800014,0.884799981,0.817200005,4,65.0,0.0,63.0,0.17248459958932238,65.0,517.0,1.4154688569472964,train
35-1112-1,35-1112,35-1112-1-0,35,New Mexico,1112,1,25/11/1996,1996,6,ACUB,Asphalt concrete over unbound base/subgrade,Rural Principal Arterial - Other,East,1,General Pavement Studies,Asphalt Concrete on Unbound Granular Base,9.900068446,1035861.0,15231.0,189.0,325.45,366.0,17.5,12.0,62.0,183762.9,157.4800027,162.5600024,0.0,320.0400051,2,4,"Hot Mixed, Hot Laid AC, Dense Graded",Soil-Aggregate Mixture (Predominantly Coarse-Grained),Coarse-Grained Soils: Poorly Graded Sand,0,,65.0,Fair,rutting (M),5.0,0.758600008,0.880999994,0.819800007,5,65.0,0.0,517.0,1.4154688569472964,65.0,154.0,0.4216290212183436,train
35-1112-1,35-1112,35-1112-1-0,35,New Mexico,1112,1,28/4/1997,1997,7,ACUB,Asphalt concrete over unbound base/subgrade,Rural Principal Arterial - Other,East,1,General Pavement Studies,Asphalt Concrete on Unbound Granular Base,10.32169747,1243742.0,207881.0,353.03,372.82,365.0,16.60000038,25.0,65.0,176092.4,157.4800027,162.5600024,0.0,320.0400051,2,4,"Hot Mixed, Hot Laid AC, Dense Graded",Soil-Aggregate Mixture (Predominantly Coarse-Grained),Coarse-Grained Soils: Poorly Graded Sand,0,,65.0,Fair,rutting (M),5.0,0.805799997,0.967999995,0.886800003,6,65.0,0.0,154.0,0.4216290212183436,65.0,134.0,0.3668720054757016,train
35-1112-1,35-1112,35-1112-1-0,35,New Mexico,1112,1,9/9/1997,1997,8,ACUB,Asphalt concrete over unbound base/subgrade,Rural Principal Arterial - Other,East,1,General Pavement Studies,Asphalt Concrete on Unbound Granular Base,10.68856947,1243742.0,0.0,353.03,372.82,365.0,16.60000038,25.0,65.0,176092.4,157.4800027,162.5600024,0.0,320.0400051,2,4,"Hot Mixed, Hot Laid AC, Dense Graded",Soil-Aggregate Mixture (Predominantly Coarse-Grained),Coarse-Grained Soils: Poorly Graded Sand,0,,65.0,Fair,rutting (M),5.0,0.884000003,0.96559999,0.925,7,65.0,0.0,134.0,0.3668720054757016,64.8,552.0,1.51129363449692,train
35-1112-1,35-1112,35-1112-1-0,35,New Mexico,1112,1,15/3/1999,1999,9,ACUB,Asphalt concrete over unbound base/subgrade,Rural Principal Arterial - Other,East,1,General Pavement Studies,Asphalt Concrete on Unbound Granular Base,12.19986311,1581364.0,337622.0,205.82,329.79,365.0,17.79999924,1.0,46.0,182292.5,157.4800027,162.5600024,0.0,320.0400051,2,4,"Hot Mixed, Hot Laid AC, Dense Graded",Soil-Aggregate Mixture (Predominantly Coarse-Grained),Coarse-Grained Soils: Poorly Graded Sand,0,,64.8,Fair,rutting (M),5.0,,,,8,65.0,-0.20000000000000284,552.0,1.51129363449692,62.4,324.0,0.8870636550308009,train
35-1112-1,35-1112,35-1112-1-0,35,New Mexico,1112,1,2/2/2000,2000,10,ACUB,Asphalt concrete over unbound base/subgrade,Rural Principal Arterial - Other,East,1,General Pavement Studies,Asphalt Concrete on Unbound Granular Base,13.08692676,1682246.0,100882.0,185.06,234.9,366.0,18.10000038,5.0,57.0,181046.2,157.4800027,162.5600024,0.0,320.0400051,2,4,"Hot Mixed, Hot Laid AC, Dense Graded",Soil-Aggregate Mixture (Predominantly Coarse-Grained),Coarse-Grained Soils: Poorly Graded Sand,0,,62.4,Fair,rutting (M),5.0,0.765399992,0.873199999,0.819200003,9,64.8,-2.3999999999999986,324.0,0.8870636550308009,59.9,828.0,2.2669404517453797,train
35-1112-1,35-1112,35-1112-1-0,35,New Mexico,1112,1,10/5/2002,2002,11,ACUB,Asphalt concrete over unbound base/subgrade,Rural Principal Arterial - Other,East,1,General Pavement Studies,Asphalt Concrete on Unbound Granular Base,15.35386721,1714902.0,32656.0,436.44,280.35,365.0,17.5,7.0,65.0,177029.1,157.4800027,162.5600024,0.0,320.0400051,2,4,"Hot Mixed, Hot Laid AC, Dense Graded",Soil-Aggregate Mixture (Predominantly Coarse-Grained),Coarse-Grained Soils: Poorly Graded Sand,0,,59.9,Fair,rutting (M),5.0,0.819000006,0.994399977,0.906599998,10,62.4,-2.5,828.0,2.2669404517453797,59.0,438.0,1.1991786447638604,train
35-1112-1,35-1112,35-1112-1-0,35,New Mexico,1112,1,22/7/2003,2003,12,ACUB,Asphalt concrete over unbound base/subgrade,Rural Principal Arterial - Other,East,1,General Pavement Studies,Asphalt Concrete on Unbound Granular Base,16.55304586,1737681.0,22779.0,257.14,227.86,365.0,18.0,2.0,48.0,181495.9,157.4800027,162.5600024,0.0,320.0400051,2,4,"Hot Mixed, Hot Laid AC, Dense Graded",Soil-Aggregate Mixture (Predominantly Coarse-Grained),Coarse-Grained Soils: Poorly Graded Sand,0,,59.0,Fair,rutting (M),5.0,0.953000009,1.046199989,0.999800003,11,59.9,-0.8999999999999986,438.0,1.1991786447638604,59.0,479.0,1.3114305270362765,train
35-2118-1,35-2118,35-2118-1-0,35,New Mexico,2118,1,27/3/1991,1991,1,ACTB,Asphalt concrete over cement/lime treated base/subgrade,Rural Principal Arterial - Interstate,West,1,General Pavement Studies,Asphalt Concrete on Bound Base,4.232717317,5818401.0,,444.76,484.2,365.0,13.60000038,23.0,111.0,171479.1,119.3800027,162.5600024,482.5999879,764.539993,2,6,"Hot Mixed, Hot Laid AC, Dense Graded",HMAC,Coarse-Grained Soil: Silty Sand,0,,88.8,Good,long_trans_cracking (L),,1.347400022,0.922399986,1.135000014,0,,,,,76.1,1057.0,2.8939082819986313,train
35-2118-1,35-2118,35-2118-1-0,35,New Mexico,2118,1,16/2/1994,1994,2,ACTB,Asphalt concrete over cement/lime treated base/subgrade,Rural Principal Arterial - Interstate,West,1,General Pavement Studies,Asphalt Concrete on Bound Base,7.126625599,8452401.0,2634000.0,420.42,399.74,365.0,14.89999962,13.0,103.0,173558.1,119.3800027,162.5600024,482.5999879,764.539993,2,6,"Hot Mixed, Hot Laid AC, Dense Graded",HMAC,Coarse-Grained Soil: Silty Sand,0,,76.1,Satisfactory,long_trans_cracking (M),,1.376000023,1.122799993,1.24940002,1,88.8,-12.700000000000003,1057.0,2.8939082819986313,31.9,1168.0,3.1978097193702943,train
35-2118-1,35-2118,35-2118-1-0,35,New Mexico,2118,1,29/4/1997,1997,3,ACTB,Asphalt concrete over cement/lime treated base/subgrade,Rural Principal Arterial - Interstate,West,1,General Pavement Studies,Asphalt Concrete on Bound Base,10.32443532,10370684.0,1918283.0,522.55,514.64,365.0,13.60000038,116.0,108.0,172038.1,119.3800027,162.5600024,482.5999879,764.539993,2,6,"Hot Mixed, Hot Laid AC, Dense Graded",HMAC,Coarse-Grained Soil: Silty Sand,0,,31.9,Very Poor,long_trans_cracking (H),7.0,1.428800011,1.398999977,1.413999987,2,76.1,-44.199999999999996,1168.0,3.1978097193702943,0.0,686.0,1.8781656399726214,train
35-2118-1,35-2118,35-2118-1-0,35,New Mexico,2118,1,16/3/1999,1999,4,ACTB,Asphalt concrete over cement/lime treated base/subgrade,Rural Principal Arterial - Interstate,West,1,General Pavement Studies,Asphalt Concrete on Bound Base,12.20260096,12623164.0,2252480.0,543.63,512.49,365.0,14.69999981,11.0,83.0,176157.0,119.3800027,162.5600024,482.5999879,764.539993,2,6,"Hot Mixed, Hot Laid AC, Dense Graded",HMAC,Coarse-Grained Soil: Silty Sand,0,,0.0,Failed,rutting (H),8.0,,,,3,31.9,-31.9,686.0,1.8781656399726214,35.7,891.0,2.439425051334702,train
36-1644-1,36-1644,36-1644-1-0,36,New York,1644,1,4/5/1992,1992,1,ACATB,Asphalt concrete over asphalt treated base/subgrade,Rural Minor Arterial,West,1,General Pavement Studies,Asphalt Concrete on Bound Base,3.008898015,163712.0,,1482.34,809.79,366.0,4.800000191,955.0,93.0,116890.5,58.41999879,160.0200048,368.3,586.7400036,2,5,"Hot Mixed, Hot Laid AC, Dense Graded",Asphalt Treated Mixture,Coarse-Grained Soils: Poorly Graded Sand with Gravel,0,,81.0,Satisfactory,long_trans_cracking (M),,0.953200006,1.025399995,0.989199996,0,,,,,77.3,563.0,1.541409993155373,train
36-1644-1,36-1644,36-1644-1-0,36,New York,1644,1,18/11/1993,1993,2,ACATB,Asphalt concrete over asphalt treated base/subgrade,Rural Minor Arterial,West,1,General Pavement Studies,Asphalt Concrete on Bound Base,4.550308008,173460.0,9748.0,1466.12,860.15,365.0,5.099999905,1084.0,85.0,116236.8,58.41999879,160.0200048,368.3,586.7400036,2,5,"Hot Mixed, Hot Laid AC, Dense Graded",Asphalt Treated Mixture,Coarse-Grained Soils: Poorly Graded Sand with Gravel,0,,77.3,Satisfactory,long_trans_cracking (M),1.0,1.070200014,1.05400002,1.061800003,1,81.0,-3.700000000000003,563.0,1.541409993155373,54.9,657.0,1.7987679671457906,train
36-1644-1,36-1644,36-1644-1-0,36,New York,1644,1,6/9/1995,1995,3,ACATB,Asphalt concrete over asphalt treated base/subgrade,Rural Minor Arterial,West,1,General Pavement Studies,Asphalt Concrete on Bound Base,6.349075975,197932.0,24472.0,1266.28,817.46,365.0,5.800000191,982.0,75.0,120731.4,58.41999879,160.0200048,368.3,586.7400036,2,5,"Hot Mixed, Hot Laid AC, Dense Graded",Asphalt Treated Mixture,Coarse-Grained Soils: Poorly Graded Sand with Gravel,0,,54.9,Poor,rutting (L),2.0,1.107399988,1.077800012,1.092599988,2,77.3,-22.4,657.0,1.7987679671457906,36.5,252.0,0.6899383983572895,train
37-1006-2,37-1006,37-1006-2-0,37,North Carolina,1006,2,17/8/1991,1991,1,ACUB,Asphalt concrete over unbound base/subgrade,Urban Principal Arterial - Interstate,East,1,General Pavement Studies,Asphalt Concrete on Unbound Granular Base,0.002737851,185968.0,,1134.55,932.51,365.0,15.39999962,14.0,71.0,140722.9,241.3,238.7599903,0.0,480.0599903,4,6,"Hot Mixed, Hot Laid AC, Dense Graded",Crushed Gravel,Fine-Grained Soils: Sandy Silt,0,,70.7,Satisfactory,raveling_weathering (M),,,,,0,,,,,84.3,975.0,2.6694045174537986,train
37-1006-2,37-1006,37-1006-2-0,37,North Carolina,1006,2,18/4/1994,1994,2,ACUB,Asphalt concrete over unbound base/subgrade,Urban Principal Arterial - Interstate,East,1,General Pavement Studies,Asphalt Concrete on Unbound Granular Base,2.672142368,1115153.0,929185.0,1378.9,1004.26,365.0,14.60000038,63.0,59.0,144617.7,241.3,238.7599903,0.0,480.0599903,4,6,"Hot Mixed, Hot Laid AC, Dense Graded",Crushed Gravel,Fine-Grained Soils: Sandy Silt,1,964.0,84.3,Satisfactory,rutting (L),3.0,0.664600003,0.82759999,0.746000004,1,70.7,13.599999999999994,975.0,2.6694045174537986,65.0,155.0,0.4243668720054757,train
37-1028-1,37-1028,37-1028-1-0,37,North Carolina,1028,1,18/5/1995,1995,1,ACTB,Asphalt concrete over cement/lime treated base/subgrade,Rural Principal Arterial - Other,North,1,General Pavement Studies,Asphalt Concrete on Bound Base,6.54072553,1591884.0,,1500.51,927.33,365.0,15.19999981,25.0,45.0,143003.7,43.18000121,205.7400097,0.0,248.9200109,1,3,"Hot Mixed, Hot Laid AC, Dense Graded",HMAC,Coarse-Grained Soils: Poorly Graded Sand with Silt,0,,86.6,Good,long_trans_cracking (L),,0.916400003,0.910600007,0.913399994,0,,,,,18.9,336.0,0.919917864476386,train
37-1028-1,37-1028,37-1028-1-0,37,North Carolina,1028,1,18/4/1996,1996,2,ACTB,Asphalt concrete over cement/lime treated base/subgrade,Rural Principal Arterial - Other,North,1,General Pavement Studies,Asphalt Concrete on Bound Base,7.460643395,1715367.0,123483.0,1520.03,1117.24,366.0,14.30000019,64.0,50.0,140806.1,43.18000121,205.7400097,0.0,248.9200109,1,3,"Hot Mixed, Hot Laid AC, Dense Graded",HMAC,Coarse-Grained Soils: Poorly Graded Sand with Silt,0,,18.9,Serious,rutting (H),12.0,0.931400013,0.914599991,0.922799993,1,86.6,-67.69999999999999,336.0,0.919917864476386,22.9,119.0,0.3258042436687201,train
37-1028-1,37-1028,37-1028-1-0,37,North Carolina,1028,1,15/8/1996,1996,3,ACTB,Asphalt concrete over cement/lime treated base/subgrade,Rural Principal Arterial - Other,North,1,General Pavement Studies,Asphalt Concrete on Bound Base,7.786447639,1715367.0,0.0,1520.03,1117.24,366.0,14.30000019,64.0,50.0,140806.1,43.18000121,205.7400097,0.0,248.9200109,1,3,"Hot Mixed, Hot Laid AC, Dense Graded",HMAC,Coarse-Grained Soils: Poorly Graded Sand with Silt,0,,22.9,Serious,rutting (H),11.0,0.935599995,0.954400003,0.9454,2,18.9,4.0,119.0,0.3258042436687201,19.2,413.0,1.1307323750855578,train
37-1028-1,37-1028,37-1028-1-0,37,North Carolina,1028,1,2/10/1997,1997,4,ACTB,Asphalt concrete over cement/lime treated base/subgrade,Rural Principal Arterial - Other,North,1,General Pavement Studies,Asphalt Concrete on Bound Base,8.917180014,1772347.0,56980.0,1167.09,920.76,365.0,15.10000038,22.0,31.0,145605.2,43.18000121,205.7400097,0.0,248.9200109,1,3,"Hot Mixed, Hot Laid AC, Dense Graded",HMAC,Coarse-Grained Soils: Poorly Graded Sand with Silt,0,,19.2,Serious,rutting (H),12.0,0.964599991,0.939000022,0.95200001,3,22.9,-3.6999999999999993,413.0,1.1307323750855578,0.0,166.0,0.4544832306639288,train
37-1028-1,37-1028,37-1028-1-0,37,North Carolina,1028,1,17/3/1998,1998,5,ACTB,Asphalt concrete over cement/lime treated base/subgrade,Rural Principal Arterial - Other,North,1,General Pavement Studies,Asphalt Concrete on Bound Base,9.371663244,1879689.0,107342.0,1416.86,1051.4,365.0,16.20000076,4.0,19.0,144068.4,43.18000121,205.7400097,0.0,248.9200109,1,3,"Hot Mixed, Hot Laid AC, Dense Graded",HMAC,Coarse-Grained Soils: Poorly Graded Sand with Silt,0,,0.0,Failed,rutting (H),14.0,0.971200001,0.985400009,0.978400004,4,19.2,-19.2,166.0,0.4544832306639288,0.0,196.0,0.5366187542778919,train
37-1028-1,37-1028,37-1028-1-0,37,North Carolina,1028,1,29/9/1998,1998,6,ACTB,Asphalt concrete over cement/lime treated base/subgrade,Rural Principal Arterial - Other,North,1,General Pavement Studies,Asphalt Concrete on Bound Base,9.908281999,1879689.0,0.0,1416.86,1051.4,365.0,16.20000076,4.0,19.0,144068.4,43.18000121,205.7400097,0.0,248.9200109,1,3,"Hot Mixed, Hot Laid AC, Dense Graded",HMAC,Coarse-Grained Soils: Poorly Graded Sand with Silt,0,,0.0,Failed,rutting (H),13.0,1.013600016,1.089799976,1.051799965,5,0.0,0.0,196.0,0.5366187542778919,1.2,827.0,2.2642026009582477,train
37-1028-1,37-1028,37-1028-1-0,37,North Carolina,1028,1,3/1/2001,2001,7,ACTB,Asphalt concrete over cement/lime treated base/subgrade,Rural Principal Arterial - Other,North,1,General Pavement Studies,Asphalt Concrete on Bound Base,12.1724846,2271122.0,391433.0,884.25,829.53,365.0,16.0,4.0,40.0,148773.8,43.18000121,205.7400097,0.0,248.9200109,1,3,"Hot Mixed, Hot Laid AC, Dense Graded",HMAC,Coarse-Grained Soils: Poorly Graded Sand with Silt,0,,1.2,Failed,rutting (H),14.0,,,,6,0.0,1.2,827.0,2.2642026009582477,0.0,443.0,1.212867898699521,train
37-1030-1,37-1030,37-1030-1-0,37,North Carolina,1030,1,9/10/1997,1997,1,ACTB,Asphalt concrete over cement/lime treated base/subgrade,Rural Principal Arterial - Other,South,1,General Pavement Studies,Asphalt Concrete on Bound Base,9.188227242,1036574.0,,1167.09,920.76,365.0,15.10000038,22.0,31.0,145605.2,101.6,119.3799952,0.0,220.9799952,1,3,"Hot Mixed, Hot Laid AC, Dense Graded",HMAC,Coarse-Grained Soils: Poorly Graded Sand,0,,35.6,Very Poor,rutting (H),10.0,1.116200018,1.258200026,1.187199998,0,,,,,0.0,1055.0,2.8884325804243667,train
37-1645-1,37-1645,37-1645-1-0,37,North Carolina,1645,1,19/4/1994,1994,1,ACATB,Asphalt concrete over asphalt treated base/subgrade,Rural Principal Arterial - Other,West,1,General Pavement Studies,Asphalt Concrete on Bound Base,5.46201232,1368633.0,,1418.03,1150.41,365.0,16.39999962,31.0,39.0,144337.7,187.9599964,205.7400097,0.0,393.7000061,2,4,"Hot Mixed, Hot Laid AC, Dense Graded",Soil Cement,Coarse-Grained Soils: Poorly Graded Sand,0,,27.6,Very Poor,rutting (H),8.0,,,,0,,,,,6.7,1388.0,3.800136892539357,train
37-1801-1,37-1801,37-1801-1-0,37,North Carolina,1801,1,26/1/1996,1996,1,ACUB,Asphalt concrete over unbound base/subgrade,Urban Principal Arterial - Interstate,West,1,General Pavement Studies,Asphalt Concrete on Unbound Granular Base,7.485284052,7883782.0,,1594.95,1074.5,366.0,11.10000038,189.0,95.0,148154.6,180.3399976,304.8,0.0,485.1399976,2,4,"Hot Mixed, Hot Laid AC, Dense Graded",Soil-Aggregate Mixture (Predominantly Coarse-Grained),Fine-Grained Soils: Sandy Silt,0,,18.2,Serious,rutting (H),8.0,,,,0,,,,,7.6,181.0,0.49555099247091033,train
37-1802-2,37-1802,37-1802-2-0,37,North Carolina,1802,2,15/4/1994,1994,1,ACUB,Asphalt concrete over unbound base/subgrade,Urban Minor Arterial,North,1,General Pavement Studies,Asphalt Concrete on Unbound Granular Base,0.788501027,53131.0,,1293.63,990.89,365.0,13.89999962,86.0,67.0,143752.6,111.7600024,208.2799952,0.0,320.0399976,2,4,"Hot Mixed, Hot Laid AC, Dense Graded",Crushed Gravel,Coarse-Grained Soil: Clayey Sand with Gravel,0,,1.7,Failed,rutting (H),9.0,1.267000008,0.991799998,1.129400015,0,,,,,14.8,459.0,1.2566735112936345,train
37-1802-2,37-1802,37-1802-2-0,37,North Carolina,1802,2,18/7/1995,1995,2,ACUB,Asphalt concrete over unbound base/subgrade,Urban Minor Arterial,North,1,General Pavement Studies,Asphalt Concrete on Unbound Granular Base,2.045174538,84710.0,31579.0,1444.56,980.76,365.0,13.80000019,65.0,92.0,146596.9,111.7600024,208.2799952,0.0,320.0399976,2,4,"Hot Mixed, Hot Laid AC, Dense Graded",Crushed Gravel,Coarse-Grained Soil: Clayey Sand with Gravel,0,,14.8,Serious,rutting (H),10.0,1.857200003,1.436999989,1.646999979,1,1.7,13.100000000000001,459.0,1.2566735112936345,9.8,259.0,0.7091033538672142,train
37-1814-1,37-1814,37-1814-1-0,37,North Carolina,1814,1,30/1/1996,1996,1,ACUB,Asphalt concrete over unbound base/subgrade,Rural Principal Arterial - Other,West,1,General Pavement Studies,Asphalt Concrete on Unbound Granular Base,7.244353183,1773477.0,,1726.12,1109.19,366.0,12.0,143.0,92.0,149227.7,132.0800012,340.3599903,0.0,472.4399915,2,4,"Hot Mixed, Hot Laid AC, Dense Graded",Soil-Aggregate Mixture (Predominantly Coarse-Grained),Coarse-Grained Soil: Silty Sand,0,,40.8,Poor,rutting (M),6.0,,,,0,,,,,28.5,1157.0,3.167693360711841,test
37-1814-1,37-1814,37-1814-1-0,37,North Carolina,1814,1,1/4/1999,1999,2,ACUB,Asphalt concrete over unbound base/subgrade,Rural Principal Arterial - Other,West,1,General Pavement Studies,Asphalt Concrete on Unbound Granular Base,10.41204654,2022967.0,249490.0,1491.29,1059.11,365.0,13.39999962,33.0,73.0,157352.7,132.0800012,340.3599903,0.0,472.4399915,2,4,"Hot Mixed, Hot Laid AC, Dense Graded",Soil-Aggregate Mixture (Predominantly Coarse-Grained),Coarse-Grained Soil: Silty Sand,0,,28.5,Very Poor,long_trans_cracking (H),7.0,1.27440002,1.172399998,1.223399997,1,40.8,-12.299999999999997,1157.0,3.167693360711841,0.0,452.0,1.2375085557837098,test
37-2825-1,37-2825,37-2825-1-0,37,North Carolina,2825,1,19/7/1995,1995,1,ACATB,Asphalt concrete over asphalt treated base/subgrade,Urban Minor Arterial,West,1,General Pavement Studies,Asphalt Concrete on Bound Base,6.962354552,703907.0,,1423.46,1071.36,365.0,15.10000038,28.0,74.0,148425.5,116.8400036,157.4799952,0.0,274.3199988,2,4,"Hot Mixed, Hot Laid AC, Dense Graded",Cement Aggregate Mixture,Coarse-Grained Soils: Poorly Graded Sand with Silt,0,,53.9,Poor,long_trans_cracking (M),3.0,,,,0,,,,,11.9,1217.0,3.3319644079397674,train
37-2825-1,37-2825,37-2825-1-0,37,North Carolina,2825,1,17/11/1998,1998,2,ACATB,Asphalt concrete over asphalt treated base/subgrade,Urban Minor Arterial,West,1,General Pavement Studies,Asphalt Concrete on Bound Base,10.29431896,839756.0,135849.0,1502.09,1065.83,365.0,16.39999962,6.0,43.0,152795.9,116.8400036,157.4799952,0.0,274.3199988,2,4,"Hot Mixed, Hot Laid AC, Dense Graded",Cement Aggregate Mixture,Coarse-Grained Soils: Poorly Graded Sand with Silt,0,,11.9,Serious,alligator_cracking (M),5.0,1.749399996,2.035399961,1.892400002,1,53.9,-42.0,1217.0,3.3319644079397674,10.1,820.0,2.245037645448323,train
37-2825-1,37-2825,37-2825-1-0,37,North Carolina,2825,1,14/2/2001,2001,3,ACATB,Asphalt concrete over asphalt treated base/subgrade,Urban Minor Arterial,West,1,General Pavement Studies,Asphalt Concrete on Bound Base,12.53935661,994079.0,154323.0,843.65,773.52,365.0,16.10000038,8.0,56.0,154551.8,116.8400036,157.4799952,0.0,274.3199988,2,4,"Hot Mixed, Hot Laid AC, Dense Graded",Cement Aggregate Mixture,Coarse-Grained Soils: Poorly Graded Sand with Silt,0,,10.1,Serious,alligator_cracking (M),6.0,,,,2,11.9,-1.8000000000000007,820.0,2.245037645448323,0.0,1133.0,3.1019849418206706,train
37-2825-1,37-2825,37-2825-1-0,37,North Carolina,2825,1,23/3/2004,2004,4,ACATB,Asphalt concrete over asphalt treated base/subgrade,Urban Minor Arterial,West,1,General Pavement Studies,Asphalt Concrete on Bound Base,15.64134155,1156586.0,162507.0,944.01,939.27,366.0,15.89999962,20.0,74.0,148765.2,116.8400036,157.4799952,0.0,274.3199988,2,4,"Hot Mixed, Hot Laid AC, Dense Graded",Cement Aggregate Mixture,Coarse-Grained Soils: Poorly Graded Sand with Silt,0,,0.0,Failed,alligator_cracking (M),7.0,,,,3,10.1,-10.1,1133.0,3.1019849418206706,0.0,1324.0,3.6249144421629023,train
37-2825-1,37-2825,37-2825-1-0,37,North Carolina,2825,1,7/11/2007,2007,5,ACATB,Asphalt concrete over asphalt treated base/subgrade,Urban Minor Arterial,West,1,General Pavement Studies,Asphalt Concrete on Bound Base,19.26625599,1306855.0,150269.0,712.84,761.66,365.0,16.79999924,6.0,58.0,156924.1,116.8400036,157.4799952,0.0,274.3199988,2,4,"Hot Mixed, Hot Laid AC, Dense Graded",Cement Aggregate Mixture,Coarse-Grained Soils: Poorly Graded Sand with Silt,0,,0.0,Failed,rutting (H),9.0,3.795799971,4.499600029,4.147399998,4,0.0,0.0,1324.0,3.6249144421629023,0.0,889.0,2.433949349760438,train
38-2001-2,38-2001,38-2001-2-0,38,North Dakota,2001,2,29/9/1993,1993,1,ACATB,Asphalt concrete over asphalt treated base/subgrade,Rural Principal Arterial - Other,East,1,General Pavement Studies,Asphalt Concrete on Bound Base,3.225188227,264469.0,,943.67,575.6,365.0,3.700000048,1420.0,79.0,125360.1,66.0400025,160.0200048,71.11999879,297.1800061,2,5,"Hot Mixed, Hot Laid AC, Dense Graded",Lean Concrete,Coarse-Grained Soil: Clayey Sand,0,,34.8,Very Poor,rutting (H),12.0,2.220199966,1.921999979,2.071000051,0,,,,,29.6,328.0,0.8980150581793293,train
4-1007-3,4-1007,4-1007-3-0,4,Arizona,1007,3,20/9/1991,1991,1,ACUB,Asphalt concrete over unbound base/subgrade,Rural Principal Arterial - Interstate,West,1,General Pavement Studies,Asphalt Concrete on Unbound Granular Base,1.716632444,1740824.0,,297.74,210.92,365.0,21.29999924,0.0,2.0,174070.2,167.64,274.3200048,0.0,441.9600049,3,5,"Hot Mixed, Hot Laid AC, Dense Graded",Crushed Gravel,Coarse-Grained Soil: Silty Sand with Gravel,0,,37.0,Very Poor,rutting (H),21.0,1.646599984,2.000200009,1.823400021,0,,,,,30.7,1092.0,2.9897330595482545,train
4-1017-2,4-1017,4-1017-2-0,4,Arizona,1017,2,25/1/1994,1994,1,ACUB,Asphalt concrete over unbound base/subgrade,Rural Principal Arterial - Interstate,North,1,General Pavement Studies,Asphalt Concrete on Unbound Granular Base,5.065023956,646046.0,,413.37,324.03,365.0,19.20000076,0.0,12.0,174946.4,226.0599949,284.4799952,0.0,510.53999,2,4,"Hot Mixed, Hot Laid AC, Dense Graded",Soil-Aggregate Mixture (Predominantly Coarse-Grained),Coarse-Grained Soil: Clayey Gravel with Sand,0,,42.6,Poor,alligator_cracking (M),,,,,0,,,,,19.9,297.0,0.813141683778234,train
4-1017-2,4-1017,4-1017-2-0,4,Arizona,1017,2,18/11/1994,1994,2,ACUB,Asphalt concrete over unbound base/subgrade,Rural Principal Arterial - Interstate,North,1,General Pavement Studies,Asphalt Concrete on Unbound Granular Base,5.87816564,646046.0,0.0,413.37,324.03,365.0,19.20000076,0.0,12.0,174946.4,226.0599949,284.4799952,0.0,510.53999,2,4,"Hot Mixed, Hot Laid AC, Dense Graded",Soil-Aggregate Mixture (Predominantly Coarse-Grained),Coarse-Grained Soil: Clayey Gravel with Sand,0,,19.9,Serious,rutting (H),10.0,1.283000016,1.41420002,1.348799992,1,42.6,-22.700000000000003,297.0,0.813141683778234,17.1,678.0,1.8562628336755647,train
4-1018-3,4-1018,4-1018-3-0,4,Arizona,1018,3,27/9/1991,1991,1,ACUB,Asphalt concrete over unbound base/subgrade,Rural Principal Arterial - Interstate,South,1,General Pavement Studies,Asphalt Concrete on Unbound Granular Base,0.736481862,149133.0,,349.77,370.51,365.0,18.39999962,0.0,10.0,177588.4,215.9000002,182.8799952,0.0,398.7799953,3,5,"Hot Mixed, Hot Laid AC, Dense Graded",Soil-Aggregate Mixture (Predominantly Coarse-Grained),Coarse-Grained Soil: Clayey Gravel with Sand,0,,10.7,Serious,rutting (H),10.0,0.909399998,1.148600006,1.028999996,0,,,,,12.6,1827.0,5.002053388090349,train
4-1022-2,4-1022,4-1022-2-0,4,Arizona,1022,2,18/9/1991,1991,1,ACUB,Asphalt concrete over unbound base/subgrade,Rural Principal Arterial - Interstate,West,1,General Pavement Studies,Asphalt Concrete on Unbound Granular Base,0.711841205,507012.0,,395.49,248.0,365.0,15.89999962,0.0,48.0,174030.6,210.8200026,154.9399976,106.6799952,472.4399953,2,5,"Hot Mixed, Hot Laid AC, Dense Graded",Soil-Aggregate Mixture (Predominantly Coarse-Grained),Coarse-Grained Soil: Silty Sand with Gravel,0,,39.4,Very Poor,rutting (H),18.0,0.690600002,0.645800018,0.668200004,0,,,,,98.6,1280.0,3.5044490075290895,test
4-1024-4,4-1024,4-1024-4-0,4,Arizona,1024,4,17/7/1995,1995,1,ACUB,Asphalt concrete over unbound base/subgrade,Rural Principal Arterial - Interstate,East,1,General Pavement Studies,Asphalt Concrete on Unbound Granular Base,1.04312115,1267046.0,,288.8,314.11,365.0,13.30000019,5.0,84.0,178294.5,274.3200094,160.0200048,0.0,434.3400142,2,4,"Hot Mixed, Hot Laid AC, Dense Graded",Crushed Gravel,Coarse-Grained Soil: Clayey Sand with Gravel,1,381.0,73.7,Satisfactory,long_trans_cracking (H),,0.947200012,0.981599998,0.964600003,0,,,,,89.3,36.0,0.09856262833675565,train
4-1024-4,4-1024,4-1024-4-0,4,Arizona,1024,4,22/8/1995,1995,2,ACUB,Asphalt concrete over unbound base/subgrade,Rural Principal Arterial - Interstate,East,1,General Pavement Studies,Asphalt Concrete on Unbound Granular Base,1.141683778,1267046.0,0.0,288.8,314.11,365.0,13.30000019,5.0,84.0,178294.5,274.3200094,160.0200048,0.0,434.3400142,2,4,"Hot Mixed, Hot Laid AC, Dense Graded",Crushed Gravel,Coarse-Grained Soil: Clayey Sand with Gravel,1,417.0,89.3,Good,long_trans_cracking (L),,0.947200012,0.981599998,0.964600003,1,73.7,15.599999999999994,36.0,0.09856262833675565,59.2,79.0,0.216290212183436,train
4-1024-4,4-1024,4-1024-4-0,4,Arizona,1024,4,9/11/1995,1995,3,ACUB,Asphalt concrete over unbound base/subgrade,Rural Principal Arterial - Interstate,East,1,General Pavement Studies,Asphalt Concrete on Unbound Granular Base,1.35797399,1267046.0,0.0,288.8,314.11,365.0,13.30000019,5.0,84.0,178294.5,274.3200094,160.0200048,0.0,434.3400142,2,4,"Hot Mixed, Hot Laid AC, Dense Graded",Crushed Gravel,Coarse-Grained Soil: Clayey Sand with Gravel,1,496.0,59.2,Fair,rutting (M),7.0,1.056200004,0.999400008,1.027599978,2,89.3,-30.099999999999994,79.0,0.216290212183436,48.3,91.0,0.24914442162902123,train
4-1024-4,4-1024,4-1024-4-0,4,Arizona,1024,4,8/2/1996,1996,4,ACUB,Asphalt concrete over unbound base/subgrade,Rural Principal Arterial - Interstate,East,1,General Pavement Studies,Asphalt Concrete on Unbound Granular Base,1.607118412,2030515.0,763469.0,226.19,177.75,366.0,13.69999981,18.0,100.0,179862.3,274.3200094,160.0200048,0.0,434.3400142,2,4,"Hot Mixed, Hot Laid AC, Dense Graded",Crushed Gravel,Coarse-Grained Soil: Clayey Sand with Gravel,1,587.0,48.3,Poor,rutting (M),7.0,1.056200004,0.999400008,1.027599978,3,59.2,-10.900000000000006,91.0,0.24914442162902123,45.0,56.0,0.15331964407939766,train
4-1024-4,4-1024,4-1024-4-0,4,Arizona,1024,4,4/4/1996,1996,5,ACUB,Asphalt concrete over unbound base/subgrade,Rural Principal Arterial - Interstate,East,1,General Pavement Studies,Asphalt Concrete on Unbound Granular Base,1.760438056,2030515.0,0.0,226.19,177.75,366.0,13.69999981,18.0,100.0,179862.3,274.3200094,160.0200048,0.0,434.3400142,2,4,"Hot Mixed, Hot Laid AC, Dense Graded",Crushed Gravel,Coarse-Grained Soil: Clayey Sand with Gravel,1,643.0,45.0,Poor,rutting (M),7.0,1.056200004,0.999400008,1.027599978,4,48.3,-3.299999999999997,56.0,0.15331964407939766,60.4,70.0,0.19164955509924708,train
4-1024-4,4-1024,4-1024-4-0,4,Arizona,1024,4,13/6/1996,1996,6,ACUB,Asphalt concrete over unbound base/subgrade,Rural Principal Arterial - Interstate,East,1,General Pavement Studies,Asphalt Concrete on Unbound Granular Base,1.952087611,2030515.0,0.0,226.19,177.75,366.0,13.69999981,18.0,100.0,179862.3,274.3200094,160.0200048,0.0,434.3400142,2,4,"Hot Mixed, Hot Laid AC, Dense Graded",Crushed Gravel,Coarse-Grained Soil: Clayey Sand with Gravel,1,713.0,60.4,Fair,rutting (M),6.0,1.056200004,0.999400008,1.027599978,5,45.0,15.399999999999999,70.0,0.19164955509924708,60.4,63.0,0.17248459958932238,train
4-1024-7,4-1024,4-1024-7-0,4,Arizona,1024,7,22/4/1998,1998,1,ACUB,Asphalt concrete over unbound base/subgrade,Rural Principal Arterial - Interstate,East,1,General Pavement Studies,Asphalt Concrete on Unbound Granular Base,0.213552361,882643.0,,390.53,351.99,365.0,11.89999962,17.0,119.0,179026.7,276.8600094,160.0200048,0.0,436.8800143,3,5,"Hot Mixed, Hot Laid AC, Dense Graded",Crushed Gravel,Coarse-Grained Soil: Clayey Sand with Gravel,0,,11.5,Serious,alligator_cracking (H),7.0,1.207599998,1.101999998,1.15480001,0,,,,,11.4,54.0,0.14784394250513347,train
4-1024-7,4-1024,4-1024-7-0,4,Arizona,1024,7,15/6/1998,1998,2,ACUB,Asphalt concrete over unbound base/subgrade,Rural Principal Arterial - Interstate,East,1,General Pavement Studies,Asphalt Concrete on Unbound Granular Base,0.361396304,882643.0,0.0,390.53,351.99,365.0,11.89999962,17.0,119.0,179026.7,276.8600094,160.0200048,0.0,436.8800143,3,5,"Hot Mixed, Hot Laid AC, Dense Graded",Crushed Gravel,Coarse-Grained Soil: Clayey Sand with Gravel,0,,11.4,Serious,alligator_cracking (H),7.0,1.221600008,1.147600007,1.184600019,1,11.5,-0.09999999999999964,54.0,0.14784394250513347,11.0,133.0,0.36413415468856947,train
4-1034-4,4-1034,4-1034-4-0,4,Arizona,1034,4,4/12/1998,1998,1,ACUB,Asphalt concrete over unbound base/subgrade,Rural Principal Arterial - Other,South,1,General Pavement Studies,Asphalt Concrete on Unbound Granular Base,0.83504449,77099.0,,151.81,242.65,365.0,21.20000076,0.0,5.0,182946.6,104.1399995,281.9400097,0.0,386.0800092,4,6,"Hot Mixed, Hot Laid AC, Dense Graded",Soil-Aggregate Mixture (Predominantly Coarse-Grained),Coarse-Grained Soil: Silty Sand with Gravel,0,,0.0,Failed,rutting (H),14.0,1.339400005,2.289199972,1.81420002,0,,,,,0.0,886.0,2.425735797399042,train
4-1034-5,4-1034,4-1034-5-0,4,Arizona,1034,5,12/12/2001,2001,1,ACUB,Asphalt concrete over unbound base/subgrade,Rural Principal Arterial - Other,South,1,General Pavement Studies,Asphalt Concrete on Unbound Granular Base,0.449007529,30168.0,,128.84,138.03,365.0,23.0,0.0,2.0,179140.3,126.9999989,281.9400097,0.0,408.9400086,5,7,"Hot Mixed, Hot Laid AC, Dense Graded",Soil-Aggregate Mixture (Predominantly Coarse-Grained),Coarse-Grained Soil: Silty Sand with Gravel,0,,84.6,Satisfactory,rutting (L),2.0,0.829199994,0.661800003,0.745600009,0,,,,,83.0,863.0,2.3627652292950034,train
4-1036-2,4-1036,4-1036-2-0,4,Arizona,1036,2,11/2/1994,1994,1,ACUB,Asphalt concrete over unbound base/subgrade,Rural Principal Arterial - Other,North,1,General Pavement Studies,Asphalt Concrete on Unbound Granular Base,0.402464066,186625.0,,161.12,122.25,365.0,18.20000076,0.0,49.0,177240.2,121.9199995,472.4400097,0.0,594.3600092,3,5,"Hot Mixed, Hot Laid AC, Dense Graded",Soil-Aggregate Mixture (Predominantly Coarse-Grained),Coarse-Grained Soil: Clayey Sand with Gravel,0,,0.0,Failed,alligator_cracking (H),11.0,,,,0,,,,,41.0,522.0,1.429158110882957,train
4-1036-2,4-1036,4-1036-2-0,4,Arizona,1036,2,18/7/1995,1995,2,ACUB,Asphalt concrete over unbound base/subgrade,Rural Principal Arterial - Other,North,1,General Pavement Studies,Asphalt Concrete on Unbound Granular Base,1.831622177,421289.0,234664.0,170.69,201.62,365.0,18.5,0.0,27.0,179022.8,121.9199995,472.4400097,0.0,594.3600092,3,5,"Hot Mixed, Hot Laid AC, Dense Graded",Soil-Aggregate Mixture (Predominantly Coarse-Grained),Coarse-Grained Soil: Clayey Sand with Gravel,0,,41.0,Poor,alligator_cracking (M),,2.705200005,1.220000005,1.962199974,1,0.0,41.0,522.0,1.429158110882957,0.0,910.0,2.4914442162902124,train
4-1037-2,4-1037,4-1037-2-0,4,Arizona,1037,2,12/7/1996,1996,1,ACUB,Asphalt concrete over unbound base/subgrade,Rural Principal Arterial - Other,East,1,General Pavement Studies,Asphalt Concrete on Unbound Granular Base,3.028062971,169798.0,,221.64,89.54,366.0,20.39999962,0.0,15.0,181606.4,78.73999833,408.9400097,0.0,487.680008,3,5,"Hot Mixed, Hot Laid AC, Dense Graded",Soil-Aggregate Mixture (Predominantly Coarse-Grained),Coarse-Grained Soils: Poorly Graded Sand with Silt and Gravel,0,,10.4,Serious,alligator_cracking (M),7.0,,,,0,,,,,7.2,859.0,2.351813826146475,train
4-1037-2,4-1037,4-1037-2-0,4,Arizona,1037,2,18/11/1998,1998,2,ACUB,Asphalt concrete over unbound base/subgrade,Rural Principal Arterial - Other,East,1,General Pavement Studies,Asphalt Concrete on Unbound Granular Base,5.379876797,348704.0,178906.0,244.13,276.78,365.0,18.5,0.0,18.0,180913.6,78.73999833,408.9400097,0.0,487.680008,3,5,"Hot Mixed, Hot Laid AC, Dense Graded",Soil-Aggregate Mixture (Predominantly Coarse-Grained),Coarse-Grained Soils: Poorly Graded Sand with Silt and Gravel,0,,7.2,Failed,rutting (H),9.0,2.343599987,2.211800003,2.277999973,1,10.4,-3.2,859.0,2.351813826146475,0.0,478.0,1.3086926762491444,train
4-1062-4,4-1062,4-1062-4-0,4,Arizona,1062,4,7/5/1996,1996,1,ACATB,Asphalt concrete over asphalt treated base/subgrade,Rural Principal Arterial - Interstate,West,1,General Pavement Studies,Asphalt Concrete on Bound Base,3.597535934,3181466.0,,248.63,161.8,366.0,14.80000019,8.0,76.0,180025.5,152.4,284.4799952,152.4,589.2799952,4,7,"Hot Mixed, Hot Laid AC, Dense Graded",Asphalt Treated Mixture,Coarse-Grained Soil: Clayey Gravel with Sand,0,,69.0,Fair,bleeding (M),2.0,,,,0,,,,,81.3,927.0,2.537987679671458,train
4-1062-5,4-1062,4-1062-5-0,4,Arizona,1062,5,24/1/2000,2000,1,ACATB,Asphalt concrete over asphalt treated base/subgrade,Rural Principal Arterial - Interstate,West,1,General Pavement Studies,Asphalt Concrete on Bound Base,0.396988364,1188608.0,,268.95,203.65,366.0,14.80000019,1.0,75.0,179546.0,132.0799982,284.4799952,152.4,568.9599933,5,8,"Hot Mixed, Hot Laid AC, Dense Graded",Asphalt Treated Mixture,Coarse-Grained Soil: Clayey Gravel with Sand,0,,100.0,Good,,1.0,0.302000004,0.358999997,0.330400002,0,,,,,76.2,1086.0,2.973305954825462,train
4-1062-5,4-1062,4-1062-5-0,4,Arizona,1062,5,14/1/2003,2003,2,ACATB,Asphalt concrete over asphalt treated base/subgrade,Rural Principal Arterial - Interstate,West,1,General Pavement Studies,Asphalt Concrete on Bound Base,3.370294319,4104345.0,2915737.0,327.3,271.31,365.0,15.0,4.0,65.0,177058.4,132.0799982,284.4799952,152.4,568.9599933,5,8,"Hot Mixed, Hot Laid AC, Dense Graded",Asphalt Treated Mixture,Coarse-Grained Soil: Clayey Gravel with Sand,0,,76.2,Satisfactory,rutting (L),3.0,,,,1,100.0,-23.799999999999997,1086.0,2.973305954825462,63.2,825.0,2.2587268993839835,train
4-1062-5,4-1062,4-1062-5-0,4,Arizona,1062,5,18/4/2005,2005,3,ACATB,Asphalt concrete over asphalt treated base/subgrade,Rural Principal Arterial - Interstate,West,1,General Pavement Studies,Asphalt Concrete on Bound Base,5.629021218,6234424.0,2130079.0,520.07,530.73,365.0,14.10000038,4.0,64.0,174447.7,132.0799982,284.4799952,152.4,568.9599933,5,8,"Hot Mixed, Hot Laid AC, Dense Graded",Asphalt Treated Mixture,Coarse-Grained Soil: Clayey Gravel with Sand,0,,63.2,Fair,long_trans_cracking (M),3.0,,,,2,76.2,-13.0,825.0,2.2587268993839835,62.2,640.0,1.7522245037645447,train
4-1062-5,4-1062,4-1062-5-0,4,Arizona,1062,5,18/1/2007,2007,4,ACATB,Asphalt concrete over asphalt treated base/subgrade,Rural Principal Arterial - Interstate,West,1,General Pavement Studies,Asphalt Concrete on Bound Base,7.381245722,8510579.0,2276155.0,328.52,201.35,365.0,14.69999981,22.0,82.0,178683.7,132.0799982,284.4799952,152.4,568.9599933,5,8,"Hot Mixed, Hot Laid AC, Dense Graded",Asphalt Treated Mixture,Coarse-Grained Soil: Clayey Gravel with Sand,0,,62.2,Fair,long_trans_cracking (M),3.0,0.394,0.435799998,0.414799994,3,63.2,-1.0,640.0,1.7522245037645447,61.0,1089.0,2.9815195071868583,train
4-1062-5,4-1062,4-1062-5-0,4,Arizona,1062,5,11/1/2010,2010,5,ACATB,Asphalt concrete over asphalt treated base/subgrade,Rural Principal Arterial - Interstate,West,1,General Pavement Studies,Asphalt Concrete on Bound Base,10.36276523,12206859.0,3696280.0,655.3,323.35,365.0,13.89999962,16.0,83.0,176831.7,132.0799982,284.4799952,152.4,568.9599933,5,8,"Hot Mixed, Hot Laid AC, Dense Graded",Asphalt Treated Mixture,Coarse-Grained Soil: Clayey Gravel with Sand,0,,61.0,Fair,long_trans_cracking (M),3.0,0.620599985,0.626399994,0.623599994,4,62.2,-1.2000000000000028,1089.0,2.9815195071868583,28.4,694.0,1.9000684462696784,train
4-1065-5,4-1065,4-1065-5-0,4,Arizona,1065,5,4/11/1992,1992,1,ACATB,Asphalt concrete over asphalt treated base/subgrade,Rural Principal Arterial - Interstate,East,1,General Pavement Studies,Asphalt Concrete on Bound Base,0.093086927,153271.0,,574.52,420.06,366.0,13.60000038,12.0,85.0,169068.9,167.6400036,347.9799952,127.0,642.6199988,4,7,"Hot Mixed, Hot Laid AC, Dense Graded",Asphalt Treated Mixture,Coarse-Grained Soil: Clayey Gravel with Sand,0,,100.0,Good,,,1.036200011,0.841000009,0.938600004,0,,,,,82.2,1899.0,5.19917864476386,train
4-1065-6,4-1065,4-1065-6-0,4,Arizona,1065,6,25/1/2000,2000,1,ACATB,Asphalt concrete over asphalt treated base/subgrade,Rural Principal Arterial - Interstate,East,1,General Pavement Studies,Asphalt Concrete on Bound Base,0.399726215,1060074.0,,268.95,203.65,366.0,14.80000019,1.0,75.0,179546.0,154.9400021,347.9799952,127.0,629.9199973,5,8,"Hot Mixed, Hot Laid AC, Dense Graded",Asphalt Treated Mixture,Coarse-Grained Soil: Clayey Gravel with Sand,0,,100.0,Good,,1.0,0.316800004,0.360799992,0.338800007,0,,,,,76.3,1086.0,2.973305954825462,train
4-1065-6,4-1065,4-1065-6-0,4,Arizona,1065,6,15/1/2003,2003,2,ACATB,Asphalt concrete over asphalt treated base/subgrade,Rural Principal Arterial - Interstate,East,1,General Pavement Studies,Asphalt Concrete on Bound Base,3.37303217,3666223.0,2606149.0,327.3,271.31,365.0,15.0,4.0,65.0,177058.4,154.9400021,347.9799952,127.0,629.9199973,5,8,"Hot Mixed, Hot Laid AC, Dense Graded",Asphalt Treated Mixture,Coarse-Grained Soil: Clayey Gravel with Sand,0,,76.3,Satisfactory,rutting (L),2.0,,,,1,100.0,-23.700000000000003,1086.0,2.973305954825462,65.1,825.0,2.2587268993839835,train
4-1065-6,4-1065,4-1065-6-0,4,Arizona,1065,6,19/4/2005,2005,3,ACATB,Asphalt concrete over asphalt treated base/subgrade,Rural Principal Arterial - Interstate,East,1,General Pavement Studies,Asphalt Concrete on Bound Base,5.631759069,5578311.0,1912088.0,520.07,530.73,365.0,14.10000038,4.0,64.0,174447.7,154.9400021,347.9799952,127.0,629.9199973,5,8,"Hot Mixed, Hot Laid AC, Dense Graded",Asphalt Treated Mixture,Coarse-Grained Soil: Clayey Gravel with Sand,0,,65.1,Fair,long_trans_cracking (M),2.0,,,,2,76.3,-11.200000000000003,825.0,2.2587268993839835,64.5,639.0,1.7494866529774127,train
4-1065-6,4-1065,4-1065-6-0,4,Arizona,1065,6,18/1/2007,2007,4,ACATB,Asphalt concrete over asphalt treated base/subgrade,Rural Principal Arterial - Interstate,East,1,General Pavement Studies,Asphalt Concrete on Bound Base,7.381245722,7622376.0,2044065.0,328.52,201.35,365.0,14.69999981,22.0,82.0,178683.7,154.9400021,347.9799952,127.0,629.9199973,5,8,"Hot Mixed, Hot Laid AC, Dense Graded",Asphalt Treated Mixture,Coarse-Grained Soil: Clayey Gravel with Sand,0,,64.5,Fair,long_trans_cracking (M),3.0,0.355199999,0.386000007,0.370600003,3,65.1,-0.5999999999999943,639.0,1.7494866529774127,63.9,1089.0,2.9815195071868583,train
4-1065-6,4-1065,4-1065-6-0,4,Arizona,1065,6,11/1/2010,2010,5,ACATB,Asphalt concrete over asphalt treated base/subgrade,Rural Principal Arterial - Interstate,East,1,General Pavement Studies,Asphalt Concrete on Bound Base,10.36276523,10945708.0,3323332.0,655.3,323.35,365.0,13.89999962,16.0,83.0,176831.7,154.9400021,347.9799952,127.0,629.9199973,5,8,"Hot Mixed, Hot Laid AC, Dense Graded",Asphalt Treated Mixture,Coarse-Grained Soil: Clayey Gravel with Sand,0,,63.9,Fair,long_trans_cracking (M),3.0,0.353199995,0.441400003,0.397400004,4,64.5,-0.6000000000000014,1089.0,2.9815195071868583,49.1,695.0,1.9028062970568105,train
4-1065-6,4-1065,4-1065-6-0,4,Arizona,1065,6,7/12/2011,2011,6,ACATB,Asphalt concrete over asphalt treated base/subgrade,Rural Principal Arterial - Interstate,East,1,General Pavement Studies,Asphalt Concrete on Bound Base,12.26557153,12119210.0,1173502.0,285.04,285.72,365.0,13.89999962,27.0,89.0,181344.5,154.9400021,347.9799952,127.0,629.9199973,5,8,"Hot Mixed, Hot Laid AC, Dense Graded",Asphalt Treated Mixture,Coarse-Grained Soil: Clayey Gravel with Sand,0,,49.1,Poor,long_trans_cracking (H),3.0,0.409399998,0.5088,0.459399998,5,63.9,-14.799999999999997,695.0,1.9028062970568105,48.0,1065.0,2.915811088295688,train
4-1065-6,4-1065,4-1065-6-0,4,Arizona,1065,6,6/11/2014,2014,7,ACATB,Asphalt concrete over asphalt treated base/subgrade,Rural Principal Arterial - Interstate,East,1,General Pavement Studies,Asphalt Concrete on Bound Base,15.18138261,15848132.0,3728922.0,359.11,273.95,365.0,15.10000038,3.0,42.0,175367.3,154.9400021,347.9799952,127.0,629.9199973,5,8,"Hot Mixed, Hot Laid AC, Dense Graded",Asphalt Treated Mixture,Coarse-Grained Soil: Clayey Gravel with Sand,0,,48.0,Poor,long_trans_cracking (H),3.0,0.60999999,0.653800011,0.631800008,6,49.1,-1.1000000000000014,1065.0,2.915811088295688,28.8,397.0,1.0869267624914443,train
4-1065-6,4-1065,4-1065-6-0,4,Arizona,1065,6,8/12/2015,2015,8,ACATB,Asphalt concrete over asphalt treated base/subgrade,Rural Principal Arterial - Interstate,East,1,General Pavement Studies,Asphalt Concrete on Bound Base,16.26830938,17157950.0,1309818.0,408.42,385.9,365.0,14.69999981,13.0,61.0,174229.8,154.9400021,347.9799952,127.0,629.9199973,5,8,"Hot Mixed, Hot Laid AC, Dense Graded",Asphalt Treated Mixture,Coarse-Grained Soil: Clayey Gravel with Sand,0,,28.8,Very Poor,long_trans_cracking (H),4.0,0.765399992,0.775800014,0.770399988,7,48.0,-19.2,397.0,1.0869267624914443,25.8,415.0,1.136208076659822,train
4-1065-6,4-1065,4-1065-6-0,4,Arizona,1065,6,26/1/2017,2017,9,ACATB,Asphalt concrete over asphalt treated base/subgrade,Rural Principal Arterial - Interstate,East,1,General Pavement Studies,Asphalt Concrete on Bound Base,17.40451745,19882436.0,2724486.0,428.62,394.14,365.0,15.39999962,8.0,40.0,175861.3,154.9400021,347.9799952,127.0,629.9199973,5,8,"Hot Mixed, Hot Laid AC, Dense Graded",Asphalt Treated Mixture,Coarse-Grained Soil: Clayey Gravel with Sand,0,,25.8,Very Poor,long_trans_cracking (H),4.0,1.167999983,1.235000038,1.201599979,8,28.8,-3.0,415.0,1.136208076659822,50.7,763.0,2.088980150581793,train
40-1015-1,40-1015,40-1015-1-0,40,Oklahoma,1015,1,17/5/1991,1991,1,ACTB,Asphalt concrete over cement/lime treated base/subgrade,Rural Minor Arterial,North,4,General Pavement Studies,Asphalt Concrete on Bound Base,4.372347707,888742.0,,1096.38,941.96,365.0,15.69999981,42.0,68.0,146550.8,35.55999939,205.7400097,0.0,241.3000091,1,3,"Hot Mixed, Hot Laid AC, Dense Graded",HMAC,Coarse-Grained Soil: Silty Sand,0,,21.3,Serious,rutting (H),10.0,1.429600024,1.737600017,1.583800006,0,,,,,36.0,144.0,0.3942505133470226,test
40-1015-1,40-1015,40-1015-1-0,40,Oklahoma,1015,1,8/10/1991,1991,2,ACTB,Asphalt concrete over cement/lime treated base/subgrade,Rural Minor Arterial,North,4,General Pavement Studies,Asphalt Concrete on Bound Base,4.76659822,888742.0,0.0,1096.38,941.96,365.0,15.69999981,42.0,68.0,146550.8,35.55999939,205.7400097,0.0,241.3000091,1,3,"Hot Mixed, Hot Laid AC, Dense Graded",HMAC,Coarse-Grained Soil: Silty Sand,0,,36.0,Very Poor,rutting (H),9.0,,,,1,21.3,14.7,144.0,0.3942505133470226,34.5,391.0,1.0704996577686516,test
40-1015-1,40-1015,40-1015-1-0,40,Oklahoma,1015,1,2/11/1992,1992,3,ACTB,Asphalt concrete over cement/lime treated base/subgrade,Rural Minor Arterial,North,4,General Pavement Studies,Asphalt Concrete on Bound Base,5.837097878,929775.0,41033.0,1030.02,1189.64,366.0,15.0,13.0,61.0,149285.3,35.55999939,205.7400097,0.0,241.3000091,1,3,"Hot Mixed, Hot Laid AC, Dense Graded",HMAC,Coarse-Grained Soil: Silty Sand,0,,34.5,Very Poor,rutting (H),8.0,1.392400002,1.784800005,1.588800001,2,36.0,-1.5,391.0,1.0704996577686516,33.4,728.0,1.9931553730321698,test
40-1015-1,40-1015,40-1015-1-0,40,Oklahoma,1015,1,31/10/1994,1994,4,ACTB,Asphalt concrete over cement/lime treated base/subgrade,Rural Minor Arterial,North,4,General Pavement Studies,Asphalt Concrete on Bound Base,7.830253251,1006674.0,76899.0,1099.84,919.73,365.0,15.89999962,44.0,64.0,155060.6,35.55999939,205.7400097,0.0,241.3000091,1,3,"Hot Mixed, Hot Laid AC, Dense Graded",HMAC,Coarse-Grained Soil: Silty Sand,0,,33.4,Very Poor,rutting (H),11.0,1.31960001,1.579999995,1.449800014,3,34.5,-1.1000000000000014,728.0,1.9931553730321698,32.7,1022.0,2.7980835044490076,test
40-1015-1,40-1015,40-1015-1-0,40,Oklahoma,1015,1,18/8/1997,1997,5,ACTB,Asphalt concrete over cement/lime treated base/subgrade,Rural Minor Arterial,North,4,General Pavement Studies,Asphalt Concrete on Bound Base,10.62833676,1141842.0,135168.0,1171.85,931.76,365.0,15.39999962,57.0,66.0,153829.5,35.55999939,205.7400097,0.0,241.3000091,1,3,"Hot Mixed, Hot Laid AC, Dense Graded",HMAC,Coarse-Grained Soil: Silty Sand,0,,32.7,Very Poor,rutting (H),9.0,,,,4,33.4,-0.6999999999999957,1022.0,2.7980835044490076,34.0,695.0,1.9028062970568105,test
40-1015-1,40-1015,40-1015-1-0,40,Oklahoma,1015,1,14/7/1999,1999,6,ACTB,Asphalt concrete over cement/lime treated base/subgrade,Rural Minor Arterial,North,4,General Pavement Studies,Asphalt Concrete on Bound Base,12.53114305,1240787.0,98945.0,767.7,986.46,365.0,16.79999924,26.0,47.0,159670.3,35.55999939,205.7400097,0.0,241.3000091,1,3,"Hot Mixed, Hot Laid AC, Dense Graded",HMAC,Coarse-Grained Soil: Silty Sand,0,,34.0,Very Poor,rutting (H),10.0,,,,5,32.7,1.2999999999999972,695.0,1.9028062970568105,31.6,1860.0,5.092402464065708,test
40-1017-1,40-1017,40-1017-1-0,40,Oklahoma,1017,1,9/10/1991,1991,1,ACTB,Asphalt concrete over cement/lime treated base/subgrade,Rural Principal Arterial - Other,North,1,General Pavement Studies,Asphalt Concrete on Bound Base,4.769336071,2851987.0,,1269.38,870.7,365.0,15.5,67.0,77.0,144292.0,43.18000121,195.5799952,0.0,238.7599964,1,3,"Hot Mixed, Hot Laid AC, Dense Graded",HMAC,Fine-Grained Soils: Silt,0,,22.1,Serious,rutting (H),15.0,1.626800013,1.367600012,1.497199965,0,,,,,20.0,391.0,1.0704996577686516,train
40-1017-1,40-1017,40-1017-1-0,40,Oklahoma,1017,1,3/11/1992,1992,2,ACTB,Asphalt concrete over cement/lime treated base/subgrade,Rural Principal Arterial - Other,North,1,General Pavement Studies,Asphalt Concrete on Bound Base,5.839835729,3253430.0,401443.0,1325.88,1119.88,366.0,14.39999962,18.0,70.0,143793.9,43.18000121,195.5799952,0.0,238.7599964,1,3,"Hot Mixed, Hot Laid AC, Dense Graded",HMAC,Fine-Grained Soils: Silt,0,,20.0,Serious,rutting (H),15.0,,,,1,22.1,-2.1000000000000014,391.0,1.0704996577686516,61.5,728.0,1.9931553730321698,train
40-4087-1,40-4087,40-4087-1-0,40,Oklahoma,4087,1,15/10/1991,1991,1,ACATB,Asphalt concrete over asphalt treated base/subgrade,Rural Principal Arterial - Other,East,1,General Pavement Studies,Asphalt Concrete on Bound Base,4.785763176,277997.0,,703.22,765.29,365.0,16.5,15.0,65.0,156382.6,55.88000121,198.1200048,104.1399976,358.1400036,1,4,"Hot Mixed, Hot Laid AC, Dense Graded",HMAC,Fine-Grained Soils: Lean Clay with Sand,0,,40.0,Poor,rutting (H),13.0,,,,0,,,,,38.2,388.0,1.0622861054072552,train
40-4087-1,40-4087,40-4087-1-0,40,Oklahoma,4087,1,6/11/1992,1992,2,ACATB,Asphalt concrete over asphalt treated base/subgrade,Rural Principal Arterial - Other,East,1,General Pavement Studies,Asphalt Concrete on Bound Base,5.848049281,312140.0,34143.0,626.96,865.81,366.0,16.10000038,11.0,56.0,158273.0,55.88000121,198.1200048,104.1399976,358.1400036,1,4,"Hot Mixed, Hot Laid AC, Dense Graded",HMAC,Fine-Grained Soils: Lean Clay with Sand,0,,38.2,Very Poor,rutting (H),12.0,1.140400004,1.072999978,1.106599998,1,40.0,-1.7999999999999972,388.0,1.0622861054072552,38.0,727.0,1.9904175222450375,train
40-4087-1,40-4087,40-4087-1-0,40,Oklahoma,4087,1,3/11/1994,1994,3,ACATB,Asphalt concrete over asphalt treated base/subgrade,Rural Principal Arterial - Other,East,1,General Pavement Studies,Asphalt Concrete on Bound Base,7.838466804,426878.0,114738.0,485.11,617.87,365.0,17.20000076,14.0,66.0,162882.4,55.88000121,198.1200048,104.1399976,358.1400036,1,4,"Hot Mixed, Hot Laid AC, Dense Graded",HMAC,Fine-Grained Soils: Lean Clay with Sand,0,,38.0,Very Poor,rutting (H),15.0,1.112399983,1.122599959,1.117599988,2,38.2,-0.20000000000000284,727.0,1.9904175222450375,69.2,284.0,0.7775496235455168,train
40-4087-1,40-4087,40-4087-1-0,40,Oklahoma,4087,1,14/8/1995,1995,4,ACATB,Asphalt concrete over asphalt treated base/subgrade,Rural Principal Arterial - Other,East,1,General Pavement Studies,Asphalt Concrete on Bound Base,8.616016427,475917.0,49039.0,899.38,904.34,365.0,16.29999924,14.0,61.0,162979.9,55.88000121,198.1200048,104.1399976,358.1400036,1,4,"Hot Mixed, Hot Laid AC, Dense Graded",HMAC,Fine-Grained Soils: Lean Clay with Sand,0,,69.2,Fair,long_trans_cracking (M),,,,,3,38.0,31.200000000000003,284.0,0.7775496235455168,33.2,674.0,1.8453114305270362,train
40-4088-1,40-4088,40-4088-1-0,40,Oklahoma,4088,1,11/10/1991,1991,1,ACATB,Asphalt concrete over asphalt treated base/subgrade,Rural Principal Arterial - Other,East,1,General Pavement Studies,Asphalt Concrete on Bound Base,4.774811773,1401413.0,,701.21,597.27,365.0,15.60000038,78.0,85.0,148742.6,114.3,195.5799952,154.9399976,464.8199927,2,5,"Hot Mixed, Hot Laid AC, Dense Graded",Sand Asphalt,Fine-Grained Soils: Sandy Lean Clay,0,,32.7,Very Poor,rutting (H),11.0,,,,0,,,,,16.0,390.0,1.0677618069815196,train
40-4154-1,40-4154,40-4154-1-0,40,Oklahoma,4154,1,14/10/1991,1991,1,ACATB,Asphalt concrete over asphalt treated base/subgrade,Rural Principal Arterial - Other,South,1,General Pavement Studies,Asphalt Concrete on Bound Base,2.784394251,203192.0,,809.41,819.75,365.0,15.80000019,38.0,71.0,151623.3,266.7000091,289.5599903,0.0,556.2599994,2,4,"Hot Mixed, Hot Laid AC, Dense Graded",Pozzolanic-Aggregate Mixture,Fine-Grained Soils: Sandy Silt,0,,65.0,Fair,rutting (M),4.0,1.155799985,1.387599993,1.271399975,0,,,,,85.0,388.0,1.0622861054072552,train
40-4154-1,40-4154,40-4154-1-0,40,Oklahoma,4154,1,5/11/1992,1992,2,ACATB,Asphalt concrete over asphalt treated base/subgrade,Rural Principal Arterial - Other,South,1,General Pavement Studies,Asphalt Concrete on Bound Base,3.846680356,279183.0,75991.0,783.37,1002.04,366.0,15.19999981,14.0,65.0,153998.5,266.7000091,289.5599903,0.0,556.2599994,2,4,"Hot Mixed, Hot Laid AC, Dense Graded",Pozzolanic-Aggregate Mixture,Fine-Grained Soils: Sandy Silt,0,,85.0,Good,rutting (L),3.0,,,,1,65.0,20.0,388.0,1.0622861054072552,58.1,728.0,1.9931553730321698,train
40-4154-1,40-4154,40-4154-1-0,40,Oklahoma,4154,1,3/11/1994,1994,3,ACATB,Asphalt concrete over asphalt treated base/subgrade,Rural Principal Arterial - Other,South,1,General Pavement Studies,Asphalt Concrete on Bound Base,5.839835729,425188.0,146005.0,730.96,778.4,365.0,16.10000038,32.0,74.0,158762.8,266.7000091,289.5599903,0.0,556.2599994,2,4,"Hot Mixed, Hot Laid AC, Dense Graded",Pozzolanic-Aggregate Mixture,Fine-Grained Soils: Sandy Silt,0,,58.1,Fair,rutting (M),5.0,1.184800005,1.46500001,1.325,2,85.0,-26.9,728.0,1.9931553730321698,62.0,1021.0,2.7953456536618755,train
40-4154-1,40-4154,40-4154-1-0,40,Oklahoma,4154,1,20/8/1997,1997,4,ACATB,Asphalt concrete over asphalt treated base/subgrade,Rural Principal Arterial - Other,South,1,General Pavement Studies,Asphalt Concrete on Bound Base,8.635181383,622494.0,197306.0,976.16,921.74,365.0,15.19999981,57.0,75.0,157569.2,266.7000091,289.5599903,0.0,556.2599994,2,4,"Hot Mixed, Hot Laid AC, Dense Graded",Pozzolanic-Aggregate Mixture,Fine-Grained Soils: Sandy Silt,0,,62.0,Fair,long_trans_cracking (M),2.0,,,,3,58.1,3.8999999999999986,1021.0,2.7953456536618755,45.0,762.0,2.086242299794661,train
40-4154-1,40-4154,40-4154-1-0,40,Oklahoma,4154,1,21/9/1999,1999,5,ACATB,Asphalt concrete over asphalt treated base/subgrade,Rural Principal Arterial - Other,South,1,General Pavement Studies,Asphalt Concrete on Bound Base,10.72142368,760506.0,138012.0,578.31,844.35,365.0,16.89999962,20.0,54.0,163414.7,266.7000091,289.5599903,0.0,556.2599994,2,4,"Hot Mixed, Hot Laid AC, Dense Graded",Pozzolanic-Aggregate Mixture,Fine-Grained Soils: Sandy Silt,0,,45.0,Poor,long_trans_cracking (H),2.0,1.317799997,1.57099998,1.44460001,4,62.0,-17.0,762.0,2.086242299794661,54.9,209.0,0.5722108145106092,train
40-4161-2,40-4161,40-4161-2-0,40,Oklahoma,4161,2,15/10/1991,1991,1,ACTB,Asphalt concrete over cement/lime treated base/subgrade,Rural Principal Arterial - Other,West,1,General Pavement Studies,Asphalt Concrete on Bound Base,2.255989049,104964.0,,1052.2,991.01,365.0,16.70000076,8.0,56.0,146913.5,71.1200003,193.0399976,0.0,264.1599979,2,4,"Hot Mixed, Hot Laid AC, Dense Graded",HMAC,Coarse-Grained Soil: Silty Sand,0,,40.0,Poor,rutting (H),11.0,1.183000016,1.651600003,1.417399979,0,,,,,40.0,385.0,1.054072553045859,test
40-4161-2,40-4161,40-4161-2-0,40,Oklahoma,4161,2,3/11/1992,1992,2,ACTB,Asphalt concrete over cement/lime treated base/subgrade,Rural Principal Arterial - Other,West,1,General Pavement Studies,Asphalt Concrete on Bound Base,3.310061602,190729.0,85765.0,1011.59,1141.71,366.0,16.29999924,7.0,46.0,151650.1,71.1200003,193.0399976,0.0,264.1599979,2,4,"Hot Mixed, Hot Laid AC, Dense Graded",HMAC,Coarse-Grained Soil: Silty Sand,0,,40.0,Poor,rutting (H),9.0,,,,1,40.0,0.0,385.0,1.054072553045859,37.7,727.0,1.9904175222450375,test
40-4161-2,40-4161,40-4161-2-0,40,Oklahoma,4161,2,31/10/1994,1994,3,ACTB,Asphalt concrete over cement/lime treated base/subgrade,Rural Principal Arterial - Other,West,1,General Pavement Studies,Asphalt Concrete on Bound Base,5.300479124,305050.0,114321.0,1083.95,1083.35,365.0,16.79999924,21.0,50.0,154676.3,71.1200003,193.0399976,0.0,264.1599979,2,4,"Hot Mixed, Hot Laid AC, Dense Graded",HMAC,Coarse-Grained Soil: Silty Sand,0,,37.7,Very Poor,rutting (H),14.0,1.252999997,1.863800001,1.558399987,2,40.0,-2.299999999999997,727.0,1.9904175222450375,31.3,865.0,2.3682409308692676,test
40-4161-2,40-4161,40-4161-2-0,40,Oklahoma,4161,2,14/3/1997,1997,4,ACTB,Asphalt concrete over cement/lime treated base/subgrade,Rural Principal Arterial - Other,West,1,General Pavement Studies,Asphalt Concrete on Bound Base,7.668720055,518388.0,213338.0,1055.48,946.01,365.0,16.5,40.0,52.0,154620.4,71.1200003,193.0399976,0.0,264.1599979,2,4,"Hot Mixed, Hot Laid AC, Dense Graded",HMAC,Coarse-Grained Soil: Silty Sand,0,,31.3,Very Poor,rutting (H),15.0,1.3296,2.251399994,1.790400004,3,37.7,-6.400000000000002,865.0,2.3682409308692676,35.1,66.0,0.1806981519507187,test
40-4164-1,40-4164,40-4164-1-0,40,Oklahoma,4164,1,14/10/1991,1991,1,ACATB,Asphalt concrete over asphalt treated base/subgrade,Rural Minor Arterial,South,1,General Pavement Studies,Asphalt Concrete on Bound Base,4.783025325,547721.0,,549.27,556.6,365.0,15.39999962,74.0,84.0,153235.6,116.8399976,193.0399976,0.0,309.8799952,2,4,"Hot Mixed, Hot Laid AC, Dense Graded",Sand Asphalt,Coarse-Grained Soil: Silty Sand,0,,57.5,Fair,rutting (M),4.0,1.399799991,1.113600016,1.256799984,0,,,,,57.4,388.0,1.0622861054072552,train
40-4165-1,40-4165,40-4165-1-0,40,Oklahoma,4165,1,14/10/1991,1991,1,ACTB,Asphalt concrete over cement/lime treated base/subgrade,Rural Principal Arterial - Other,West,1,General Pavement Studies,Asphalt Concrete on Bound Base,4.783025325,1538712.0,,648.82,591.87,365.0,15.39999962,80.0,84.0,150936.5,68.58000121,139.7,0.0,208.2800012,1,3,"Hot Mixed, Hot Laid AC, Dense Graded",HMAC,Coarse-Grained Soil: Silty Sand,0,,39.3,Very Poor,rutting (H),9.0,2.090799952,2.064599943,2.078000021,0,,,,,63.9,388.0,1.0622861054072552,train
40-4165-1,40-4165,40-4165-1-0,40,Oklahoma,4165,1,5/11/1992,1992,2,ACTB,Asphalt concrete over cement/lime treated base/subgrade,Rural Principal Arterial - Other,West,1,General Pavement Studies,Asphalt Concrete on Bound Base,5.845311431,1724094.0,185382.0,1032.35,779.13,366.0,14.60000038,51.0,76.0,150846.0,68.58000121,139.7,0.0,208.2800012,1,3,"Hot Mixed, Hot Laid AC, Dense Graded",HMAC,Coarse-Grained Soil: Silty Sand,0,,63.9,Fair,rutting (M),7.0,,,,1,39.3,24.6,388.0,1.0622861054072552,97.4,707.0,1.9356605065023955,train
40-4165-1,40-4165,40-4165-1-0,40,Oklahoma,4165,1,13/10/1994,1994,3,ACTB,Asphalt concrete over cement/lime treated base/subgrade,Rural Principal Arterial - Other,West,1,General Pavement Studies,Asphalt Concrete on Bound Base,7.780971937,2084479.0,360385.0,455.4,689.05,365.0,15.0,73.0,86.0,157129.0,68.58000121,139.7,0.0,208.2800012,1,3,"Hot Mixed, Hot Laid AC, Dense Graded",HMAC,Coarse-Grained Soil: Silty Sand,0,,97.4,Good,long_trans_cracking (L),,1.753399992,2.232600069,1.993000007,2,63.9,33.50000000000001,707.0,1.9356605065023955,97.5,20.0,0.05475701574264202,train
40-4165-1,40-4165,40-4165-1-0,40,Oklahoma,4165,1,2/11/1994,1994,4,ACTB,Asphalt concrete over cement/lime treated base/subgrade,Rural Principal Arterial - Other,West,1,General Pavement Studies,Asphalt Concrete on Bound Base,7.835728953,2084479.0,0.0,455.4,689.05,365.0,15.0,73.0,86.0,157129.0,68.58000121,139.7,0.0,208.2800012,1,3,"Hot Mixed, Hot Laid AC, Dense Graded",HMAC,Coarse-Grained Soil: Silty Sand,0,,97.5,Good,long_trans_cracking (L),,1.753399992,2.232600069,1.993000007,3,97.4,0.09999999999999432,20.0,0.05475701574264202,37.9,167.0,0.45722108145106094,train
40-4165-1,40-4165,40-4165-1-0,40,Oklahoma,4165,1,18/4/1995,1995,5,ACTB,Asphalt concrete over cement/lime treated base/subgrade,Rural Principal Arterial - Other,West,1,General Pavement Studies,Asphalt Concrete on Bound Base,8.292950034,2262672.0,178193.0,940.39,868.44,365.0,14.30000019,73.0,82.0,154757.4,68.58000121,139.7,0.0,208.2800012,1,3,"Hot Mixed, Hot Laid AC, Dense Graded",HMAC,Coarse-Grained Soil: Silty Sand,0,,37.9,Very Poor,rutting (H),8.0,1.817200017,2.146000051,1.981400037,4,97.5,-59.6,167.0,0.45722108145106094,37.9,63.0,0.17248459958932238,train
40-4165-1,40-4165,40-4165-1-0,40,Oklahoma,4165,1,20/6/1995,1995,6,ACTB,Asphalt concrete over cement/lime treated base/subgrade,Rural Principal Arterial - Other,West,1,General Pavement Studies,Asphalt Concrete on Bound Base,8.465434634,2262672.0,0.0,940.39,868.44,365.0,14.30000019,73.0,82.0,154757.4,68.58000121,139.7,0.0,208.2800012,1,3,"Hot Mixed, Hot Laid AC, Dense Graded",HMAC,Coarse-Grained Soil: Silty Sand,0,,37.9,Very Poor,rutting (H),8.0,1.787400007,2.191800022,1.989799976,5,37.9,0.0,63.0,0.17248459958932238,94.6,507.0,1.3880903490759753,train
40-4165-1,40-4165,40-4165-1-0,40,Oklahoma,4165,1,8/11/1996,1996,7,ACTB,Asphalt concrete over cement/lime treated base/subgrade,Rural Principal Arterial - Other,West,1,General Pavement Studies,Asphalt Concrete on Bound Base,9.853524983,2320756.0,58084.0,627.04,725.65,366.0,14.39999962,172.0,88.0,157907.4,68.58000121,139.7,0.0,208.2800012,1,3,"Hot Mixed, Hot Laid AC, Dense Graded",HMAC,Coarse-Grained Soil: Silty Sand,0,,94.6,Good,long_trans_cracking (L),,1.783800006,2.108400011,1.94599998,6,37.9,56.699999999999996,507.0,1.3880903490759753,36.0,196.0,0.5366187542778919,train
40-4165-1,40-4165,40-4165-1-0,40,Oklahoma,4165,1,23/5/1997,1997,8,ACTB,Asphalt concrete over cement/lime treated base/subgrade,Rural Principal Arterial - Other,West,1,General Pavement Studies,Asphalt Concrete on Bound Base,10.39014374,2451661.0,130905.0,1017.25,925.75,365.0,13.89999962,107.0,93.0,154237.1,68.58000121,139.7,0.0,208.2800012,1,3,"Hot Mixed, Hot Laid AC, Dense Graded",HMAC,Coarse-Grained Soil: Silty Sand,0,,36.0,Very Poor,rutting (H),9.0,1.789199996,2.076000023,1.932400012,7,94.6,-58.599999999999994,196.0,0.5366187542778919,35.8,111.0,0.30390143737166325,train
40-4165-1,40-4165,40-4165-1-0,40,Oklahoma,4165,1,11/9/1997,1997,9,ACTB,Asphalt concrete over cement/lime treated base/subgrade,Rural Principal Arterial - Other,West,1,General Pavement Studies,Asphalt Concrete on Bound Base,10.69404517,2451661.0,0.0,1017.25,925.75,365.0,13.89999962,107.0,93.0,154237.1,68.58000121,139.7,0.0,208.2800012,1,3,"Hot Mixed, Hot Laid AC, Dense Graded",HMAC,Coarse-Grained Soil: Silty Sand,0,,35.8,Very Poor,rutting (H),8.0,2.076800013,2.202200031,2.139599991,8,36.0,-0.20000000000000284,111.0,0.30390143737166325,26.3,739.0,2.023271731690623,train
40-4165-1,40-4165,40-4165-1-0,40,Oklahoma,4165,1,20/9/1999,1999,10,ACTB,Asphalt concrete over cement/lime treated base/subgrade,Rural Principal Arterial - Other,West,1,General Pavement Studies,Asphalt Concrete on Bound Base,12.71731691,2757811.0,306150.0,715.68,1003.0,365.0,15.10000038,45.0,74.0,159641.1,68.58000121,139.7,0.0,208.2800012,1,3,"Hot Mixed, Hot Laid AC, Dense Graded",HMAC,Coarse-Grained Soil: Silty Sand,0,,26.3,Very Poor,rutting (H),9.0,2.02179997,2.166399956,2.094199944,9,35.8,-9.499999999999996,739.0,2.023271731690623,26.3,813.0,2.2258726899383983,train
40-4165-1,40-4165,40-4165-1-0,40,Oklahoma,4165,1,11/12/2001,2001,11,ACTB,Asphalt concrete over cement/lime treated base/subgrade,Rural Principal Arterial - Other,West,1,General Pavement Studies,Asphalt Concrete on Bound Base,14.9431896,3235410.0,477599.0,518.9,718.99,365.0,15.89999962,67.0,83.0,158402.9,68.58000121,139.7,0.0,208.2800012,1,3,"Hot Mixed, Hot Laid AC, Dense Graded",HMAC,Coarse-Grained Soil: Silty Sand,0,,26.3,Very Poor,rutting (H),9.0,2.042599964,2.227199984,2.13499999,10,26.3,0.0,813.0,2.2258726899383983,24.5,590.0,1.6153319644079398,train
40-4165-1,40-4165,40-4165-1-0,40,Oklahoma,4165,1,24/7/2003,2003,12,ACTB,Asphalt concrete over cement/lime treated base/subgrade,Rural Principal Arterial - Other,West,1,General Pavement Studies,Asphalt Concrete on Bound Base,16.55852156,3618304.0,382894.0,681.93,650.96,365.0,15.19999981,82.0,92.0,157677.2,68.58000121,139.7,0.0,208.2800012,1,3,"Hot Mixed, Hot Laid AC, Dense Graded",HMAC,Coarse-Grained Soil: Silty Sand,0,,24.5,Serious,rutting (H),9.0,2.360400009,2.691000032,2.525600004,11,26.3,-1.8000000000000007,590.0,1.6153319644079398,8.0,615.0,1.6837782340862424,train
42-1597-2,42-1597,42-1597-2-0,42,Pennsylvania,1597,2,18/5/1992,1992,1,ACUB,Asphalt concrete over unbound base/subgrade,Rural Minor Arterial,East,1,General Pavement Studies,Asphalt Concrete on Unbound Granular Base,1.932922656,38594.0,,1211.64,812.45,366.0,6.300000191,539.0,121.0,123518.3,165.1,426.7199806,0.0,591.8199806,2,4,"Hot Mixed, Hot Laid AC, Dense Graded",Gravel (Uncrushed),Fine-Grained Soils: Gravelly Lean Clay,0,,85.9,Good,long_trans_cracking (M),,2.153200006,1.781799984,1.967400002,0,,,,,27.5,750.0,2.0533880903490758,train
42-1597-2,42-1597,42-1597-2-0,42,Pennsylvania,1597,2,7/6/1994,1994,2,ACUB,Asphalt concrete over unbound base/subgrade,Rural Minor Arterial,East,1,General Pavement Studies,Asphalt Concrete on Unbound Granular Base,3.986310746,79195.0,40601.0,1161.84,900.79,365.0,6.099999905,860.0,91.0,127525.1,165.1,426.7199806,0.0,591.8199806,2,4,"Hot Mixed, Hot Laid AC, Dense Graded",Gravel (Uncrushed),Fine-Grained Soils: Gravelly Lean Clay,0,,27.5,Very Poor,rutting (M),4.0,2.435800028,2.187199926,2.311399984,1,85.9,-58.400000000000006,750.0,2.0533880903490758,36.3,463.0,1.267624914442163,train
42-1599-1,42-1599,42-1599-1-0,42,Pennsylvania,1599,1,1/9/1994,1994,1,ACUB,Asphalt concrete over unbound base/subgrade,Rural Major Collector,West,1,General Pavement Studies,Asphalt Concrete on Unbound Granular Base,6.083504449,762265.0,,1390.02,942.38,365.0,6.599999905,752.0,88.0,127230.3,287.0199927,238.7599903,0.0,525.779983,2,4,"Hot Mixed, Hot Laid AC, Dense Graded",Gravel (Uncrushed),Fine-Grained Soils: Gravelly Silty Clay,0,,99.8,Good,long_trans_cracking (L),,,,,0,,,,,64.2,293.0,0.8021902806297057,train
42-1599-1,42-1599,42-1599-1-0,42,Pennsylvania,1599,1,21/6/1995,1995,2,ACUB,Asphalt concrete over unbound base/subgrade,Rural Major Collector,West,1,General Pavement Studies,Asphalt Concrete on Unbound Granular Base,6.88569473,931611.0,169346.0,1176.85,747.75,365.0,7.400000095,636.0,92.0,126326.6,287.0199927,238.7599903,0.0,525.779983,2,4,"Hot Mixed, Hot Laid AC, Dense Graded",Gravel (Uncrushed),Fine-Grained Soils: Gravelly Silty Clay,0,,64.2,Fair,rutting (M),6.0,1.779399991,1.394799995,1.586999989,1,99.8,-35.599999999999994,293.0,0.8021902806297057,62.8,1009.0,2.7624914442162902,train
42-1599-2,42-1599,42-1599-2-0,42,Pennsylvania,1599,2,17/8/2000,2000,1,ACUB,Asphalt concrete over unbound base/subgrade,Rural Major Collector,West,1,General Pavement Studies,Asphalt Concrete on Unbound Granular Base,1.212867899,305098.0,,1181.8,757.23,366.0,7.800000191,575.0,89.0,130032.7,287.0199927,238.7599903,0.0,525.779983,2,4,"Hot Mixed, Hot Laid AC, Dense Graded",Gravel (Uncrushed),Fine-Grained Soils: Gravelly Silty Clay,0,,41.1,Poor,rutting (M),6.0,,,,0,,,,,35.8,980.0,2.6830937713894594,train
42-1599-2,42-1599,42-1599-2-0,42,Pennsylvania,1599,2,24/4/2003,2003,2,ACUB,Asphalt concrete over unbound base/subgrade,Rural Major Collector,West,1,General Pavement Studies,Asphalt Concrete on Unbound Granular Base,3.89596167,846963.0,541865.0,1705.27,930.68,365.0,7.199999809,659.0,85.0,120423.4,287.0199927,238.7599903,0.0,525.779983,2,4,"Hot Mixed, Hot Laid AC, Dense Graded",Gravel (Uncrushed),Fine-Grained Soils: Gravelly Silty Clay,0,,35.8,Very Poor,rutting (M),6.0,1.83360002,1.47900002,1.656399989,1,41.1,-5.300000000000004,980.0,2.6830937713894594,32.0,839.0,2.297056810403833,train
42-1599-2,42-1599,42-1599-2-0,42,Pennsylvania,1599,2,10/8/2005,2005,3,ACUB,Asphalt concrete over unbound base/subgrade,Rural Major Collector,West,1,General Pavement Studies,Asphalt Concrete on Unbound Granular Base,6.19301848,1201514.0,354551.0,1253.58,815.31,365.0,8.100000381,621.0,89.0,126980.4,287.0199927,238.7599903,0.0,525.779983,2,4,"Hot Mixed, Hot Laid AC, Dense Graded",Gravel (Uncrushed),Fine-Grained Soils: Gravelly Silty Clay,0,,32.0,Very Poor,rutting (M),7.0,1.869000006,1.530000019,1.69940002,2,35.8,-3.799999999999997,839.0,2.297056810403833,32.1,1483.0,4.060232717316906,train
42-1605-1,42-1605,42-1605-1-0,42,Pennsylvania,1605,1,20/5/1992,1992,1,ACUB,Asphalt concrete over unbound base/subgrade,Rural Minor Arterial,North,1,General Pavement Studies,Asphalt Concrete on Unbound Granular Base,3.800136893,4658687.0,,1109.08,823.96,366.0,8.600000381,279.0,115.0,127671.1,205.7399976,411.4800194,0.0,617.220017,2,4,"Hot Mixed, Hot Laid AC, Dense Graded",Crushed Gravel,Coarse-Grained Soil: Clayey Gravel with Sand,0,,94.1,Good,long_trans_cracking (M),,1.496599984,2.383400011,1.940199971,0,,,,,25.2,551.0,1.5085557837097878,train
42-1605-1,42-1605,42-1605-1-0,42,Pennsylvania,1605,1,22/11/1993,1993,2,ACUB,Asphalt concrete over unbound base/subgrade,Rural Minor Arterial,North,1,General Pavement Studies,Asphalt Concrete on Unbound Granular Base,5.308692676,4921527.0,262840.0,1268.6,857.02,365.0,8.699999809,452.0,114.0,133330.1,205.7399976,411.4800194,0.0,617.220017,2,4,"Hot Mixed, Hot Laid AC, Dense Graded",Crushed Gravel,Coarse-Grained Soil: Clayey Gravel with Sand,0,,25.2,Very Poor,rutting (H),19.0,1.567400002,2.317000055,1.942000008,1,94.1,-68.89999999999999,551.0,1.5085557837097878,17.4,155.0,0.4243668720054757,train
42-1605-1,42-1605,42-1605-1-0,42,Pennsylvania,1605,1,26/4/1994,1994,3,ACUB,Asphalt concrete over unbound base/subgrade,Rural Minor Arterial,North,1,General Pavement Studies,Asphalt Concrete on Unbound Granular Base,5.733059548,5202261.0,280734.0,1291.86,946.8,365.0,8.100000381,652.0,96.0,133702.8,205.7399976,411.4800194,0.0,617.220017,2,4,"Hot Mixed, Hot Laid AC, Dense Graded",Crushed Gravel,Coarse-Grained Soil: Clayey Gravel with Sand,0,,17.4,Serious,rutting (H),19.0,1.53579998,2.699799967,2.117800045,2,25.2,-7.800000000000001,155.0,0.4243668720054757,20.2,358.0,0.9801505817932923,train
45-1011-1,45-1011,45-1011-1-0,45,South Carolina,1011,1,18/3/1992,1992,1,ACUB,Asphalt concrete over unbound base/subgrade,Urban Other Principal Arterial,North,1,General Pavement Studies,Asphalt Concrete on Unbound Granular Base,5.210130048,1378809.0,,1740.15,1197.51,366.0,18.0,0.0,8.0,137350.1,81.27999818,256.5400097,0.0,337.8200079,2,4,"Hot Mixed, Hot Laid AC, Dense Graded",Soil-Aggregate Mixture (Predominantly Coarse-Grained),Coarse-Grained Soil: Silty Sand,0,,98.7,Good,long_trans_cracking (L),,1.458200002,1.645800018,1.552199984,0,,,,,79.1,448.0,1.2265571526351813,test
45-1011-1,45-1011,45-1011-1-0,45,South Carolina,1011,1,9/6/1993,1993,2,ACUB,Asphalt concrete over unbound base/subgrade,Urban Other Principal Arterial,North,1,General Pavement Studies,Asphalt Concrete on Unbound Granular Base,6.436687201,1533132.0,154323.0,1354.44,1098.3,365.0,18.29999924,0.0,18.0,146526.0,81.27999818,256.5400097,0.0,337.8200079,2,4,"Hot Mixed, Hot Laid AC, Dense Graded",Soil-Aggregate Mixture (Predominantly Coarse-Grained),Coarse-Grained Soil: Silty Sand,0,,79.1,Satisfactory,alligator_cracking (L),,,,,1,98.7,-19.60000000000001,448.0,1.2265571526351813,9.0,1478.0,4.046543463381246,test
45-1024-3,45-1024,45-1024-3-0,45,South Carolina,1024,3,18/5/2012,2012,1,ACUB,Asphalt concrete over unbound base/subgrade,Urban Collector,East,1,General Pavement Studies,Asphalt Concrete on Unbound Granular Base,1.880903491,1694.0,,1111.18,943.76,366.0,18.10000038,1.0,25.0,148129.5,40.64000061,121.9200048,0.0,162.5600055,1,3,"Hot Mixed, Hot Laid AC, Dense Graded",Soil-Aggregate Mixture (Predominantly Coarse-Grained),Coarse-Grained Soil: Clayey Sand with Gravel,0,,60.0,Fair,rutting (M),4.0,,,,0,,,,,58.6,817.0,2.236824093086927,train
45-1024-5,45-1024,45-1024-5-0,45,South Carolina,1024,5,30/4/2019,2019,1,ACUB,Asphalt concrete over unbound base/subgrade,Urban Collector,East,1,General Pavement Studies,Asphalt Concrete on Unbound Granular Base,0.829568789,1128.0,,1155.28,973.26,365.0,18.70000076,0.0,25.0,147888.6,40.64000061,121.9200048,0.0,162.5600055,1,3,"Hot Mixed, Hot Laid AC, Dense Graded",Soil-Aggregate Mixture (Predominantly Coarse-Grained),Coarse-Grained Soil: Clayey Sand with Gravel,0,,43.9,Poor,alligator_cracking (H),,1.397199988,1.699799991,1.548399997,0,,,,,8.2,1169.0,3.2005475701574264,train
45-1025-1,45-1025,45-1025-1-0,45,South Carolina,1025,1,18/3/1992,1992,1,ACUB,Asphalt concrete over unbound base/subgrade,Rural Principal Arterial - Other,South,1,General Pavement Studies,Asphalt Concrete on Unbound Granular Base,5.210130048,355015.0,,1424.45,1061.52,366.0,15.19999981,6.0,60.0,142955.2,27.94000061,210.8200048,0.0,238.7600055,1,3,"Hot Mixed, Hot Laid AC, Dense Graded",Crushed Stone,Coarse-Grained Soil: Silty Sand,0,,58.9,Fair,alligator_cracking (L),,2.674800014,3.151600027,2.913599968,0,,,,,28.8,448.0,1.2265571526351813,train
46-9187-3,46-9187,46-9187-3-0,46,South Dakota,9187,3,9/6/1994,1994,1,ACUB,Asphalt concrete over unbound base/subgrade,Rural Minor Arterial,South,1,General Pavement Studies,Asphalt Concrete on Unbound Granular Base,1.856262834,47640.0,,568.32,472.19,365.0,8.300000191,709.0,109.0,139677.8,149.8600002,152.4,76.2,378.4600002,3,6,"Hot Mixed, Hot Laid AC, Dense Graded",Gravel (Uncrushed),Fine-Grained Soils: Lean Inorganic Clay,0,,75.8,Satisfactory,rutting (L),2.0,0.839200008,1.059399986,0.949199998,0,,,,,64.0,63.0,0.17248459958932238,train
46-9187-3,46-9187,46-9187-3-0,46,South Dakota,9187,3,11/8/1994,1994,2,ACUB,Asphalt concrete over unbound base/subgrade,Rural Minor Arterial,South,1,General Pavement Studies,Asphalt Concrete on Unbound Granular Base,2.028747433,47640.0,0.0,568.32,472.19,365.0,8.300000191,709.0,109.0,139677.8,149.8600002,152.4,76.2,378.4600002,3,6,"Hot Mixed, Hot Laid AC, Dense Graded",Gravel (Uncrushed),Fine-Grained Soils: Lean Inorganic Clay,0,,64.0,Fair,long_trans_cracking (H),2.0,0.839200008,1.059399986,0.949199998,1,75.8,-11.799999999999997,63.0,0.17248459958932238,50.4,225.0,0.6160164271047228,train
46-9187-3,46-9187,46-9187-3-0,46,South Dakota,9187,3,24/3/1995,1995,3,ACUB,Asphalt concrete over unbound base/subgrade,Rural Minor Arterial,South,1,General Pavement Studies,Asphalt Concrete on Unbound Granular Base,2.64476386,60340.0,12700.0,749.17,527.85,365.0,7.900000095,579.0,117.0,135812.1,149.8600002,152.4,76.2,378.4600002,3,6,"Hot Mixed, Hot Laid AC, Dense Graded",Gravel (Uncrushed),Fine-Grained Soils: Lean Inorganic Clay,0,,50.4,Poor,long_trans_cracking (H),3.0,0.831599998,1.088199997,0.959599996,2,64.0,-13.600000000000001,225.0,0.6160164271047228,52.8,94.0,0.25735797399041754,train
46-9187-3,46-9187,46-9187-3-0,46,South Dakota,9187,3,26/6/1995,1995,4,ACUB,Asphalt concrete over unbound base/subgrade,Rural Minor Arterial,South,1,General Pavement Studies,Asphalt Concrete on Unbound Granular Base,2.902121834,60340.0,0.0,749.17,527.85,365.0,7.900000095,579.0,117.0,135812.1,149.8600002,152.4,76.2,378.4600002,3,6,"Hot Mixed, Hot Laid AC, Dense Graded",Gravel (Uncrushed),Fine-Grained Soils: Lean Inorganic Clay,0,,52.8,Poor,long_trans_cracking (H),2.0,0.813799989,1.100399971,0.956999993,3,50.4,2.3999999999999986,94.0,0.25735797399041754,66.5,487.0,1.3333333333333333,train
46-9187-3,46-9187,46-9187-3-0,46,South Dakota,9187,3,25/10/1996,1996,5,ACUB,Asphalt concrete over unbound base/subgrade,Rural Minor Arterial,South,1,General Pavement Studies,Asphalt Concrete on Unbound Granular Base,4.235455168,71163.0,10823.0,630.09,503.82,366.0,6.199999809,1113.0,107.0,136125.3,149.8600002,152.4,76.2,378.4600002,3,6,"Hot Mixed, Hot Laid AC, Dense Graded",Gravel (Uncrushed),Fine-Grained Soils: Lean Inorganic Clay,0,,66.5,Fair,rutting (L),3.0,,,,4,52.8,13.700000000000003,487.0,1.3333333333333333,73.5,241.0,0.6598220396988365,train
46-9187-3,46-9187,46-9187-3-0,46,South Dakota,9187,3,23/6/1997,1997,6,ACUB,Asphalt concrete over unbound base/subgrade,Rural Minor Arterial,South,1,General Pavement Studies,Asphalt Concrete on Unbound Granular Base,4.895277207,92159.0,20996.0,608.27,596.57,365.0,7.900000095,628.0,126.0,137830.5,149.8600002,152.4,76.2,378.4600002,3,6,"Hot Mixed, Hot Laid AC, Dense Graded",Gravel (Uncrushed),Fine-Grained Soils: Lean Inorganic Clay,0,,73.5,Satisfactory,rutting (L),3.0,1.00799998,1.472600007,1.240199995,5,66.5,7.0,241.0,0.6598220396988365,72.4,92.0,0.2518822724161533,train
47-1023-2,47-1023,47-1023-2-0,47,Tennessee,1023,2,14/11/1990,1990,1,ACATB,Asphalt concrete over asphalt treated base/subgrade,Rural Principal Arterial - Interstate,North,1,General Pavement Studies,Asphalt Concrete on Bound Base,0.435318275,803296.0,,1408.81,1078.04,365.0,14.60000038,15.0,66.0,145293.9,134.6200026,154.9399976,152.4,441.9600002,3,6,"Hot Mixed, Hot Laid AC, Dense Graded",Asphalt Treated Mixture,Fine-Grained Soils: Sandy Lean Clay with Gravel,1,158.0,21.4,Serious,rutting (H),8.0,,,,0,,,,,14.3,272.0,0.7446954140999316,train
47-1023-2,47-1023,47-1023-2-0,47,Tennessee,1023,2,13/8/1991,1991,2,ACATB,Asphalt concrete over asphalt treated base/subgrade,Rural Principal Arterial - Interstate,North,1,General Pavement Studies,Asphalt Concrete on Bound Base,1.180013689,2036557.0,1233261.0,1614.57,1060.95,365.0,14.39999962,33.0,73.0,135899.9,134.6200026,154.9399976,152.4,441.9600002,3,6,"Hot Mixed, Hot Laid AC, Dense Graded",Asphalt Treated Mixture,Fine-Grained Soils: Sandy Lean Clay with Gravel,1,430.0,14.3,Serious,rutting (H),8.0,0.833399999,0.848799992,0.840999985,1,21.4,-7.099999999999998,272.0,0.7446954140999316,60.6,722.0,1.9767282683093772,train
47-1023-2,47-1023,47-1023-2-0,47,Tennessee,1023,2,4/8/1993,1993,3,ACATB,Asphalt concrete over asphalt treated base/subgrade,Rural Principal Arterial - Interstate,North,1,General Pavement Studies,Asphalt Concrete on Bound Base,3.156741958,3851446.0,1814889.0,1254.23,900.7,365.0,13.80000019,45.0,91.0,142797.2,134.6200026,154.9399976,152.4,441.9600002,3,6,"Hot Mixed, Hot Laid AC, Dense Graded",Asphalt Treated Mixture,Fine-Grained Soils: Sandy Lean Clay with Gravel,1,1152.0,60.6,Fair,alligator_cracking (M),,,,,2,14.3,46.3,722.0,1.9767282683093772,46.2,302.0,0.8268309377138946,train
47-1028-1,47-1028,47-1028-1-0,47,Tennessee,1028,1,13/8/1991,1991,1,ACTB,Asphalt concrete over cement/lime treated base/subgrade,Rural Principal Arterial - Other,North,1,General Pavement Studies,Asphalt Concrete on Bound Base,4.613278576,709178.0,,1515.55,1037.2,365.0,13.30000019,55.0,80.0,135256.4,177.8000045,129.5399976,96.51999879,403.8600009,3,6,"Hot Mixed, Hot Laid AC, Dense Graded",HMAC,Fine-Grained Soils: Fat Clay with Sand,0,,52.3,Poor,rutting (M),7.0,,,,0,,,,,97.3,722.0,1.9767282683093772,test
47-1028-1,47-1028,47-1028-1-0,47,Tennessee,1028,1,4/8/1993,1993,2,ACTB,Asphalt concrete over cement/lime treated base/subgrade,Rural Principal Arterial - Other,North,1,General Pavement Studies,Asphalt Concrete on Bound Base,6.590006845,926410.0,217232.0,1347.41,856.96,365.0,12.89999962,79.0,96.0,142180.6,177.8000045,129.5399976,96.51999879,403.8600009,3,6,"Hot Mixed, Hot Laid AC, Dense Graded",HMAC,Fine-Grained Soils: Fat Clay with Sand,0,,97.3,Good,long_trans_cracking (L),,,,,1,52.3,45.0,722.0,1.9767282683093772,33.7,1456.0,3.9863107460643397,test
47-1028-1,47-1028,47-1028-1-0,47,Tennessee,1028,1,30/7/1997,1997,3,ACTB,Asphalt concrete over cement/lime treated base/subgrade,Rural Principal Arterial - Other,North,1,General Pavement Studies,Asphalt Concrete on Bound Base,10.57631759,1420340.0,493930.0,1533.11,930.55,365.0,12.30000019,98.0,84.0,146097.3,177.8000045,129.5399976,96.51999879,403.8600009,3,6,"Hot Mixed, Hot Laid AC, Dense Graded",HMAC,Fine-Grained Soils: Fat Clay with Sand,0,,33.7,Very Poor,rutting (M),7.0,,,,2,97.3,-63.599999999999994,1456.0,3.9863107460643397,13.6,678.0,1.8562628336755647,test
47-1029-1,47-1029,47-1029-1-0,47,Tennessee,1029,1,12/8/1991,1991,1,ACATB,Asphalt concrete over asphalt treated base/subgrade,Rural Principal Arterial - Other,North,1,General Pavement Studies,Asphalt Concrete on Bound Base,4.610540726,300578.0,,1797.96,1049.15,365.0,14.80000019,26.0,68.0,133527.2,71.12000182,226.0599903,256.5399976,553.7199897,2,6,"Hot Mixed, Hot Laid AC, Dense Graded","Open Graded, Hot Laid, Central Plant Mix",Coarse-Grained Soil: Clayey Sand with Gravel,0,,65.2,Fair,alligator_cracking (L),3.0,,,,0,,,,,66.8,722.0,1.9767282683093772,train
47-1029-1,47-1029,47-1029-1-0,47,Tennessee,1029,1,3/8/1993,1993,2,ACATB,Asphalt concrete over asphalt treated base/subgrade,Rural Principal Arterial - Other,North,1,General Pavement Studies,Asphalt Concrete on Bound Base,6.587268994,418327.0,117749.0,1416.09,911.62,365.0,14.10000038,36.0,80.0,141936.2,71.12000182,226.0599903,256.5399976,553.7199897,2,6,"Hot Mixed, Hot Laid AC, Dense Graded","Open Graded, Hot Laid, Central Plant Mix",Coarse-Grained Soil: Clayey Sand with Gravel,0,,66.8,Fair,long_trans_cracking (M),,,,,1,65.2,1.5999999999999943,722.0,1.9767282683093772,29.4,1771.0,4.848733744010952,train
47-3075-1,47-3075,47-3075-1-0,47,Tennessee,3075,1,16/11/1990,1990,1,ACUB,Asphalt concrete over unbound base/subgrade,Rural Principal Arterial - Other,North,1,General Pavement Studies,Asphalt Concrete on Unbound Granular Base,3.874058864,399315.0,,1533.33,1010.84,365.0,14.69999981,28.0,65.0,145145.9,126.9999985,233.6799952,0.0,360.6799936,3,5,"Hot Mixed, Hot Laid AC, Dense Graded",Crushed Stone,Coarse-Grained Soil: Silty Gravel with Sand,0,,65.0,Fair,rutting (M),7.0,,,,0,,,,,100.0,271.0,0.7419575633127995,train
47-3075-1,47-3075,47-3075-1-0,47,Tennessee,3075,1,14/8/1991,1991,2,ACUB,Asphalt concrete over unbound base/subgrade,Rural Principal Arterial - Other,North,1,General Pavement Studies,Asphalt Concrete on Unbound Granular Base,4.616016427,443041.0,43726.0,1646.35,1011.44,365.0,14.5,45.0,71.0,133432.3,126.9999985,233.6799952,0.0,360.6799936,3,5,"Hot Mixed, Hot Laid AC, Dense Graded",Crushed Stone,Coarse-Grained Soil: Silty Gravel with Sand,0,,100.0,Good,,,1.568400025,2.148399925,1.858599997,1,65.0,35.0,271.0,0.7419575633127995,100.0,722.0,1.9767282683093772,train
47-3075-1,47-3075,47-3075-1-0,47,Tennessee,3075,1,5/8/1993,1993,3,ACUB,Asphalt concrete over unbound base/subgrade,Rural Principal Arterial - Other,North,1,General Pavement Studies,Asphalt Concrete on Unbound Granular Base,6.592744695,494941.0,51900.0,1381.03,916.06,365.0,13.69999981,55.0,88.0,139168.2,126.9999985,233.6799952,0.0,360.6799936,3,5,"Hot Mixed, Hot Laid AC, Dense Graded",Crushed Stone,Coarse-Grained Soil: Silty Gravel with Sand,0,,100.0,Good,,,,,,2,100.0,0.0,722.0,1.9767282683093772,65.0,1327.0,3.6331279945242985,train
47-3075-1,47-3075,47-3075-1-0,47,Tennessee,3075,1,24/3/1997,1997,4,ACUB,Asphalt concrete over unbound base/subgrade,Rural Principal Arterial - Other,North,1,General Pavement Studies,Asphalt Concrete on Unbound Granular Base,10.22587269,645537.0,150596.0,1592.62,1061.3,365.0,13.19999981,94.0,77.0,146062.4,126.9999985,233.6799952,0.0,360.6799936,3,5,"Hot Mixed, Hot Laid AC, Dense Graded",Crushed Stone,Coarse-Grained Soil: Silty Gravel with Sand,0,,65.0,Fair,rutting (M),5.0,,,,3,100.0,-35.0,1327.0,3.6331279945242985,65.0,123.0,0.33675564681724846,train
47-3075-1,47-3075,47-3075-1-0,47,Tennessee,3075,1,25/7/1997,1997,5,ACUB,Asphalt concrete over unbound base/subgrade,Rural Principal Arterial - Other,North,1,General Pavement Studies,Asphalt Concrete on Unbound Granular Base,10.56262834,645537.0,0.0,1592.62,1061.3,365.0,13.19999981,94.0,77.0,146062.4,126.9999985,233.6799952,0.0,360.6799936,3,5,"Hot Mixed, Hot Laid AC, Dense Graded",Crushed Stone,Coarse-Grained Soil: Silty Gravel with Sand,0,,65.0,Fair,rutting (M),5.0,,,,4,65.0,0.0,123.0,0.33675564681724846,65.0,686.0,1.8781656399726214,train
47-3075-1,47-3075,47-3075-1-0,47,Tennessee,3075,1,11/6/1999,1999,6,ACUB,Asphalt concrete over unbound base/subgrade,Rural Principal Arterial - Other,North,1,General Pavement Studies,Asphalt Concrete on Unbound Granular Base,12.44079398,723874.0,78337.0,1030.89,994.48,365.0,14.60000038,51.0,71.0,154191.0,126.9999985,233.6799952,0.0,360.6799936,3,5,"Hot Mixed, Hot Laid AC, Dense Graded",Crushed Stone,Coarse-Grained Soil: Silty Gravel with Sand,0,,65.0,Fair,rutting (M),7.0,1.567400002,2.172800016,1.869800019,5,65.0,0.0,686.0,1.8781656399726214,65.0,38.0,0.10403832991101986,train
47-3101-1,47-3101,47-3101-1-0,47,Tennessee,3101,1,16/11/1990,1990,1,ACTB,Asphalt concrete over cement/lime treated base/subgrade,Rural Principal Arterial - Other,East,1,General Pavement Studies,Asphalt Concrete on Bound Base,3.874058864,133709.0,,1572.52,993.94,365.0,15.39999962,26.0,61.0,145837.5,157.4799982,83.81999879,139.7,380.999997,3,6,"Hot Mixed, Hot Laid AC, Dense Graded",HMAC,Fine-Grained Soils: Fat Clay with Sand,0,,45.8,Poor,rutting (M),6.0,,,,0,,,,,45.8,271.0,0.7419575633127995,train
47-3101-1,47-3101,47-3101-1-0,47,Tennessee,3101,1,14/8/1991,1991,2,ACTB,Asphalt concrete over cement/lime treated base/subgrade,Rural Principal Arterial - Other,East,1,General Pavement Studies,Asphalt Concrete on Bound Base,4.616016427,152580.0,18871.0,1652.64,1014.95,365.0,15.0,38.0,70.0,132229.6,157.4799982,83.81999879,139.7,380.999997,3,6,"Hot Mixed, Hot Laid AC, Dense Graded",HMAC,Fine-Grained Soils: Fat Clay with Sand,0,,45.8,Poor,rutting (M),6.0,1.186599994,1.106000018,1.146199989,1,45.8,0.0,271.0,0.7419575633127995,75.2,722.0,1.9767282683093772,train
47-3101-1,47-3101,47-3101-1-0,47,Tennessee,3101,1,5/8/1993,1993,3,ACTB,Asphalt concrete over cement/lime treated base/subgrade,Rural Principal Arterial - Other,East,1,General Pavement Studies,Asphalt Concrete on Bound Base,6.592744695,181242.0,28662.0,1288.15,910.35,365.0,14.30000019,44.0,82.0,138605.4,157.4799982,83.81999879,139.7,380.999997,3,6,"Hot Mixed, Hot Laid AC, Dense Graded",HMAC,Fine-Grained Soils: Fat Clay with Sand,0,,75.2,Satisfactory,block_cracking (L),,,,,2,45.8,29.400000000000006,722.0,1.9767282683093772,55.7,623.0,1.7056810403832992,train
47-3104-2,47-3104,47-3104-2-0,47,Tennessee,3104,2,13/8/1991,1991,1,ACUB,Asphalt concrete over unbound base/subgrade,Rural Minor Arterial,South,1,General Pavement Studies,Asphalt Concrete on Unbound Granular Base,1.798767967,2022.0,,1420.9,1095.39,365.0,14.30000019,34.0,71.0,137273.6,33.01999879,220.9799952,0.0,253.9999939,1,3,"Hot Mixed, Hot Laid AC, Dense Graded",Crushed Stone,Fine-Grained Soils: Sandy Lean Clay with Gravel,1,656.0,47.8,Poor,rutting (M),7.0,,,,0,,,,,77.4,722.0,1.9767282683093772,test
47-3104-2,47-3104,47-3104-2-0,47,Tennessee,3104,2,4/8/1993,1993,2,ACUB,Asphalt concrete over unbound base/subgrade,Rural Minor Arterial,South,1,General Pavement Studies,Asphalt Concrete on Unbound Granular Base,3.775496235,4923.0,2901.0,1118.87,902.03,365.0,13.89999962,53.0,86.0,144633.6,33.01999879,220.9799952,0.0,253.9999939,1,3,"Hot Mixed, Hot Laid AC, Dense Graded",Crushed Stone,Fine-Grained Soils: Sandy Lean Clay with Gravel,1,1378.0,77.4,Satisfactory,edge_cracking (L),,,,,1,47.8,29.60000000000001,722.0,1.9767282683093772,0.0,1178.0,3.2251882272416155,test
47-9024-1,47-9024,47-9024-1-0,47,Tennessee,9024,1,14/8/1991,1991,1,ACATB,Asphalt concrete over asphalt treated base/subgrade,Rural Principal Arterial - Other,East,1,General Pavement Studies,Asphalt Concrete on Bound Base,4.616016427,149312.0,,1652.64,1014.95,365.0,15.0,38.0,70.0,132229.6,144.7799982,180.3399976,0.0,325.1199958,3,5,"Hot Mixed, Hot Laid AC, Dense Graded","Open Graded, Hot Laid, Central Plant Mix",Coarse-Grained Soil: Clayey Gravel with Sand,0,,61.2,Fair,rutting (M),6.0,,,,0,,,,,83.2,722.0,1.9767282683093772,train
47-9024-1,47-9024,47-9024-1-0,47,Tennessee,9024,1,5/8/1993,1993,2,ACATB,Asphalt concrete over asphalt treated base/subgrade,Rural Principal Arterial - Other,East,1,General Pavement Studies,Asphalt Concrete on Bound Base,6.592744695,185450.0,36138.0,1288.15,910.35,365.0,14.30000019,44.0,82.0,138605.4,144.7799982,180.3399976,0.0,325.1199958,3,5,"Hot Mixed, Hot Laid AC, Dense Graded","Open Graded, Hot Laid, Central Plant Mix",Coarse-Grained Soil: Clayey Gravel with Sand,0,,83.2,Satisfactory,raveling_weathering (M),,,,,1,61.2,22.0,722.0,1.9767282683093772,69.9,621.0,1.700205338809035,train
47-9025-1,47-9025,47-9025-1-0,47,Tennessee,9025,1,14/8/1991,1991,1,ACATB,Asphalt concrete over asphalt treated base/subgrade,Rural Principal Arterial - Other,East,1,General Pavement Studies,Asphalt Concrete on Bound Base,4.616016427,103300.0,,1652.64,1014.95,365.0,15.0,38.0,70.0,132229.6,114.2999985,76.2,304.8,495.2999985,3,6,"Hot Mixed, Hot Laid AC, Dense Graded",Asphalt Treated Mixture,Rock,0,,23.2,Serious,rutting (H),8.0,,,,0,,,,,55.1,722.0,1.9767282683093772,train
48-1-1,48-1,48-1-1-0,48,Texas,1,1,17/5/1991,1991,1,ACUB,Asphalt concrete over unbound base/subgrade,Urban Principal Arterial - Interstate,South,1,General Pavement Studies,Asphalt Concrete on Unbound Granular Base,2.288843258,101746.0,,1331.45,910.33,365.0,19.29999924,0.0,13.0,146991.9,60.95999939,373.3799952,0.0,434.3399945,2,4,"Hot Mixed, Hot Laid AC, Dense Graded",Crushed Stone,Coarse-Grained Soil: Clayey Gravel with Sand,0,,100.0,Good,,,,,,0,,,,,65.0,690.0,1.88911704312115,train
48-1-1,48-1,48-1-1-0,48,Texas,1,1,6/4/1993,1993,2,ACUB,Asphalt concrete over unbound base/subgrade,Urban Principal Arterial - Interstate,South,1,General Pavement Studies,Asphalt Concrete on Unbound Granular Base,4.177960301,270815.0,169069.0,934.84,833.13,365.0,18.89999962,0.0,22.0,156855.4,60.95999939,373.3799952,0.0,434.3399945,2,4,"Hot Mixed, Hot Laid AC, Dense Graded",Crushed Stone,Coarse-Grained Soil: Clayey Gravel with Sand,0,,65.0,Fair,rutting (M),5.0,0.7472,0.693800008,0.720599997,1,100.0,-35.0,690.0,1.88911704312115,40.0,717.0,1.9630390143737166,train
48-1-2,48-1,48-1-2-0,48,Texas,1,2,8/5/1997,1997,1,ACUB,Asphalt concrete over unbound base/subgrade,Urban Principal Arterial - Interstate,South,1,General Pavement Studies,Asphalt Concrete on Unbound Granular Base,0.17522245,21181.0,,1084.26,926.64,365.0,19.0,5.0,25.0,159214.5,60.95999939,373.3799952,0.0,434.3399945,2,4,"Hot Mixed, Hot Laid AC, Dense Graded",Crushed Stone,Coarse-Grained Soil: Clayey Gravel with Sand,0,,56.5,Fair,rutting (M),4.0,0.75999999,0.750800002,0.755400026,0,,,,,47.6,315.0,0.8624229979466119,train
48-1-2,48-1,48-1-2-0,48,Texas,1,2,19/3/1998,1998,2,ACUB,Asphalt concrete over unbound base/subgrade,Urban Principal Arterial - Interstate,South,1,General Pavement Studies,Asphalt Concrete on Unbound Granular Base,1.037645448,153538.0,132357.0,1397.2,795.33,365.0,20.79999924,3.0,13.0,162208.2,60.95999939,373.3799952,0.0,434.3399945,2,4,"Hot Mixed, Hot Laid AC, Dense Graded",Crushed Stone,Coarse-Grained Soil: Clayey Gravel with Sand,0,,47.6,Poor,rutting (M),4.0,0.761800003,0.764600003,0.762999988,1,56.5,-8.899999999999999,315.0,0.8624229979466119,56.9,419.0,1.1471594798083504,train
48-1-2,48-1,48-1-2-0,48,Texas,1,2,12/5/1999,1999,3,ACUB,Asphalt concrete over unbound base/subgrade,Urban Principal Arterial - Interstate,South,1,General Pavement Studies,Asphalt Concrete on Unbound Granular Base,2.184804928,294869.0,141331.0,693.11,653.18,365.0,21.10000038,0.0,10.0,166863.5,60.95999939,373.3799952,0.0,434.3399945,2,4,"Hot Mixed, Hot Laid AC, Dense Graded",Crushed Stone,Coarse-Grained Soil: Clayey Gravel with Sand,0,,56.9,Fair,rutting (M),5.0,0.764199996,0.834599996,0.799400008,2,47.6,9.299999999999997,419.0,1.1471594798083504,52.1,945.0,2.5872689938398357,train
48-1-3,48-1,48-1-3-0,48,Texas,1,3,25/11/2002,2002,1,ACUB,Asphalt concrete over unbound base/subgrade,Urban Principal Arterial - Interstate,South,1,General Pavement Studies,Asphalt Concrete on Unbound Granular Base,0.531143053,28600.0,,992.37,815.02,365.0,19.70000076,0.0,17.0,156974.0,60.95999939,373.3799952,0.0,434.3399945,2,4,"Hot Mixed, Hot Laid AC, Dense Graded",Crushed Stone,Coarse-Grained Soil: Clayey Gravel with Sand,1,194.0,52.7,Poor,rutting (M),4.0,,,,0,,,,,49.1,624.0,1.7084188911704312,train
48-1047-2,48-1047,48-1047-2-0,48,Texas,1047,2,11/6/1991,1991,1,ACATB,Asphalt concrete over asphalt treated base/subgrade,Rural Principal Arterial - Interstate,West,1,General Pavement Studies,Asphalt Concrete on Unbound Granular Base,2.527036277,1970749.0,,498.4,506.51,365.0,14.80000019,33.0,87.0,164440.1,254.000003,388.6200048,365.7599903,1008.379998,4,8,"Hot Mixed, Hot Laid AC, Dense Graded",Crushed Stone,Fine-Grained Soils: Clay with Sand,0,,27.0,Very Poor,rutting (H),11.0,2.3796,1.810399985,2.095000029,0,,,,,88.0,708.0,1.9383983572895278,train
48-1047-2,48-1047,48-1047-2-0,48,Texas,1047,2,19/5/1993,1993,2,ACATB,Asphalt concrete over asphalt treated base/subgrade,Rural Principal Arterial - Interstate,West,1,General Pavement Studies,Asphalt Concrete on Unbound Granular Base,4.465434634,3312985.0,1342236.0,457.04,490.77,365.0,14.39999962,49.0,96.0,164255.6,254.000003,388.6200048,365.7599903,1008.379998,4,8,"Hot Mixed, Hot Laid AC, Dense Graded",Crushed Stone,Fine-Grained Soils: Clay with Sand,0,,88.0,Good,long_trans_cracking (L),,2.101200008,2.227800035,2.164400053,1,27.0,61.0,708.0,1.9383983572895278,34.4,813.0,2.2258726899383983,train
48-1047-6,48-1047,48-1047-6-0,48,Texas,1047,6,17/12/1998,1998,1,ACATB,Asphalt concrete over asphalt treated base/subgrade,Rural Principal Arterial - Interstate,West,1,General Pavement Studies,Asphalt Concrete on Unbound Granular Base,0.59137577,702822.0,,371.36,491.04,365.0,16.10000038,39.0,77.0,171824.8,254.000003,388.6200048,365.7599903,1008.379998,4,8,"Hot Mixed, Hot Laid AC, Dense Graded",Crushed Stone,Fine-Grained Soils: Clay with Sand,1,216.0,34.4,Very Poor,rutting (H),12.0,,,,0,,,,,22.5,181.0,0.49555099247091033,train
48-1047-6,48-1047,48-1047-6-0,48,Texas,1047,6,16/6/1999,1999,2,ACATB,Asphalt concrete over asphalt treated base/subgrade,Rural Principal Arterial - Interstate,West,1,General Pavement Studies,Asphalt Concrete on Unbound Granular Base,1.086926762,1897790.0,1194968.0,503.2,605.01,365.0,15.60000038,9.0,70.0,169584.7,254.000003,388.6200048,365.7599903,1008.379998,4,8,"Hot Mixed, Hot Laid AC, Dense Graded",Crushed Stone,Fine-Grained Soils: Clay with Sand,1,397.0,22.5,Serious,rutting (H),12.0,3.716599989,4.407400036,4.062199974,1,34.4,-11.899999999999999,181.0,0.49555099247091033,22.4,255.0,0.6981519507186859,train
48-1048-1,48-1048,48-1048-1-0,48,Texas,1048,1,20/5/1991,1991,1,ACTB,Asphalt concrete over cement/lime treated base/subgrade,Urban Minor Arterial,South,1,General Pavement Studies,Asphalt Concrete on Bound Base,4.380561259,409682.0,,416.08,428.71,365.0,16.89999962,3.0,50.0,171938.0,30.48000121,248.9200048,0.0,279.4000061,1,3,"Hot Mixed, Hot Laid AC, Dense Graded",HMAC,Coarse-Grained Soil: Silty Sand with Gravel,0,,55.5,Fair,rutting (M),7.0,,,,0,,,,,84.0,780.0,2.135523613963039,train
48-1049-1,48-1049,48-1049-1-0,48,Texas,1049,1,13/5/1991,1991,1,ACATB,Asphalt concrete over asphalt treated base/subgrade,Urban Other Principal Arterial,South,1,General Pavement Studies,Asphalt Concrete on Bound Base,4.361396304,2956754.0,,1555.77,1259.59,365.0,18.5,0.0,20.0,136027.5,129.5399976,284.4799952,198.1200048,612.1399976,3,6,Chip Seal,Cement Aggregate Mixture,Coarse-Grained Soil: Silty Sand,0,,35.6,Very Poor,rutting (H),11.0,,,,0,,,,,36.6,729.0,1.995893223819302,train
48-1049-1,48-1049,48-1049-1-0,48,Texas,1049,1,11/5/1993,1993,2,ACATB,Asphalt concrete over asphalt treated base/subgrade,Urban Other Principal Arterial,South,1,General Pavement Studies,Asphalt Concrete on Bound Base,6.357289528,3823888.0,867134.0,1441.87,1125.39,365.0,18.10000038,0.0,26.0,149432.4,129.5399976,284.4799952,198.1200048,612.1399976,3,6,Chip Seal,Cement Aggregate Mixture,Coarse-Grained Soil: Silty Sand,0,,36.6,Very Poor,rutting (H),14.0,1.125500023,1.494499981,1.310000002,1,35.6,1.0,729.0,1.995893223819302,36.6,729.0,1.995893223819302,train
48-1049-1,48-1049,48-1049-1-0,48,Texas,1049,1,10/5/1995,1995,3,ACATB,Asphalt concrete over asphalt treated base/subgrade,Urban Other Principal Arterial,South,1,General Pavement Studies,Asphalt Concrete on Bound Base,8.353182752,4792236.0,968348.0,1098.1,1153.42,365.0,19.10000038,0.0,24.0,153360.5,129.5399976,284.4799952,198.1200048,612.1399976,3,6,Chip Seal,Cement Aggregate Mixture,Coarse-Grained Soil: Silty Sand,0,,36.6,Very Poor,rutting (H),20.0,1.30400002,1.584399986,1.444399977,2,36.6,0.0,729.0,1.995893223819302,33.0,323.0,0.8843258042436687,train
48-1050-1,48-1050,48-1050-1-0,48,Texas,1050,1,15/11/1990,1990,1,ACATB,Asphalt concrete over asphalt treated base/subgrade,Rural Minor Arterial,West,1,General Pavement Studies,Asphalt Concrete on Unbound Granular Base,3.871321013,256437.0,,1162.11,992.77,365.0,20.20000076,4.0,13.0,149583.2,45.7200003,243.8400097,165.1,454.66001,2,5,Chip Seal,Crushed Stone,Fine-Grained Soils: Lean Clay with Sand,0,,63.0,Fair,rutting (M),6.0,1.457666636,1.246999979,1.352666696,0,,,,,60.1,194.0,0.5311430527036276,train
48-1050-1,48-1050,48-1050-1-0,48,Texas,1050,1,28/5/1991,1991,2,ACATB,Asphalt concrete over asphalt treated base/subgrade,Rural Minor Arterial,West,1,General Pavement Studies,Asphalt Concrete on Unbound Granular Base,4.402464066,288643.0,32206.0,1547.92,1180.01,365.0,19.10000038,0.0,13.0,137826.8,45.7200003,243.8400097,165.1,454.66001,2,5,Chip Seal,Crushed Stone,Fine-Grained Soils: Lean Clay with Sand,0,,60.1,Fair,rutting (M),6.0,1.46450001,1.226999998,1.346000016,1,63.0,-2.8999999999999986,194.0,0.5311430527036276,57.4,777.0,2.127310061601643,train
48-1050-1,48-1050,48-1050-1-0,48,Texas,1050,1,13/7/1993,1993,3,ACATB,Asphalt concrete over asphalt treated base/subgrade,Rural Minor Arterial,West,1,General Pavement Studies,Asphalt Concrete on Unbound Granular Base,6.529774127,352670.0,64027.0,1267.67,1139.2,365.0,18.60000038,0.0,19.0,150021.8,45.7200003,243.8400097,165.1,454.66001,2,5,Chip Seal,Crushed Stone,Fine-Grained Soils: Lean Clay with Sand,0,,57.4,Fair,rutting (M),7.0,,,,2,60.1,-2.700000000000003,777.0,2.127310061601643,27.3,741.0,2.028747433264887,train
48-1056-2,48-1056,48-1056-2-0,48,Texas,1056,2,12/6/1991,1991,1,ACUB,Asphalt concrete over unbound base/subgrade,Rural Principal Arterial - Other,South,1,General Pavement Studies,Asphalt Concrete on Unbound Granular Base,2.945927447,120792.0,,514.79,466.84,365.0,14.80000019,56.0,91.0,160979.1,55.87999894,365.7599903,0.0,421.6399893,2,4,"Hot Mixed, Hot Laid AC, Dense Graded",Soil-Aggregate Mixture (Predominantly Coarse-Grained),Fine-Grained Soils: Lean Clay with Sand,0,,58.4,Fair,rutting (M),7.0,1.376999974,1.442200017,1.409599996,0,,,,,76.7,706.0,1.9329226557152634,train
48-1056-2,48-1056,48-1056-2-0,48,Texas,1056,2,18/5/1993,1993,2,ACUB,Asphalt concrete over unbound base/subgrade,Rural Principal Arterial - Other,South,1,General Pavement Studies,Asphalt Concrete on Unbound Granular Base,4.878850103,166773.0,45981.0,665.45,553.5,365.0,13.89999962,98.0,104.0,160575.8,55.87999894,365.7599903,0.0,421.6399893,2,4,"Hot Mixed, Hot Laid AC, Dense Graded",Soil-Aggregate Mixture (Predominantly Coarse-Grained),Fine-Grained Soils: Lean Clay with Sand,0,,76.7,Satisfactory,long_trans_cracking (M),,2.128200006,2.007200027,2.067599916,1,58.4,18.300000000000004,706.0,1.9329226557152634,28.5,813.0,2.2258726899383983,train
48-1056-2,48-1056,48-1056-2-0,48,Texas,1056,2,9/8/1995,1995,3,ACUB,Asphalt concrete over unbound base/subgrade,Rural Principal Arterial - Other,South,1,General Pavement Studies,Asphalt Concrete on Unbound Granular Base,7.104722793,217989.0,51216.0,498.9,623.61,365.0,14.5,59.0,78.0,164338.3,55.87999894,365.7599903,0.0,421.6399893,2,4,"Hot Mixed, Hot Laid AC, Dense Graded",Soil-Aggregate Mixture (Predominantly Coarse-Grained),Fine-Grained Soils: Lean Clay with Sand,0,,28.5,Very Poor,rutting (H),8.0,,,,2,76.7,-48.2,813.0,2.2258726899383983,21.2,643.0,1.7604380561259412,train
48-1056-2,48-1056,48-1056-2-0,48,Texas,1056,2,13/5/1997,1997,4,ACUB,Asphalt concrete over unbound base/subgrade,Rural Principal Arterial - Other,South,1,General Pavement Studies,Asphalt Concrete on Unbound Granular Base,8.865160849,295489.0,77500.0,734.86,709.79,365.0,13.89999962,103.0,99.0,161891.3,55.87999894,365.7599903,0.0,421.6399893,2,4,"Hot Mixed, Hot Laid AC, Dense Graded",Soil-Aggregate Mixture (Predominantly Coarse-Grained),Fine-Grained Soils: Lean Clay with Sand,0,,21.2,Serious,rutting (H),10.0,,,,3,28.5,-7.300000000000001,643.0,1.7604380561259412,0.0,765.0,2.0944558521560577,train
48-1056-3,48-1056,48-1056-3-0,48,Texas,1056,3,2/3/2001,2001,1,ACUB,Asphalt concrete over unbound base/subgrade,Rural Principal Arterial - Other,South,1,General Pavement Studies,Asphalt Concrete on Unbound Granular Base,0.654346338,76175.0,,485.72,558.4,365.0,15.69999981,52.0,82.0,167201.5,66.03999909,365.7599903,0.0,431.7999894,3,5,"Hot Mixed, Hot Laid AC, Dense Graded",Soil-Aggregate Mixture (Predominantly Coarse-Grained),Fine-Grained Soils: Lean Clay with Sand,0,,21.6,Serious,rutting (H),14.0,1.884000015,1.628599977,1.756400013,0,,,,,21.7,482.0,1.319644079397673,train
48-1056-3,48-1056,48-1056-3-0,48,Texas,1056,3,27/6/2002,2002,2,ACUB,Asphalt concrete over unbound base/subgrade,Rural Principal Arterial - Other,South,1,General Pavement Studies,Asphalt Concrete on Unbound Granular Base,1.973990418,123109.0,46934.0,617.45,472.23,365.0,14.89999962,56.0,99.0,166573.3,66.03999909,365.7599903,0.0,431.7999894,3,5,"Hot Mixed, Hot Laid AC, Dense Graded",Soil-Aggregate Mixture (Predominantly Coarse-Grained),Fine-Grained Soils: Lean Clay with Sand,0,,21.7,Serious,rutting (H),16.0,,,,1,21.6,0.09999999999999787,482.0,1.319644079397673,22.6,1958.0,5.360711841204655,train
48-1056-3,48-1056,48-1056-3-0,48,Texas,1056,3,6/11/2007,2007,3,ACUB,Asphalt concrete over unbound base/subgrade,Rural Principal Arterial - Other,South,1,General Pavement Studies,Asphalt Concrete on Unbound Granular Base,7.334702259,420064.0,296955.0,549.52,665.03,365.0,14.39999962,96.0,89.0,163555.4,66.03999909,365.7599903,0.0,431.7999894,3,5,"Hot Mixed, Hot Laid AC, Dense Graded",Soil-Aggregate Mixture (Predominantly Coarse-Grained),Fine-Grained Soils: Lean Clay with Sand,0,,22.6,Serious,rutting (H),21.0,,,,2,21.7,0.9000000000000021,1958.0,5.360711841204655,0.0,1058.0,2.8966461327857633,train
48-1060-1,48-1060,48-1060-1-0,48,Texas,1060,1,10/4/1991,1991,1,ACATB,Asphalt concrete over asphalt treated base/subgrade,Rural Principal Arterial - Other,North,1,General Pavement Studies,Asphalt Concrete on Unbound Granular Base,4.271047228,965327.0,,965.46,1037.87,365.0,21.70000076,0.0,0.0,141953.0,190.5000061,312.4200048,152.4,655.3200109,2,5,"Hot Mixed, Hot Laid AC, Dense Graded",Crushed Stone,Coarse-Grained Soil: Silty Sand,0,,65.0,Fair,rutting (M),7.0,1.292199993,1.242199993,1.267199969,0,,,,,64.2,351.0,0.9609856262833676,train
48-1060-1,48-1060,48-1060-1-0,48,Texas,1060,1,26/3/1992,1992,2,ACATB,Asphalt concrete over asphalt treated base/subgrade,Rural Principal Arterial - Other,North,1,General Pavement Studies,Asphalt Concrete on Unbound Granular Base,5.232032854,1195014.0,229687.0,1107.19,1173.66,366.0,21.20000076,0.0,1.0,146850.3,190.5000061,312.4200048,152.4,655.3200109,2,5,"Hot Mixed, Hot Laid AC, Dense Graded",Crushed Stone,Coarse-Grained Soil: Silty Sand,0,,64.2,Fair,rutting (M),6.0,,,,1,65.0,-0.7999999999999972,351.0,0.9609856262833676,63.0,370.0,1.0130047912388775,train
48-1060-1,48-1060,48-1060-1-0,48,Texas,1060,1,31/3/1993,1993,3,ACATB,Asphalt concrete over asphalt treated base/subgrade,Rural Principal Arterial - Other,North,1,General Pavement Studies,Asphalt Concrete on Unbound Granular Base,6.245037645,1404247.0,209233.0,1213.92,1113.0,365.0,21.10000038,0.0,1.0,150011.4,190.5000061,312.4200048,152.4,655.3200109,2,5,"Hot Mixed, Hot Laid AC, Dense Graded",Crushed Stone,Coarse-Grained Soil: Silty Sand,0,,63.0,Fair,rutting (M),7.0,1.281999993,1.356399965,1.319399977,2,64.2,-1.2000000000000028,370.0,1.0130047912388775,63.5,559.0,1.5304585900068446,train
48-1060-1,48-1060,48-1060-1-0,48,Texas,1060,1,11/10/1994,1994,4,ACATB,Asphalt concrete over asphalt treated base/subgrade,Rural Principal Arterial - Other,North,1,General Pavement Studies,Asphalt Concrete on Unbound Granular Base,7.775496235,1628069.0,223822.0,986.07,994.86,365.0,21.89999962,0.0,2.0,147329.9,190.5000061,312.4200048,152.4,655.3200109,2,5,"Hot Mixed, Hot Laid AC, Dense Graded",Crushed Stone,Coarse-Grained Soil: Silty Sand,0,,63.5,Fair,rutting (M),7.0,1.321399999,1.482800007,1.402000022,3,63.0,0.5,559.0,1.5304585900068446,63.7,155.0,0.4243668720054757,train
48-1060-1,48-1060,48-1060-1-0,48,Texas,1060,1,15/3/1995,1995,5,ACATB,Asphalt concrete over asphalt treated base/subgrade,Rural Principal Arterial - Other,North,1,General Pavement Studies,Asphalt Concrete on Unbound Granular Base,8.199863107,1859707.0,231638.0,846.91,981.75,365.0,22.10000038,0.0,1.0,159101.6,190.5000061,312.4200048,152.4,655.3200109,2,5,"Hot Mixed, Hot Laid AC, Dense Graded",Crushed Stone,Coarse-Grained Soil: Silty Sand,0,,63.7,Fair,rutting (M),7.0,1.334200025,1.532400012,1.433400035,4,63.5,0.20000000000000284,155.0,0.4243668720054757,63.5,5.0,0.013689253935660506,train
48-1060-1,48-1060,48-1060-1-0,48,Texas,1060,1,20/3/1995,1995,6,ACATB,Asphalt concrete over asphalt treated base/subgrade,Rural Principal Arterial - Other,North,1,General Pavement Studies,Asphalt Concrete on Unbound Granular Base,8.213552361,1859707.0,0.0,846.91,981.75,365.0,22.10000038,0.0,1.0,159101.6,190.5000061,312.4200048,152.4,655.3200109,2,5,"Hot Mixed, Hot Laid AC, Dense Graded",Crushed Stone,Coarse-Grained Soil: Silty Sand,0,,63.5,Fair,rutting (M),7.0,1.334200025,1.532400012,1.433400035,5,63.7,-0.20000000000000284,5.0,0.013689253935660506,63.5,86.0,0.23545516769336072,train
48-1060-1,48-1060,48-1060-1-0,48,Texas,1060,1,14/6/1995,1995,7,ACATB,Asphalt concrete over asphalt treated base/subgrade,Rural Principal Arterial - Other,North,1,General Pavement Studies,Asphalt Concrete on Unbound Granular Base,8.449007529,1859707.0,0.0,846.91,981.75,365.0,22.10000038,0.0,1.0,159101.6,190.5000061,312.4200048,152.4,655.3200109,2,5,"Hot Mixed, Hot Laid AC, Dense Graded",Crushed Stone,Coarse-Grained Soil: Silty Sand,0,,63.5,Fair,rutting (M),7.0,1.292000008,1.565999985,1.428999996,6,63.5,0.0,86.0,0.23545516769336072,63.1,678.0,1.8562628336755647,train
48-1060-1,48-1060,48-1060-1-0,48,Texas,1060,1,22/4/1997,1997,8,ACATB,Asphalt concrete over asphalt treated base/subgrade,Rural Principal Arterial - Other,North,1,General Pavement Studies,Asphalt Concrete on Unbound Granular Base,10.30527036,2478958.0,619251.0,1182.99,1122.32,365.0,21.0,0.0,4.0,150638.2,190.5000061,312.4200048,152.4,655.3200109,2,5,"Hot Mixed, Hot Laid AC, Dense Graded",Crushed Stone,Coarse-Grained Soil: Silty Sand,0,,63.1,Fair,rutting (M),7.0,1.716999984,1.756000018,1.736599994,7,63.5,-0.3999999999999986,678.0,1.8562628336755647,48.0,79.0,0.216290212183436,train
48-1060-1,48-1060,48-1060-1-0,48,Texas,1060,1,10/7/1997,1997,9,ACATB,Asphalt concrete over asphalt treated base/subgrade,Rural Principal Arterial - Other,North,1,General Pavement Studies,Asphalt Concrete on Unbound Granular Base,10.52156057,2478958.0,0.0,1182.99,1122.32,365.0,21.0,0.0,4.0,150638.2,190.5000061,312.4200048,152.4,655.3200109,2,5,"Hot Mixed, Hot Laid AC, Dense Graded",Crushed Stone,Coarse-Grained Soil: Silty Sand,0,,48.0,Poor,rutting (M),7.0,1.642599988,1.763999963,1.703400016,8,63.1,-15.100000000000001,79.0,0.216290212183436,38.1,82.0,0.2245037645448323,train
48-1060-1,48-1060,48-1060-1-0,48,Texas,1060,1,30/9/1997,1997,10,ACATB,Asphalt concrete over asphalt treated base/subgrade,Rural Principal Arterial - Other,North,1,General Pavement Studies,Asphalt Concrete on Unbound Granular Base,10.74606434,2478958.0,0.0,1182.99,1122.32,365.0,21.0,0.0,4.0,150638.2,190.5000061,312.4200048,152.4,655.3200109,2,5,"Hot Mixed, Hot Laid AC, Dense Graded",Crushed Stone,Coarse-Grained Soil: Silty Sand,0,,38.1,Very Poor,rutting (H),8.0,1.615800023,1.734600019,1.675200009,9,48.0,-9.899999999999999,82.0,0.2245037645448323,48.4,462.0,1.264887063655031,train
48-1065-1,48-1065,48-1065-1-0,48,Texas,1065,1,10/6/1991,1991,1,ACUB,Asphalt concrete over unbound base/subgrade,Rural Principal Arterial - Other,North,1,General Pavement Studies,Asphalt Concrete on Unbound Granular Base,4.438056126,1492299.0,,389.58,501.39,365.0,13.80000019,38.0,102.0,169553.1,218.4400021,121.9200048,0.0,340.360007,4,6,"Hot Mixed, Hot Laid AC, Dense Graded",Crushed Gravel,Fine-Grained Soils: Lean Inorganic Clay,0,,29.7,Very Poor,rutting (H),10.0,2.143999958,2.118400002,2.130999994,0,,,,,23.7,675.0,1.8480492813141685,train
48-1065-1,48-1065,48-1065-1-0,48,Texas,1065,1,15/4/1993,1993,2,ACUB,Asphalt concrete over unbound base/subgrade,Rural Principal Arterial - Other,North,1,General Pavement Studies,Asphalt Concrete on Unbound Granular Base,6.286105407,1601527.0,109228.0,296.57,473.78,365.0,13.69999981,33.0,111.0,168805.3,218.4400021,121.9200048,0.0,340.360007,4,6,"Hot Mixed, Hot Laid AC, Dense Graded",Crushed Gravel,Fine-Grained Soils: Lean Inorganic Clay,0,,23.7,Serious,rutting (H),9.0,2.592400026,2.265199995,2.428999949,1,29.7,-6.0,675.0,1.8480492813141685,20.4,845.0,2.3134839151266258,train
48-1068-3,48-1068,48-1068-3-0,48,Texas,1068,3,27/1/1995,1995,1,ACATB,Asphalt concrete over asphalt treated base/subgrade,Rural Principal Arterial - Other,North,1,General Pavement Studies,Asphalt Concrete on Unbound Granular Base,1.453798768,256629.0,,874.38,1014.55,365.0,17.5,7.0,49.0,153402.3,279.4000025,152.4,203.2,635.0000025,3,6,"Hot Mixed, Hot Laid AC, Dense Graded",Crushed Stone,Fine-Grained Soils: Sandy Lean Clay,0,,56.1,Fair,rutting (M),7.0,1.097599983,1.428800011,1.263200021,0,,,,,55.6,76.0,0.2080766598220397,train
48-1068-3,48-1068,48-1068-3-0,48,Texas,1068,3,13/4/1995,1995,2,ACATB,Asphalt concrete over asphalt treated base/subgrade,Rural Principal Arterial - Other,North,1,General Pavement Studies,Asphalt Concrete on Unbound Granular Base,1.661875428,256629.0,0.0,874.38,1014.55,365.0,17.5,7.0,49.0,153402.3,279.4000025,152.4,203.2,635.0000025,3,6,"Hot Mixed, Hot Laid AC, Dense Graded",Crushed Stone,Fine-Grained Soils: Sandy Lean Clay,0,,55.6,Fair,rutting (M),7.0,1.092400026,1.35599997,1.224399996,1,56.1,-0.5,76.0,0.2080766598220397,55.6,56.0,0.15331964407939766,train
48-1068-3,48-1068,48-1068-3-0,48,Texas,1068,3,8/6/1995,1995,3,ACATB,Asphalt concrete over asphalt treated base/subgrade,Rural Principal Arterial - Other,North,1,General Pavement Studies,Asphalt Concrete on Unbound Granular Base,1.815195072,256629.0,0.0,874.38,1014.55,365.0,17.5,7.0,49.0,153402.3,279.4000025,152.4,203.2,635.0000025,3,6,"Hot Mixed, Hot Laid AC, Dense Graded",Crushed Stone,Fine-Grained Soils: Sandy Lean Clay,0,,55.6,Fair,rutting (M),7.0,1.08579998,1.283999991,1.18499999,2,55.6,0.0,56.0,0.15331964407939766,55.6,43.0,0.11772758384668036,train
48-1068-3,48-1068,48-1068-3-0,48,Texas,1068,3,21/7/1995,1995,4,ACATB,Asphalt concrete over asphalt treated base/subgrade,Rural Principal Arterial - Other,North,1,General Pavement Studies,Asphalt Concrete on Unbound Granular Base,1.932922656,256629.0,0.0,874.38,1014.55,365.0,17.5,7.0,49.0,153402.3,279.4000025,152.4,203.2,635.0000025,3,6,"Hot Mixed, Hot Laid AC, Dense Graded",Crushed Stone,Fine-Grained Soils: Sandy Lean Clay,0,,55.6,Fair,rutting (M),7.0,1.08579998,1.283999991,1.18499999,3,55.6,0.0,43.0,0.11772758384668036,32.2,713.0,1.9520876112251881,train
48-1068-3,48-1068,48-1068-3-0,48,Texas,1068,3,3/7/1997,1997,5,ACATB,Asphalt concrete over asphalt treated base/subgrade,Rural Principal Arterial - Other,North,1,General Pavement Studies,Asphalt Concrete on Unbound Granular Base,3.885010267,499318.0,242689.0,1199.36,1026.41,365.0,16.79999924,35.0,41.0,153729.9,279.4000025,152.4,203.2,635.0000025,3,6,"Hot Mixed, Hot Laid AC, Dense Graded",Crushed Stone,Fine-Grained Soils: Sandy Lean Clay,0,,32.2,Very Poor,rutting (M),5.0,1.358400011,1.441600013,1.399999976,4,55.6,-23.4,713.0,1.9520876112251881,46.3,14.0,0.038329911019849415,train
48-1068-3,48-1068,48-1068-3-0,48,Texas,1068,3,17/7/1997,1997,6,ACATB,Asphalt concrete over asphalt treated base/subgrade,Rural Principal Arterial - Other,North,1,General Pavement Studies,Asphalt Concrete on Unbound Granular Base,3.923340178,499318.0,0.0,1199.36,1026.41,365.0,16.79999924,35.0,41.0,153729.9,279.4000025,152.4,203.2,635.0000025,3,6,"Hot Mixed, Hot Laid AC, Dense Graded",Crushed Stone,Fine-Grained Soils: Sandy Lean Clay,0,,46.3,Poor,rutting (M),5.0,1.358400011,1.441600013,1.399999976,5,32.2,14.099999999999994,14.0,0.038329911019849415,42.9,62.0,0.1697467488021903,train
48-1068-3,48-1068,48-1068-3-0,48,Texas,1068,3,17/9/1997,1997,7,ACATB,Asphalt concrete over asphalt treated base/subgrade,Rural Principal Arterial - Other,North,1,General Pavement Studies,Asphalt Concrete on Unbound Granular Base,4.093086927,499318.0,0.0,1199.36,1026.41,365.0,16.79999924,35.0,41.0,153729.9,279.4000025,152.4,203.2,635.0000025,3,6,"Hot Mixed, Hot Laid AC, Dense Graded",Crushed Stone,Fine-Grained Soils: Sandy Lean Clay,0,,42.9,Poor,rutting (M),6.0,1.301399994,1.486000013,1.393400002,6,46.3,-3.3999999999999986,62.0,0.1697467488021903,50.4,614.0,1.68104038329911,train
48-1069-2,48-1069,48-1069-2-0,48,Texas,1069,2,20/12/1990,1990,1,ACATB,Asphalt concrete over asphalt treated base/subgrade,Rural Principal Arterial - Other,South,1,General Pavement Studies,Asphalt Concrete on Bound Base,0.268309377,29640.0,,1039.3,1082.15,365.0,18.79999924,18.0,22.0,153153.8,241.3000061,386.0799952,165.1,792.4800012,2,5,"Hot Mixed, Hot Laid AC, Dense Graded",Other,Fine-Grained Soils: Fat Inorganic Clay,0,,34.8,Very Poor,rutting (H),10.0,1.569199991,1.422599983,1.496000004,0,,,,,33.0,209.0,0.5722108145106092,train
48-1069-2,48-1069,48-1069-2-0,48,Texas,1069,2,17/7/1991,1991,2,ACATB,Asphalt concrete over asphalt treated base/subgrade,Rural Principal Arterial - Other,South,1,General Pavement Studies,Asphalt Concrete on Bound Base,0.840520192,124347.0,94707.0,1335.19,1021.69,365.0,18.10000038,0.0,33.0,142943.8,241.3000061,386.0799952,165.1,792.4800012,2,5,"Hot Mixed, Hot Laid AC, Dense Graded",Other,Fine-Grained Soils: Fat Inorganic Clay,0,,33.0,Very Poor,rutting (H),10.0,1.569199991,1.422599983,1.496000004,1,34.8,-1.7999999999999972,209.0,0.5722108145106092,23.9,755.0,2.0670773442847366,train
48-1069-2,48-1069,48-1069-2-0,48,Texas,1069,2,10/8/1993,1993,3,ACATB,Asphalt concrete over asphalt treated base/subgrade,Rural Principal Arterial - Other,South,1,General Pavement Studies,Asphalt Concrete on Bound Base,2.907597536,319722.0,195375.0,1109.86,961.46,365.0,17.70000076,0.0,39.0,154240.4,241.3000061,386.0799952,165.1,792.4800012,2,5,"Hot Mixed, Hot Laid AC, Dense Graded",Other,Fine-Grained Soils: Fat Inorganic Clay,0,,23.9,Serious,rutting (H),11.0,1.47420001,1.394199991,1.434200001,2,33.0,-9.100000000000001,755.0,2.0670773442847366,29.2,688.0,1.8836413415468858,train
48-1069-2,48-1069,48-1069-2-0,48,Texas,1069,2,29/6/1995,1995,4,ACATB,Asphalt concrete over asphalt treated base/subgrade,Rural Principal Arterial - Other,South,1,General Pavement Studies,Asphalt Concrete on Bound Base,4.791238877,576033.0,256311.0,793.95,1083.31,365.0,18.5,2.0,34.0,156248.3,241.3000061,386.0799952,165.1,792.4800012,2,5,"Hot Mixed, Hot Laid AC, Dense Graded",Other,Fine-Grained Soils: Fat Inorganic Clay,0,,29.2,Very Poor,rutting (H),13.0,,,,3,23.9,5.300000000000001,688.0,1.8836413415468858,15.6,1069.0,2.926762491444216,train
48-1069-2,48-1069,48-1069-2-0,48,Texas,1069,2,2/6/1998,1998,5,ACATB,Asphalt concrete over asphalt treated base/subgrade,Rural Principal Arterial - Other,South,1,General Pavement Studies,Asphalt Concrete on Bound Base,7.718001369,1047016.0,470983.0,1265.95,900.6,365.0,19.79999924,5.0,23.0,159398.0,241.3000061,386.0799952,165.1,792.4800012,2,5,"Hot Mixed, Hot Laid AC, Dense Graded",Other,Fine-Grained Soils: Fat Inorganic Clay,0,,15.6,Serious,rutting (H),12.0,,,,4,29.2,-13.6,1069.0,2.926762491444216,2.7,406.0,1.111567419575633,train
48-1069-2,48-1069,48-1069-2-0,48,Texas,1069,2,13/7/1999,1999,6,ACATB,Asphalt concrete over asphalt treated base/subgrade,Rural Principal Arterial - Other,South,1,General Pavement Studies,Asphalt Concrete on Bound Base,8.829568789,1214821.0,167805.0,832.43,929.64,365.0,19.60000038,6.0,20.0,162062.9,241.3000061,386.0799952,165.1,792.4800012,2,5,"Hot Mixed, Hot Laid AC, Dense Graded",Other,Fine-Grained Soils: Fat Inorganic Clay,0,,2.7,Failed,rutting (H),13.0,,,,5,15.6,-12.899999999999999,406.0,1.111567419575633,0.0,287.0,0.785763175906913,train
48-1070-2,48-1070,48-1070-2-0,48,Texas,1070,2,10/8/1993,1993,1,ACATB,Asphalt concrete over asphalt treated base/subgrade,Rural Principal Arterial - Other,East,1,General Pavement Studies,Asphalt Concrete on Bound Base,1.237508556,236374.0,,1109.86,961.46,365.0,17.70000076,0.0,39.0,154240.4,266.7000061,342.9,254.0,863.6000061,2,5,"Hot Mixed, Hot Laid AC, Dense Graded",Other,Fine-Grained Soils: Fat Inorganic Clay,1,452.0,36.2,Very Poor,rutting (M),5.0,1.175600004,1.115400004,1.145599985,0,,,,,9.4,688.0,1.8836413415468858,test
48-1070-5,48-1070,48-1070-5-0,48,Texas,1070,5,25/4/2000,2000,1,ACATB,Asphalt concrete over asphalt treated base/subgrade,Rural Principal Arterial - Other,East,1,General Pavement Studies,Asphalt Concrete on Bound Base,0.610540726,236564.0,,1091.62,833.38,366.0,19.10000038,17.0,34.0,159859.4,266.7000061,342.9,254.0,863.6000061,2,5,"Hot Mixed, Hot Laid AC, Dense Graded",Other,Fine-Grained Soils: Fat Inorganic Clay,0,,18.8,Serious,rutting (H),9.0,1.730200005,2.153000069,1.941599965,0,,,,,18.8,710.0,1.943874058863792,test
48-1076-1,48-1076,48-1076-1-0,48,Texas,1076,1,6/11/1991,1991,1,ACUB,Asphalt concrete over unbound base/subgrade,Urban Other Principal Arterial,North,1,General Pavement Studies,Asphalt Concrete on Unbound Granular Base,4.845995893,1221341.0,,458.41,435.3,365.0,16.0,6.0,68.0,171498.0,137.1599964,213.3599903,0.0,350.5199867,2,4,"Hot Mixed, Hot Laid AC, Dense Graded",Crushed Gravel,Coarse-Grained Soil: Silty Sand,0,,49.9,Poor,rutting (M),7.0,,,,0,,,,,63.8,608.0,1.6646132785763177,train
48-1076-1,48-1076,48-1076-1-0,48,Texas,1076,1,6/7/1993,1993,2,ACUB,Asphalt concrete over unbound base/subgrade,Urban Other Principal Arterial,North,1,General Pavement Studies,Asphalt Concrete on Unbound Granular Base,6.510609172,1373492.0,152151.0,211.02,419.59,365.0,16.0,5.0,70.0,172627.4,137.1599964,213.3599903,0.0,350.5199867,2,4,"Hot Mixed, Hot Laid AC, Dense Graded",Crushed Gravel,Coarse-Grained Soil: Silty Sand,0,,63.8,Fair,long_trans_cracking (M),,1.925199986,1.884600019,1.905199981,1,49.9,13.899999999999999,608.0,1.6646132785763177,12.2,751.0,2.0561259411362083,train
48-1076-2,48-1076,48-1076-2-0,48,Texas,1076,2,9/6/1997,1997,1,ACUB,Asphalt concrete over unbound base/subgrade,Urban Other Principal Arterial,North,1,General Pavement Studies,Asphalt Concrete on Unbound Granular Base,0.06844627,52811.0,,561.29,481.64,365.0,15.80000019,43.0,76.0,171642.2,137.1599964,213.3599903,0.0,350.5199867,2,4,"Hot Mixed, Hot Laid AC, Dense Graded",Crushed Gravel,Coarse-Grained Soil: Silty Sand,1,25.0,12.4,Serious,rutting (H),10.0,1.937400007,2.172400045,2.054999995,0,,,,,4.7,730.0,1.998631074606434,train
48-1076-3,48-1076,48-1076-3-0,48,Texas,1076,3,1/3/2001,2001,1,ACUB,Asphalt concrete over unbound base/subgrade,Urban Other Principal Arterial,North,1,General Pavement Studies,Asphalt Concrete on Unbound Granular Base,1.716632444,215103.0,,303.02,357.89,365.0,17.29999924,9.0,62.0,176075.7,149.8599964,213.3599903,0.0,363.2199867,3,5,"Hot Mixed, Hot Laid AC, Dense Graded",Crushed Gravel,Coarse-Grained Soil: Silty Sand,0,,28.2,Very Poor,rutting (H),11.0,,,,0,,,,,18.1,1160.0,3.1759069130732374,train
48-1076-4,48-1076,48-1076-4-0,48,Texas,1076,4,5/11/2007,2007,1,ACUB,Asphalt concrete over unbound base/subgrade,Urban Other Principal Arterial,North,1,General Pavement Studies,Asphalt Concrete on Unbound Granular Base,0.287474333,32003.0,,529.59,579.39,365.0,15.69999981,16.0,73.0,167541.0,162.5599964,213.3599903,0.0,375.9199867,4,6,"Hot Mixed, Hot Laid AC, Dense Graded",Crushed Gravel,Coarse-Grained Soil: Silty Sand,0,,35.2,Very Poor,rutting (H),8.0,,,,0,,,,,44.8,695.0,1.9028062970568105,train
48-1076-4,48-1076,48-1076-4-0,48,Texas,1076,4,30/9/2009,2009,2,ACUB,Asphalt concrete over unbound base/subgrade,Urban Other Principal Arterial,North,1,General Pavement Studies,Asphalt Concrete on Unbound Granular Base,2.19028063,229905.0,197902.0,382.37,395.25,365.0,16.79999924,13.0,69.0,174371.2,162.5599964,213.3599903,0.0,375.9199867,4,6,"Hot Mixed, Hot Laid AC, Dense Graded",Crushed Gravel,Coarse-Grained Soil: Silty Sand,0,,44.8,Poor,rutting (M),7.0,,,,1,35.2,9.599999999999994,695.0,1.9028062970568105,0.0,897.0,2.455852156057495,train
48-1076-4,48-1076,48-1076-4-0,48,Texas,1076,4,15/3/2012,2012,3,ACUB,Asphalt concrete over unbound base/subgrade,Urban Other Principal Arterial,North,1,General Pavement Studies,Asphalt Concrete on Unbound Granular Base,4.646132786,494922.0,265017.0,321.69,276.96,366.0,18.10000038,7.0,54.0,176557.2,162.5599964,213.3599903,0.0,375.9199867,4,6,"Hot Mixed, Hot Laid AC, Dense Graded",Crushed Gravel,Coarse-Grained Soil: Silty Sand,0,,0.0,Failed,rutting (H),9.0,2.352999973,2.496000004,2.424399996,2,44.8,-44.8,897.0,2.455852156057495,0.0,336.0,0.919917864476386,train
48-1077-2,48-1077,48-1077-2-0,48,Texas,1077,2,20/5/1993,1993,1,ACUB,Asphalt concrete over unbound base/subgrade,Rural Principal Arterial - Other,South,1,General Pavement Studies,Asphalt Concrete on Unbound Granular Base,0.506502396,281683.0,,553.73,542.66,365.0,16.10000038,31.0,85.0,163910.5,127.0000025,264.1599903,0.0,391.1599928,3,5,"Hot Mixed, Hot Laid AC, Dense Graded",Crushed Stone,Fine-Grained Soils: Sandy Silt,0,,89.6,Good,long_trans_cracking (L),,1.300999999,1.196000004,1.248600006,0,,,,,33.1,522.0,1.429158110882957,train
48-1077-2,48-1077,48-1077-2-0,48,Texas,1077,2,24/10/1994,1994,2,ACUB,Asphalt concrete over unbound base/subgrade,Rural Principal Arterial - Other,South,1,General Pavement Studies,Asphalt Concrete on Unbound Granular Base,1.935660507,562644.0,280961.0,337.67,453.29,365.0,17.39999962,15.0,60.0,166228.1,127.0000025,264.1599903,0.0,391.1599928,3,5,"Hot Mixed, Hot Laid AC, Dense Graded",Crushed Stone,Fine-Grained Soils: Sandy Silt,0,,33.1,Very Poor,rutting (H),18.0,1.198600006,1.237199998,1.218000007,1,89.6,-56.49999999999999,522.0,1.429158110882957,34.9,178.0,0.487337440109514,train
48-1077-2,48-1077,48-1077-2-0,48,Texas,1077,2,20/4/1995,1995,3,ACUB,Asphalt concrete over unbound base/subgrade,Rural Principal Arterial - Other,South,1,General Pavement Studies,Asphalt Concrete on Unbound Granular Base,2.422997947,865118.0,302474.0,878.98,657.78,365.0,16.70000076,18.0,55.0,165802.0,127.0000025,264.1599903,0.0,391.1599928,3,5,"Hot Mixed, Hot Laid AC, Dense Graded",Crushed Stone,Fine-Grained Soils: Sandy Silt,0,,34.9,Very Poor,rutting (H),18.0,1.232599974,1.423800015,1.328399992,2,33.1,1.7999999999999972,178.0,0.487337440109514,34.8,63.0,0.17248459958932238,train
48-1077-2,48-1077,48-1077-2-0,48,Texas,1077,2,22/6/1995,1995,4,ACUB,Asphalt concrete over unbound base/subgrade,Rural Principal Arterial - Other,South,1,General Pavement Studies,Asphalt Concrete on Unbound Granular Base,2.595482546,865118.0,0.0,878.98,657.78,365.0,16.70000076,18.0,55.0,165802.0,127.0000025,264.1599903,0.0,391.1599928,3,5,"Hot Mixed, Hot Laid AC, Dense Graded",Crushed Stone,Fine-Grained Soils: Sandy Silt,0,,34.8,Very Poor,rutting (H),16.0,1.137599993,1.360399985,1.248800015,3,34.9,-0.10000000000000142,63.0,0.17248459958932238,34.8,50.0,0.13689253935660506,train
48-1077-2,48-1077,48-1077-2-0,48,Texas,1077,2,11/8/1995,1995,5,ACUB,Asphalt concrete over unbound base/subgrade,Rural Principal Arterial - Other,South,1,General Pavement Studies,Asphalt Concrete on Unbound Granular Base,2.732375086,865118.0,0.0,878.98,657.78,365.0,16.70000076,18.0,55.0,165802.0,127.0000025,264.1599903,0.0,391.1599928,3,5,"Hot Mixed, Hot Laid AC, Dense Graded",Crushed Stone,Fine-Grained Soils: Sandy Silt,0,,34.8,Very Poor,rutting (H),16.0,1.137599993,1.360399985,1.248800015,4,34.8,0.0,50.0,0.13689253935660506,88.1,319.0,0.8733744010951403,train
48-1077-2,48-1077,48-1077-2-0,48,Texas,1077,2,25/6/1996,1996,6,ACUB,Asphalt concrete over unbound base/subgrade,Rural Principal Arterial - Other,South,1,General Pavement Studies,Asphalt Concrete on Unbound Granular Base,3.605749487,1149694.0,284576.0,396.23,585.29,366.0,16.89999962,61.0,68.0,171240.1,127.0000025,264.1599903,0.0,391.1599928,3,5,"Hot Mixed, Hot Laid AC, Dense Graded",Crushed Stone,Fine-Grained Soils: Sandy Silt,0,,88.1,Good,long_trans_cracking (L),,,,,5,34.8,53.3,319.0,0.8733744010951403,32.7,324.0,0.8870636550308009,train
48-1077-2,48-1077,48-1077-2-0,48,Texas,1077,2,15/5/1997,1997,7,ACUB,Asphalt concrete over unbound base/subgrade,Rural Principal Arterial - Other,South,1,General Pavement Studies,Asphalt Concrete on Unbound Granular Base,4.492813142,1436318.0,286624.0,845.94,774.22,365.0,15.69999981,58.0,75.0,164375.2,127.0000025,264.1599903,0.0,391.1599928,3,5,"Hot Mixed, Hot Laid AC, Dense Graded",Crushed Stone,Fine-Grained Soils: Sandy Silt,0,,32.7,Very Poor,rutting (H),18.0,1.463800001,1.532999992,1.498200011,6,88.1,-55.39999999999999,324.0,0.8870636550308009,33.3,48.0,0.13141683778234087,train
48-1077-2,48-1077,48-1077-2-0,48,Texas,1077,2,2/7/1997,1997,8,ACUB,Asphalt concrete over unbound base/subgrade,Rural Principal Arterial - Other,South,1,General Pavement Studies,Asphalt Concrete on Unbound Granular Base,4.624229979,1436318.0,0.0,845.94,774.22,365.0,15.69999981,58.0,75.0,164375.2,127.0000025,264.1599903,0.0,391.1599928,3,5,"Hot Mixed, Hot Laid AC, Dense Graded",Crushed Stone,Fine-Grained Soils: Sandy Silt,0,,33.3,Very Poor,rutting (H),19.0,1.346199989,1.526799989,1.436799979,7,32.7,0.5999999999999943,48.0,0.13141683778234087,33.5,76.0,0.2080766598220397,train
48-1087-1,48-1087,48-1087-1-0,48,Texas,1087,1,24/6/1991,1991,1,ACUB,Asphalt concrete over unbound base/subgrade,Urban Other Principal Arterial,North,1,General Pavement Studies,Asphalt Concrete on Unbound Granular Base,4.476386037,2083588.0,,1439.81,1095.73,365.0,17.89999962,0.0,28.0,141283.5,182.8800058,182.8799952,0.0,365.7600009,3,5,"Hot Mixed, Hot Laid AC, Dense Graded",Soil-Aggregate Mixture (Predominantly Coarse-Grained),Coarse-Grained Soils: Poorly Graded Sand with Silt,0,,63.0,Fair,rutting (M),7.0,,,,0,,,,,57.6,780.0,2.135523613963039,test
48-1087-1,48-1087,48-1087-1-0,48,Texas,1087,1,12/8/1993,1993,2,ACUB,Asphalt concrete over unbound base/subgrade,Urban Other Principal Arterial,North,1,General Pavement Studies,Asphalt Concrete on Unbound Granular Base,6.611909651,2156976.0,73388.0,1180.53,1010.65,365.0,17.39999962,0.0,38.0,151570.0,182.8800058,182.8799952,0.0,365.7600009,3,5,"Hot Mixed, Hot Laid AC, Dense Graded",Soil-Aggregate Mixture (Predominantly Coarse-Grained),Coarse-Grained Soils: Poorly Graded Sand with Silt,0,,57.6,Fair,rutting (M),5.0,,,,1,63.0,-5.399999999999999,780.0,2.135523613963039,34.8,707.0,1.9356605065023955,test
48-1087-1,48-1087,48-1087-1-0,48,Texas,1087,1,20/7/1995,1995,3,ACUB,Asphalt concrete over unbound base/subgrade,Urban Other Principal Arterial,North,1,General Pavement Studies,Asphalt Concrete on Unbound Granular Base,8.547570157,2216285.0,59309.0,854.78,1045.83,365.0,18.5,2.0,40.0,155319.1,182.8800058,182.8799952,0.0,365.7600009,3,5,"Hot Mixed, Hot Laid AC, Dense Graded",Soil-Aggregate Mixture (Predominantly Coarse-Grained),Coarse-Grained Soils: Poorly Graded Sand with Silt,0,,34.8,Very Poor,rutting (H),8.0,,,,2,57.6,-22.800000000000004,707.0,1.9356605065023955,34.8,727.0,1.9904175222450375,test
48-1087-2,48-1087,48-1087-2-0,48,Texas,1087,2,25/5/1999,1999,1,ACUB,Asphalt concrete over unbound base/subgrade,Urban Other Principal Arterial,North,1,General Pavement Studies,Asphalt Concrete on Unbound Granular Base,1.744010951,114883.0,,780.15,1031.81,365.0,19.29999924,7.0,18.0,161648.2,195.5800058,182.8799952,0.0,378.4600009,4,6,"Hot Mixed, Hot Laid AC, Dense Graded",Soil-Aggregate Mixture (Predominantly Coarse-Grained),Coarse-Grained Soils: Poorly Graded Sand with Silt,0,,63.0,Fair,rutting (M),5.0,,,,0,,,,,60.7,1108.0,3.033538672142368,test
48-1087-3,48-1087,48-1087-3-0,48,Texas,1087,3,9/11/2005,2005,1,ACUB,Asphalt concrete over unbound base/subgrade,Urban Other Principal Arterial,North,1,General Pavement Studies,Asphalt Concrete on Unbound Granular Base,1.401779603,77778.0,,633.64,745.26,365.0,19.39999962,5.0,22.0,157562.5,208.2800058,182.8799952,0.0,391.1600009,5,7,"Hot Mixed, Hot Laid AC, Dense Graded",Soil-Aggregate Mixture (Predominantly Coarse-Grained),Coarse-Grained Soils: Poorly Graded Sand with Silt,0,,64.8,Fair,rutting (M),7.0,1.223200011,1.441199994,1.332200027,0,,,,,62.7,1444.0,3.9534565366187544,test
48-1092-2,48-1092,48-1092-2-0,48,Texas,1092,2,26/3/1991,1991,1,ACUB,Asphalt concrete over unbound base/subgrade,Rural Principal Arterial - Other,West,1,General Pavement Studies,Asphalt Concrete on Unbound Granular Base,3.230663929,291551.0,,1033.2,747.01,365.0,19.79999924,0.0,8.0,157179.4,78.73999985,139.7,177.8,396.2399998,4,7,Chip Seal,Crushed Stone,Fine-Grained Soils: Silt with Sand,0,,54.9,Poor,rutting (M),7.0,,,,0,,,,,75.4,146.0,0.3997262149212868,train
48-1092-3,48-1092,48-1092-3-0,48,Texas,1092,3,2/4/1993,1993,1,ACUB,Asphalt concrete over unbound base/subgrade,Rural Principal Arterial - Other,West,1,General Pavement Studies,Asphalt Concrete on Unbound Granular Base,1.59890486,196943.0,,662.69,700.45,365.0,19.39999962,0.0,13.0,161890.5,83.81999992,139.7,177.8,401.3199999,5,8,Chip Seal,Crushed Stone,Fine-Grained Soils: Silt with Sand,0,,63.0,Fair,rutting (M),6.0,1.212199998,1.646200037,1.429399991,0,,,,,36.1,720.0,1.9712525667351128,train
48-1092-4,48-1092,48-1092-4-0,48,Texas,1092,4,1/7/1997,1997,1,ACUB,Asphalt concrete over unbound base/subgrade,Rural Principal Arterial - Other,West,1,General Pavement Studies,Asphalt Concrete on Unbound Granular Base,1.963039014,272099.0,,770.19,869.12,365.0,19.10000038,3.0,18.0,163079.8,91.44000023,139.7,177.8,408.9400002,6,9,Chip Seal,Crushed Stone,Fine-Grained Soils: Silt with Sand,0,,39.2,Very Poor,rutting (H),8.0,,,,0,,,,,38.0,342.0,0.9363449691991786,train
48-1094-1,48-1094,48-1094-1-0,48,Texas,1094,1,14/8/1989,1989,1,ACUB,Asphalt concrete over unbound base/subgrade,Rural Principal Arterial - Other,West,1,General Pavement Studies,Asphalt Concrete on Unbound Granular Base,2.617385352,164064.0,,505.0,537.8,365.0,20.0,23.0,27.0,165328.1,48.26000091,213.3599903,0.0,261.6199912,2,4,"Hot Mixed, Hot Laid AC, Dense Graded",Crushed Stone,Coarse-Grained Soil: Clayey Sand with Gravel,0,,91.2,Good,long_trans_cracking (L),,,,,0,,,,,77.8,590.0,1.6153319644079398,train
48-1094-1,48-1094,48-1094-1-0,48,Texas,1094,1,27/3/1991,1991,2,ACUB,Asphalt concrete over unbound base/subgrade,Rural Principal Arterial - Other,West,1,General Pavement Studies,Asphalt Concrete on Unbound Granular Base,4.232717317,250529.0,86465.0,1128.27,804.6,365.0,19.89999962,0.0,7.0,153812.3,48.26000091,213.3599903,0.0,261.6199912,2,4,"Hot Mixed, Hot Laid AC, Dense Graded",Crushed Stone,Coarse-Grained Soil: Clayey Sand with Gravel,0,,77.8,Satisfactory,rutting (L),3.0,1.009800029,0.806000006,0.907800007,1,91.2,-13.400000000000006,590.0,1.6153319644079398,77.5,181.0,0.49555099247091033,train
48-1094-1,48-1094,48-1094-1-0,48,Texas,1094,1,24/9/1991,1991,3,ACUB,Asphalt concrete over unbound base/subgrade,Rural Principal Arterial - Other,West,1,General Pavement Studies,Asphalt Concrete on Unbound Granular Base,4.728268309,250529.0,0.0,1128.27,804.6,365.0,19.89999962,0.0,7.0,153812.3,48.26000091,213.3599903,0.0,261.6199912,2,4,"Hot Mixed, Hot Laid AC, Dense Graded",Crushed Stone,Coarse-Grained Soil: Clayey Sand with Gravel,0,,77.5,Satisfactory,rutting (L),2.0,1.009800029,0.806000006,0.907800007,2,77.8,-0.29999999999999716,181.0,0.49555099247091033,76.2,559.0,1.5304585900068446,train
48-1094-1,48-1094,48-1094-1-0,48,Texas,1094,1,5/4/1993,1993,4,ACUB,Asphalt concrete over unbound base/subgrade,Rural Principal Arterial - Other,West,1,General Pavement Studies,Asphalt Concrete on Unbound Granular Base,6.258726899,295323.0,44794.0,804.2,788.17,365.0,19.39999962,0.0,14.0,159191.3,48.26000091,213.3599903,0.0,261.6199912,2,4,"Hot Mixed, Hot Laid AC, Dense Graded",Crushed Stone,Coarse-Grained Soil: Clayey Sand with Gravel,0,,76.2,Satisfactory,rutting (L),3.0,0.933000004,0.824800003,0.878999996,3,77.5,-1.2999999999999972,559.0,1.5304585900068446,98.5,897.0,2.455852156057495,train
48-1094-1,48-1094,48-1094-1-0,48,Texas,1094,1,19/9/1995,1995,5,ACUB,Asphalt concrete over unbound base/subgrade,Rural Principal Arterial - Other,West,1,General Pavement Studies,Asphalt Concrete on Unbound Granular Base,8.714579055,352653.0,57330.0,661.95,765.26,365.0,20.39999962,0.0,12.0,164896.4,48.26000091,213.3599903,0.0,261.6199912,2,4,"Hot Mixed, Hot Laid AC, Dense Graded",Crushed Stone,Coarse-Grained Soil: Clayey Sand with Gravel,0,,98.5,Good,long_trans_cracking (L),,,,,4,76.2,22.299999999999997,897.0,2.455852156057495,75.8,652.0,1.78507871321013,train
48-1094-1,48-1094,48-1094-1-0,48,Texas,1094,1,2/7/1997,1997,6,ACUB,Asphalt concrete over unbound base/subgrade,Rural Principal Arterial - Other,West,1,General Pavement Studies,Asphalt Concrete on Unbound Granular Base,10.49965777,422256.0,69603.0,898.8,917.93,365.0,19.20000076,3.0,19.0,160045.6,48.26000091,213.3599903,0.0,261.6199912,2,4,"Hot Mixed, Hot Laid AC, Dense Graded",Crushed Stone,Coarse-Grained Soil: Clayey Sand with Gravel,0,,75.8,Satisfactory,rutting (L),3.0,0.955599988,0.970200002,0.963199997,5,98.5,-22.700000000000003,652.0,1.78507871321013,73.7,373.0,1.0212183436002737,train
48-1094-2,48-1094,48-1094-2-0,48,Texas,1094,2,12/5/1999,1999,1,ACUB,Asphalt concrete over unbound base/subgrade,Rural Principal Arterial - Other,West,1,General Pavement Studies,Asphalt Concrete on Unbound Granular Base,0.657084189,61039.0,,637.61,582.98,365.0,21.39999962,0.0,6.0,169841.2,58.42000106,213.3599903,0.0,271.7799914,3,5,"Hot Mixed, Hot Laid AC, Dense Graded",Crushed Stone,Coarse-Grained Soil: Clayey Sand with Gravel,0,,65.0,Fair,rutting (M),5.0,,,,0,,,,,65.0,461.0,1.2621492128678986,train
48-1094-2,48-1094,48-1094-2-0,48,Texas,1094,2,15/8/2000,2000,2,ACUB,Asphalt concrete over unbound base/subgrade,Rural Principal Arterial - Other,West,1,General Pavement Studies,Asphalt Concrete on Unbound Granular Base,1.919233402,120145.0,59106.0,1005.63,652.03,366.0,20.89999962,1.0,17.0,164499.2,58.42000106,213.3599903,0.0,271.7799914,3,5,"Hot Mixed, Hot Laid AC, Dense Graded",Crushed Stone,Coarse-Grained Soil: Clayey Sand with Gravel,0,,65.0,Fair,rutting (M),6.0,1.071399999,1.035599983,1.053399992,1,65.0,0.0,461.0,1.2621492128678986,65.0,566.0,1.5496235455167693,train
48-1094-2,48-1094,48-1094-2-0,48,Texas,1094,2,4/3/2002,2002,3,ACUB,Asphalt concrete over unbound base/subgrade,Rural Principal Arterial - Other,West,1,General Pavement Studies,Asphalt Concrete on Unbound Granular Base,3.468856947,218456.0,98311.0,1267.09,909.57,365.0,19.70000076,0.0,14.0,159124.4,58.42000106,213.3599903,0.0,271.7799914,3,5,"Hot Mixed, Hot Laid AC, Dense Graded",Crushed Stone,Coarse-Grained Soil: Clayey Sand with Gravel,0,,65.0,Fair,rutting (M),6.0,1.283200002,1.120799994,1.201800013,2,65.0,0.0,566.0,1.5496235455167693,65.0,368.0,1.0075290896646132,train
48-1094-2,48-1094,48-1094-2-0,48,Texas,1094,2,7/3/2003,2003,4,ACUB,Asphalt concrete over unbound base/subgrade,Rural Principal Arterial - Other,West,1,General Pavement Studies,Asphalt Concrete on Unbound Granular Base,4.476386037,258418.0,39962.0,965.74,791.23,365.0,20.10000038,0.0,12.0,156676.1,58.42000106,213.3599903,0.0,271.7799914,3,5,"Hot Mixed, Hot Laid AC, Dense Graded",Crushed Stone,Coarse-Grained Soil: Clayey Sand with Gravel,0,,65.0,Fair,rutting (M),7.0,,,,3,65.0,0.0,368.0,1.0075290896646132,65.0,781.0,2.138261464750171,train
48-1094-2,48-1094,48-1094-2-0,48,Texas,1094,2,26/4/2005,2005,5,ACUB,Asphalt concrete over unbound base/subgrade,Rural Principal Arterial - Other,West,1,General Pavement Studies,Asphalt Concrete on Unbound Granular Base,6.614647502,372633.0,114215.0,680.86,634.01,365.0,20.89999962,0.0,7.0,161136.5,58.42000106,213.3599903,0.0,271.7799914,3,5,"Hot Mixed, Hot Laid AC, Dense Graded",Crushed Stone,Coarse-Grained Soil: Clayey Sand with Gravel,0,,65.0,Fair,rutting (M),6.0,1.142799997,1.026200008,1.084599996,4,65.0,0.0,781.0,2.138261464750171,39.7,273.0,0.7474332648870636,train
48-1096-1,48-1096,48-1096-1-0,48,Texas,1096,1,26/3/1991,1991,1,ACATB,Asphalt concrete over asphalt treated base/subgrade,Rural Principal Arterial - Other,West,1,General Pavement Studies,Asphalt Concrete on Unbound Granular Base,4.229979466,1101998.0,,1128.27,804.6,365.0,19.89999962,0.0,7.0,153812.3,180.3400006,205.7400097,152.4,538.4800103,4,7,Fog Seal,Crushed Stone,Fine-Grained Soils: Fat Clay with Sand,0,,38.0,Very Poor,rutting (H),10.0,,,,0,,,,,63.0,738.0,2.020533880903491,train
48-1096-3,48-1096,48-1096-3-0,48,Texas,1096,3,1/7/1997,1997,1,ACATB,Asphalt concrete over asphalt treated base/subgrade,Rural Principal Arterial - Other,West,1,General Pavement Studies,Asphalt Concrete on Unbound Granular Base,0.999315537,367008.0,,898.8,917.93,365.0,19.20000076,3.0,19.0,160045.6,187.9600009,205.7400097,152.4,546.1000106,5,8,Fog Seal,Crushed Stone,Fine-Grained Soils: Fat Clay with Sand,0,,39.9,Very Poor,rutting (H),8.0,,,,0,,,,,37.9,679.0,1.8590006844626967,train
48-1109-1,48-1109,48-1109-1-0,48,Texas,1109,1,29/5/1991,1991,1,ACATB,Asphalt concrete over asphalt treated base/subgrade,Rural Principal Arterial - Other,North,1,General Pavement Studies,Asphalt Concrete on Bound Base,4.405201916,845995.0,,1547.92,1180.01,365.0,19.10000038,0.0,13.0,137826.8,160.0200018,0.0,165.1,325.1200018,2,4,"Hot Mixed, Hot Laid AC, Dense Graded",,Fine-Grained Soils: Clay with Sand,0,,93.8,Good,long_trans_cracking (L),,,,,0,,,,,59.0,777.0,2.127310061601643,train
48-1109-1,48-1109,48-1109-1-0,48,Texas,1109,1,14/7/1993,1993,2,ACATB,Asphalt concrete over asphalt treated base/subgrade,Rural Principal Arterial - Other,North,1,General Pavement Studies,Asphalt Concrete on Bound Base,6.532511978,1001737.0,155742.0,1267.67,1139.2,365.0,18.60000038,0.0,19.0,150021.8,160.0200018,0.0,165.1,325.1200018,2,4,"Hot Mixed, Hot Laid AC, Dense Graded",,Fine-Grained Soils: Clay with Sand,0,,59.0,Fair,rutting (M),7.0,1.795799994,1.581400013,1.688599992,1,93.8,-34.8,777.0,2.127310061601643,33.4,667.0,1.8261464750171115,train
48-1109-1,48-1109,48-1109-1-0,48,Texas,1109,1,12/5/1995,1995,3,ACATB,Asphalt concrete over asphalt treated base/subgrade,Rural Principal Arterial - Other,North,1,General Pavement Studies,Asphalt Concrete on Bound Base,8.358658453,1138566.0,136829.0,1086.24,1217.03,365.0,19.60000038,0.0,17.0,156000.8,160.0200018,0.0,165.1,325.1200018,2,4,"Hot Mixed, Hot Laid AC, Dense Graded",,Fine-Grained Soils: Clay with Sand,0,,33.4,Very Poor,rutting (H),10.0,1.855200028,1.800999975,1.828200006,2,59.0,-25.6,667.0,1.8261464750171115,33.4,451.0,1.2347707049965777,train
48-1111-1,48-1111,48-1111-1-0,48,Texas,1111,1,6/11/1991,1991,1,ACUB,Asphalt concrete over unbound base/subgrade,Rural Principal Arterial - Other,East,1,General Pavement Studies,Asphalt Concrete on Unbound Granular Base,4.845995893,1235541.0,,394.3,483.9,365.0,15.60000038,10.0,75.0,168776.3,187.9599967,213.3599903,0.0,401.3199871,4,6,"Hot Mixed, Hot Laid AC, Dense Graded",Soil-Aggregate Mixture (Predominantly Coarse-Grained),Coarse-Grained Soil: Clayey Sand,0,,75.6,Satisfactory,rutting (L),3.0,,,,0,,,,,75.0,609.0,1.6673511293634498,train
48-1111-1,48-1111,48-1111-1-0,48,Texas,1111,1,7/7/1993,1993,2,ACUB,Asphalt concrete over unbound base/subgrade,Rural Principal Arterial - Other,East,1,General Pavement Studies,Asphalt Concrete on Unbound Granular Base,6.513347023,1393789.0,158248.0,356.46,468.79,365.0,15.39999962,16.0,79.0,170259.9,187.9599967,213.3599903,0.0,401.3199871,4,6,"Hot Mixed, Hot Laid AC, Dense Graded",Soil-Aggregate Mixture (Predominantly Coarse-Grained),Coarse-Grained Soil: Clayey Sand,0,,75.0,Satisfactory,rutting (L),3.0,1.752999997,1.614400029,1.684000015,1,75.6,-0.5999999999999943,609.0,1.6673511293634498,53.0,751.0,2.0561259411362083,train
48-1111-1,48-1111,48-1111-1-0,48,Texas,1111,1,28/7/1995,1995,3,ACUB,Asphalt concrete over unbound base/subgrade,Rural Principal Arterial - Other,East,1,General Pavement Studies,Asphalt Concrete on Unbound Granular Base,8.569472964,1553918.0,160129.0,516.04,439.36,365.0,16.29999924,13.0,55.0,173602.8,187.9599967,213.3599903,0.0,401.3199871,4,6,"Hot Mixed, Hot Laid AC, Dense Graded",Soil-Aggregate Mixture (Predominantly Coarse-Grained),Coarse-Grained Soil: Clayey Sand,0,,53.0,Poor,rutting (M),5.0,,,,2,75.0,-22.0,751.0,2.0561259411362083,47.3,682.0,1.8672142368240932,train
48-1111-1,48-1111,48-1111-1-0,48,Texas,1111,1,9/6/1997,1997,4,ACUB,Asphalt concrete over unbound base/subgrade,Rural Principal Arterial - Other,East,1,General Pavement Studies,Asphalt Concrete on Unbound Granular Base,10.4366872,1694825.0,140907.0,662.26,581.73,365.0,15.19999981,63.0,80.0,170272.1,187.9599967,213.3599903,0.0,401.3199871,4,6,"Hot Mixed, Hot Laid AC, Dense Graded",Soil-Aggregate Mixture (Predominantly Coarse-Grained),Coarse-Grained Soil: Clayey Sand,0,,47.3,Poor,rutting (M),4.0,1.902199984,2.7204,2.311200047,3,53.0,-5.700000000000003,682.0,1.8672142368240932,47.0,289.0,0.7912388774811773,train
48-1111-1,48-1111,48-1111-1-0,48,Texas,1111,1,25/3/1998,1998,5,ACUB,Asphalt concrete over unbound base/subgrade,Rural Principal Arterial - Other,East,1,General Pavement Studies,Asphalt Concrete on Unbound Granular Base,11.22792608,1775020.0,80195.0,192.35,416.53,365.0,17.29999924,18.0,61.0,178959.8,187.9599967,213.3599903,0.0,401.3199871,4,6,"Hot Mixed, Hot Laid AC, Dense Graded",Soil-Aggregate Mixture (Predominantly Coarse-Grained),Coarse-Grained Soil: Clayey Sand,0,,47.0,Poor,rutting (M),4.0,1.738599992,1.988599992,1.863599992,4,47.3,-0.29999999999999716,289.0,0.7912388774811773,46.8,439.0,1.2019164955509924,train
48-1113-1,48-1113,48-1113-1-0,48,Texas,1113,1,25/6/1991,1991,1,ACUB,Asphalt concrete over unbound base/subgrade,Rural Principal Arterial - Other,North,1,General Pavement Studies,Asphalt Concrete on Unbound Granular Base,4.479123888,672486.0,,1708.08,1178.05,365.0,18.0,0.0,26.0,138953.8,38.1,292.1,0.0,330.2,2,4,Chip Seal,Soil-Aggregate Mixture (Predominantly Coarse-Grained),Fine-Grained Soils: Sandy Lean Clay,0,,40.0,Poor,rutting (H),8.0,1.013199973,0.820799994,0.917000008,0,,,,,56.0,344.0,0.9418206707734429,train
48-1122-1,48-1122,48-1122-1-0,48,Texas,1122,1,16/10/1990,1990,1,ACUB,Asphalt concrete over unbound base/subgrade,Rural Principal Arterial - Other,North,1,General Pavement Studies,Asphalt Concrete on Unbound Granular Base,3.789185489,564463.0,,702.87,672.68,365.0,21.70000076,0.0,5.0,157483.6,86.36000015,396.2400097,213.3599903,695.9600002,3,6,"Hot Mixed, Hot Laid AC, Dense Graded",Soil-Aggregate Mixture (Predominantly Coarse-Grained),Coarse-Grained Soil: Clayey Sand,0,,65.0,Fair,rutting (M),6.0,1.06960001,1.047599983,1.058599997,0,,,,,65.0,160.0,0.4380561259411362,train
48-1122-1,48-1122,48-1122-1-0,48,Texas,1122,1,25/3/1991,1991,2,ACUB,Asphalt concrete over unbound base/subgrade,Rural Principal Arterial - Other,North,1,General Pavement Studies,Asphalt Concrete on Unbound Granular Base,4.227241615,594336.0,29873.0,1108.81,707.96,365.0,21.10000038,0.0,5.0,150367.8,86.36000015,396.2400097,213.3599903,695.9600002,3,6,"Hot Mixed, Hot Laid AC, Dense Graded",Soil-Aggregate Mixture (Predominantly Coarse-Grained),Coarse-Grained Soil: Clayey Sand,0,,65.0,Fair,rutting (M),6.0,1.06960001,1.047599983,1.058599997,1,65.0,0.0,160.0,0.4380561259411362,100.0,156.0,0.4271047227926078,train
48-1122-1,48-1122,48-1122-1-0,48,Texas,1122,1,28/8/1991,1991,3,ACUB,Asphalt concrete over unbound base/subgrade,Rural Principal Arterial - Other,North,1,General Pavement Studies,Asphalt Concrete on Unbound Granular Base,4.654346338,594336.0,0.0,1108.81,707.96,365.0,21.10000038,0.0,5.0,150367.8,86.36000015,396.2400097,213.3599903,695.9600002,3,6,"Hot Mixed, Hot Laid AC, Dense Graded",Soil-Aggregate Mixture (Predominantly Coarse-Grained),Coarse-Grained Soil: Clayey Sand,0,,100.0,Good,,,1.06960001,1.047599983,1.058599997,2,65.0,35.0,156.0,0.4271047227926078,65.0,583.0,1.596167008898015,train
48-1122-1,48-1122,48-1122-1-0,48,Texas,1122,1,2/4/1993,1993,4,ACUB,Asphalt concrete over unbound base/subgrade,Rural Principal Arterial - Other,North,1,General Pavement Studies,Asphalt Concrete on Unbound Granular Base,6.250513347,664495.0,70159.0,928.28,712.35,365.0,20.60000038,0.0,11.0,156736.7,86.36000015,396.2400097,213.3599903,695.9600002,3,6,"Hot Mixed, Hot Laid AC, Dense Graded",Soil-Aggregate Mixture (Predominantly Coarse-Grained),Coarse-Grained Soil: Clayey Sand,0,,65.0,Fair,rutting (M),5.0,0.955199981,1.073799992,1.014600015,3,100.0,-35.0,583.0,1.596167008898015,64.8,556.0,1.5222450376454484,train
48-1122-1,48-1122,48-1122-1-0,48,Texas,1122,1,10/10/1994,1994,5,ACUB,Asphalt concrete over unbound base/subgrade,Rural Principal Arterial - Other,North,1,General Pavement Studies,Asphalt Concrete on Unbound Granular Base,7.772758385,698304.0,33809.0,931.36,760.76,365.0,21.39999962,0.0,8.0,155796.3,86.36000015,396.2400097,213.3599903,695.9600002,3,6,"Hot Mixed, Hot Laid AC, Dense Graded",Soil-Aggregate Mixture (Predominantly Coarse-Grained),Coarse-Grained Soil: Clayey Sand,0,,64.8,Fair,rutting (M),7.0,1.033199978,1.197599959,1.115400004,4,65.0,-0.20000000000000284,556.0,1.5222450376454484,64.7,165.0,0.4517453798767967,train
48-1122-1,48-1122,48-1122-1-0,48,Texas,1122,1,24/3/1995,1995,6,ACUB,Asphalt concrete over unbound base/subgrade,Rural Principal Arterial - Other,North,1,General Pavement Studies,Asphalt Concrete on Unbound Granular Base,8.224503765,729238.0,30934.0,671.82,653.72,365.0,21.70000076,0.0,6.0,163795.7,86.36000015,396.2400097,213.3599903,695.9600002,3,6,"Hot Mixed, Hot Laid AC, Dense Graded",Soil-Aggregate Mixture (Predominantly Coarse-Grained),Coarse-Grained Soil: Clayey Sand,0,,64.7,Fair,rutting (M),7.0,1.032400012,1.199600005,1.116000009,5,64.8,-0.09999999999999432,165.0,0.4517453798767967,64.7,10.0,0.02737850787132101,train
48-1122-1,48-1122,48-1122-1-0,48,Texas,1122,1,3/4/1995,1995,7,ACUB,Asphalt concrete over unbound base/subgrade,Rural Principal Arterial - Other,North,1,General Pavement Studies,Asphalt Concrete on Unbound Granular Base,8.251882272,729238.0,0.0,671.82,653.72,365.0,21.70000076,0.0,6.0,163795.7,86.36000015,396.2400097,213.3599903,695.9600002,3,6,"Hot Mixed, Hot Laid AC, Dense Graded",Soil-Aggregate Mixture (Predominantly Coarse-Grained),Coarse-Grained Soil: Clayey Sand,0,,64.7,Fair,rutting (M),7.0,1.032400012,1.199600005,1.116000009,6,64.7,0.0,10.0,0.02737850787132101,64.7,71.0,0.1943874058863792,train
48-1122-1,48-1122,48-1122-1-0,48,Texas,1122,1,13/6/1995,1995,8,ACUB,Asphalt concrete over unbound base/subgrade,Rural Principal Arterial - Other,North,1,General Pavement Studies,Asphalt Concrete on Unbound Granular Base,8.446269678,729238.0,0.0,671.82,653.72,365.0,21.70000076,0.0,6.0,163795.7,86.36000015,396.2400097,213.3599903,695.9600002,3,6,"Hot Mixed, Hot Laid AC, Dense Graded",Soil-Aggregate Mixture (Predominantly Coarse-Grained),Coarse-Grained Soil: Clayey Sand,0,,64.7,Fair,rutting (M),5.0,1.046399999,1.303600001,1.174799991,7,64.7,0.0,71.0,0.1943874058863792,64.7,751.0,2.0561259411362083,train
48-1122-1,48-1122,48-1122-1-0,48,Texas,1122,1,3/7/1997,1997,9,ACUB,Asphalt concrete over unbound base/subgrade,Rural Principal Arterial - Other,North,1,General Pavement Studies,Asphalt Concrete on Unbound Granular Base,10.50239562,842232.0,112994.0,1173.24,819.81,365.0,20.5,0.0,18.0,157554.5,86.36000015,396.2400097,213.3599903,695.9600002,3,6,"Hot Mixed, Hot Laid AC, Dense Graded",Soil-Aggregate Mixture (Predominantly Coarse-Grained),Coarse-Grained Soil: Clayey Sand,0,,64.7,Fair,rutting (M),5.0,0.997399986,1.254999995,1.126200008,8,64.7,0.0,751.0,2.0561259411362083,65.0,12.0,0.03285420944558522,train
48-1122-1,48-1122,48-1122-1-0,48,Texas,1122,1,15/7/1997,1997,10,ACUB,Asphalt concrete over unbound base/subgrade,Rural Principal Arterial - Other,North,1,General Pavement Studies,Asphalt Concrete on Unbound Granular Base,10.53524983,842232.0,0.0,1173.24,819.81,365.0,20.5,0.0,18.0,157554.5,86.36000015,396.2400097,213.3599903,695.9600002,3,6,"Hot Mixed, Hot Laid AC, Dense Graded",Soil-Aggregate Mixture (Predominantly Coarse-Grained),Coarse-Grained Soil: Clayey Sand,0,,65.0,Fair,rutting (M),5.0,0.997399986,1.254999995,1.126200008,9,64.7,0.29999999999999716,12.0,0.03285420944558522,64.7,76.0,0.2080766598220397,train
48-1122-1,48-1122,48-1122-1-0,48,Texas,1122,1,29/9/1997,1997,11,ACUB,Asphalt concrete over unbound base/subgrade,Rural Principal Arterial - Other,North,1,General Pavement Studies,Asphalt Concrete on Unbound Granular Base,10.74332649,842232.0,0.0,1173.24,819.81,365.0,20.5,0.0,18.0,157554.5,86.36000015,396.2400097,213.3599903,695.9600002,3,6,"Hot Mixed, Hot Laid AC, Dense Graded",Soil-Aggregate Mixture (Predominantly Coarse-Grained),Coarse-Grained Soil: Clayey Sand,0,,64.7,Fair,rutting (M),5.0,0.969599998,1.248400021,1.109400034,10,65.0,-0.29999999999999716,76.0,0.2080766598220397,64.6,590.0,1.6153319644079398,train
48-1122-1,48-1122,48-1122-1-0,48,Texas,1122,1,12/5/1999,1999,12,ACUB,Asphalt concrete over unbound base/subgrade,Rural Principal Arterial - Other,North,1,General Pavement Studies,Asphalt Concrete on Unbound Granular Base,12.35865845,956581.0,114349.0,743.08,519.87,365.0,22.60000038,0.0,5.0,167927.8,86.36000015,396.2400097,213.3599903,695.9600002,3,6,"Hot Mixed, Hot Laid AC, Dense Graded",Soil-Aggregate Mixture (Predominantly Coarse-Grained),Coarse-Grained Soil: Clayey Sand,0,,64.6,Fair,rutting (M),6.0,,,,11,64.7,-0.10000000000000853,590.0,1.6153319644079398,63.8,259.0,0.7091033538672142,train
48-1122-1,48-1122,48-1122-1-0,48,Texas,1122,1,26/1/2000,2000,13,ACUB,Asphalt concrete over unbound base/subgrade,Rural Principal Arterial - Other,North,1,General Pavement Studies,Asphalt Concrete on Unbound Granular Base,13.06776181,1018069.0,61488.0,905.32,617.9,366.0,22.10000038,0.0,11.0,162731.3,86.36000015,396.2400097,213.3599903,695.9600002,3,6,"Hot Mixed, Hot Laid AC, Dense Graded",Soil-Aggregate Mixture (Predominantly Coarse-Grained),Coarse-Grained Soil: Clayey Sand,0,,63.8,Fair,rutting (M),6.0,1.046399999,1.311599994,1.179200006,12,64.6,-0.7999999999999972,259.0,0.7091033538672142,63.0,770.0,2.108145106091718,train
48-1122-2,48-1122,48-1122-2-0,48,Texas,1122,2,17/6/2003,2003,1,ACUB,Asphalt concrete over unbound base/subgrade,Rural Principal Arterial - Other,North,1,General Pavement Studies,Asphalt Concrete on Unbound Granular Base,0.922655715,102229.0,,1016.25,793.41,365.0,21.10000038,0.0,6.0,154871.5,93.98000045,396.2400097,213.3599903,703.5800005,4,7,"Hot Mixed, Hot Laid AC, Dense Graded",Soil-Aggregate Mixture (Predominantly Coarse-Grained),Coarse-Grained Soil: Clayey Sand,0,,65.0,Fair,rutting (M),7.0,1.25999999,1.372799993,1.316600013,0,,,,,65.0,678.0,1.8562628336755647,train
48-1123-2,48-1123,48-1123-2-0,48,Texas,1123,2,28/3/1991,1991,1,ACUB,Asphalt concrete over unbound base/subgrade,Rural Principal Arterial - Interstate,East,4,General Pavement Studies,Asphalt Concrete on Unbound Granular Base,2.570841889,804895.0,,967.38,764.43,365.0,18.20000076,0.0,24.0,157958.2,114.3000008,419.1,0.0,533.4000008,4,6,"Hot Mixed, Hot Laid AC, Dense Graded",Crushed Stone,Rock,0,,78.5,Satisfactory,rutting (L),3.0,0.867399991,0.730800009,0.799199998,0,,,,,75.9,357.0,0.9774127310061602,test
48-1123-2,48-1123,48-1123-2-0,48,Texas,1123,2,19/3/1992,1992,2,ACUB,Asphalt concrete over unbound base/subgrade,Rural Principal Arterial - Interstate,East,4,General Pavement Studies,Asphalt Concrete on Unbound Granular Base,3.54825462,1020998.0,216103.0,996.85,1040.18,366.0,17.60000038,0.0,22.0,161440.0,114.3000008,419.1,0.0,533.4000008,4,6,"Hot Mixed, Hot Laid AC, Dense Graded",Crushed Stone,Rock,0,,75.9,Satisfactory,rutting (L),3.0,0.983399999,0.853799999,0.918400013,1,78.5,-2.5999999999999943,357.0,0.9774127310061602,75.9,383.0,1.0485968514715949,test
48-1168-1,48-1168,48-1168-1-0,48,Texas,1168,1,24/6/1991,1991,1,ACUB,Asphalt concrete over unbound base/subgrade,Rural Minor Collector,South,1,General Pavement Studies,Asphalt Concrete on Unbound Granular Base,4.476386037,13404.0,,1439.81,1095.73,365.0,17.89999962,0.0,28.0,141283.5,30.48000045,264.1599903,0.0,294.6399908,2,4,Chip Seal,Soil-Aggregate Mixture (Predominantly Coarse-Grained),Coarse-Grained Soil: Silty Sand,0,,59.9,Fair,rutting (M),5.0,1.254799986,0.990799987,1.122800016,0,,,,,55.9,780.0,2.135523613963039,train
48-1168-1,48-1168,48-1168-1-0,48,Texas,1168,1,12/8/1993,1993,2,ACUB,Asphalt concrete over unbound base/subgrade,Rural Minor Collector,South,1,General Pavement Studies,Asphalt Concrete on Unbound Granular Base,6.611909651,20944.0,7540.0,1180.53,1010.65,365.0,17.39999962,0.0,38.0,151570.0,30.48000045,264.1599903,0.0,294.6399908,2,4,Chip Seal,Soil-Aggregate Mixture (Predominantly Coarse-Grained),Coarse-Grained Soil: Silty Sand,0,,55.9,Fair,rutting (M),5.0,1.320600009,1.046200013,1.183399987,1,59.9,-4.0,780.0,2.135523613963039,30.0,707.0,1.9356605065023955,train
48-1168-1,48-1168,48-1168-1-0,48,Texas,1168,1,20/7/1995,1995,3,ACUB,Asphalt concrete over unbound base/subgrade,Rural Minor Collector,South,1,General Pavement Studies,Asphalt Concrete on Unbound Granular Base,8.547570157,32813.0,11869.0,854.78,1045.83,365.0,18.5,2.0,40.0,155319.1,30.48000045,264.1599903,0.0,294.6399908,2,4,Chip Seal,Soil-Aggregate Mixture (Predominantly Coarse-Grained),Coarse-Grained Soil: Silty Sand,0,,30.0,Very Poor,rutting (H),8.0,1.638600016,1.298799992,1.468599987,2,55.9,-25.9,707.0,1.9356605065023955,21.4,727.0,1.9904175222450375,train
48-1168-4,48-1168,48-1168-4-0,48,Texas,1168,4,18/4/2005,2005,1,ACUB,Asphalt concrete over unbound base/subgrade,Rural Minor Collector,South,1,General Pavement Studies,Asphalt Concrete on Unbound Granular Base,0.925393566,10234.0,,633.64,745.26,365.0,19.39999962,5.0,22.0,157562.5,43.18000045,264.1599903,0.0,307.3399908,3,5,Chip Seal,Soil-Aggregate Mixture (Predominantly Coarse-Grained),Coarse-Grained Soil: Silty Sand,1,338.0,17.9,Serious,rutting (H),14.0,2.219999981,2.233799934,2.226800013,0,,,,,17.8,204.0,0.5585215605749486,train
48-1169-1,48-1169,48-1169-1-0,48,Texas,1169,1,16/1/1991,1991,1,ACUB,Asphalt concrete over unbound base/subgrade,Rural Minor Arterial,North,1,General Pavement Studies,Asphalt Concrete on Unbound Granular Base,4.041067762,1194317.0,,1708.08,1178.05,365.0,18.0,0.0,26.0,138953.8,48.26000091,287.0200048,0.0,335.2800058,3,5,Chip Seal,Fine-Grained Soils,Coarse-Grained Soils: Poorly Graded Sand,0,,38.0,Very Poor,rutting (H),8.0,1.430800033,1.252400017,1.341600013,0,,,,,40.0,160.0,0.4380561259411362,test
48-1169-1,48-1169,48-1169-1-0,48,Texas,1169,1,25/6/1991,1991,2,ACUB,Asphalt concrete over unbound base/subgrade,Rural Minor Arterial,North,1,General Pavement Studies,Asphalt Concrete on Unbound Granular Base,4.479123888,1194317.0,0.0,1708.08,1178.05,365.0,18.0,0.0,26.0,138953.8,48.26000091,287.0200048,0.0,335.2800058,3,5,Chip Seal,Fine-Grained Soils,Coarse-Grained Soils: Poorly Graded Sand,0,,40.0,Poor,rutting (H),8.0,1.430800033,1.252400017,1.341600013,1,38.0,2.0,160.0,0.4380561259411362,38.8,778.0,2.130047912388775,test
48-1169-1,48-1169,48-1169-1-0,48,Texas,1169,1,11/8/1993,1993,3,ACUB,Asphalt concrete over unbound base/subgrade,Rural Minor Arterial,North,1,General Pavement Studies,Asphalt Concrete on Unbound Granular Base,6.6091718,1274027.0,79710.0,1381.69,1044.29,365.0,17.60000038,1.0,35.0,150284.4,48.26000091,287.0200048,0.0,335.2800058,3,5,Chip Seal,Fine-Grained Soils,Coarse-Grained Soils: Poorly Graded Sand,0,,38.8,Very Poor,rutting (H),9.0,1.512200022,1.28840003,1.400199986,2,40.0,-1.2000000000000028,778.0,2.130047912388775,38.0,707.0,1.9356605065023955,test
48-1169-1,48-1169,48-1169-1-0,48,Texas,1169,1,19/7/1995,1995,4,ACUB,Asphalt concrete over unbound base/subgrade,Rural Minor Arterial,North,1,General Pavement Studies,Asphalt Concrete on Unbound Granular Base,8.544832307,1353376.0,79349.0,1041.5,1036.47,365.0,18.79999924,0.0,33.0,154780.4,48.26000091,287.0200048,0.0,335.2800058,3,5,Chip Seal,Fine-Grained Soils,Coarse-Grained Soils: Poorly Graded Sand,0,,38.0,Very Poor,rutting (H),13.0,,,,3,38.8,-0.7999999999999972,707.0,1.9356605065023955,38.0,727.0,1.9904175222450375,test
48-1169-1,48-1169,48-1169-1-0,48,Texas,1169,1,15/7/1997,1997,5,ACUB,Asphalt concrete over unbound base/subgrade,Rural Minor Arterial,North,1,General Pavement Studies,Asphalt Concrete on Unbound Granular Base,10.53524983,1447652.0,94276.0,1545.78,1138.21,365.0,17.70000076,9.0,32.0,153619.7,48.26000091,287.0200048,0.0,335.2800058,3,5,Chip Seal,Fine-Grained Soils,Coarse-Grained Soils: Poorly Graded Sand,0,,38.0,Very Poor,rutting (H),12.0,2.633599997,2.043199968,2.338199997,4,38.0,0.0,727.0,1.9904175222450375,32.7,681.0,1.864476386036961,test
48-1169-2,48-1169,48-1169-2-0,48,Texas,1169,2,13/7/2000,2000,1,ACUB,Asphalt concrete over unbound base/subgrade,Rural Minor Arterial,North,1,General Pavement Studies,Asphalt Concrete on Unbound Granular Base,0.161533196,29322.0,,1161.57,864.24,366.0,19.10000038,10.0,34.0,159024.5,58.42000106,287.0200048,0.0,345.4400059,4,6,Chip Seal,Fine-Grained Soils,Coarse-Grained Soils: Poorly Graded Sand,0,,62.5,Fair,rutting (M),7.0,,,,0,,,,,40.0,643.0,1.7604380561259412,test
48-1169-2,48-1169,48-1169-2-0,48,Texas,1169,2,17/4/2002,2002,2,ACUB,Asphalt concrete over unbound base/subgrade,Rural Minor Arterial,North,1,General Pavement Studies,Asphalt Concrete on Unbound Granular Base,1.921971253,139408.0,110086.0,1229.99,965.94,365.0,18.5,6.0,36.0,150339.3,58.42000106,287.0200048,0.0,345.4400059,4,6,Chip Seal,Fine-Grained Soils,Coarse-Grained Soils: Poorly Graded Sand,0,,40.0,Poor,rutting (H),10.0,1.304799986,1.400799966,1.352800035,1,62.5,-22.5,643.0,1.7604380561259412,38.0,223.0,0.6105407255304586,test
48-1174-1,48-1174,48-1174-1-0,48,Texas,1174,1,10/4/1991,1991,1,ACUB,Asphalt concrete over unbound base/subgrade,Rural Principal Arterial - Other,East,1,General Pavement Studies,Asphalt Concrete on Unbound Granular Base,4.271047228,1347006.0,,971.03,648.94,365.0,22.39999962,0.0,0.0,152048.0,116.8400006,337.8200048,0.0,454.6600055,2,4,"Hot Mixed, Hot Laid AC, Dense Graded",Soil-Aggregate Mixture (Predominantly Coarse-Grained),Fine-Grained Soils: Sandy Clay,0,,24.7,Serious,rutting (H),11.0,1.206400013,1.150600004,1.178600001,0,,,,,25.2,351.0,0.9609856262833676,train
48-1174-1,48-1174,48-1174-1-0,48,Texas,1174,1,26/3/1992,1992,2,ACUB,Asphalt concrete over unbound base/subgrade,Rural Principal Arterial - Other,East,1,General Pavement Studies,Asphalt Concrete on Unbound Granular Base,5.232032854,1417791.0,70785.0,808.27,854.78,366.0,21.70000076,0.0,2.0,153848.5,116.8400006,337.8200048,0.0,454.6600055,2,4,"Hot Mixed, Hot Laid AC, Dense Graded",Soil-Aggregate Mixture (Predominantly Coarse-Grained),Fine-Grained Soils: Sandy Clay,0,,25.2,Very Poor,rutting (H),8.0,1.526799989,1.116199994,1.321600008,1,24.7,0.5,351.0,0.9609856262833676,23.2,370.0,1.0130047912388775,train
48-1174-2,48-1174,48-1174-2-0,48,Texas,1174,2,21/3/1995,1995,1,ACUB,Asphalt concrete over unbound base/subgrade,Rural Principal Arterial - Other,East,1,General Pavement Studies,Asphalt Concrete on Unbound Granular Base,0.019164956,54143.0,,545.91,703.68,365.0,22.60000038,0.0,2.0,164792.1,116.8400006,335.2799952,0.0,452.1199958,2,4,"Hot Mixed, Hot Laid AC, Dense Graded",Soil-Aggregate Mixture (Predominantly Coarse-Grained),Fine-Grained Soils: Sandy Clay,0,,71.9,Satisfactory,bleeding (M),,,,,0,,,,,23.0,297.0,0.813141683778234,train
48-1174-2,48-1174,48-1174-2-0,48,Texas,1174,2,12/1/1996,1996,2,ACUB,Asphalt concrete over unbound base/subgrade,Rural Principal Arterial - Other,East,1,General Pavement Studies,Asphalt Concrete on Unbound Granular Base,0.832306639,120379.0,66236.0,684.5,460.72,366.0,22.60000038,0.0,12.0,167408.4,116.8400006,335.2799952,0.0,452.1199958,2,4,"Hot Mixed, Hot Laid AC, Dense Graded",Soil-Aggregate Mixture (Predominantly Coarse-Grained),Fine-Grained Soils: Sandy Clay,0,,23.0,Serious,rutting (H),15.0,,,,1,71.9,-48.900000000000006,297.0,0.813141683778234,71.0,466.0,1.2758384668035592,train
48-1174-2,48-1174,48-1174-2-0,48,Texas,1174,2,22/4/1997,1997,3,ACUB,Asphalt concrete over unbound base/subgrade,Rural Principal Arterial - Other,East,1,General Pavement Studies,Asphalt Concrete on Unbound Granular Base,2.108145106,197159.0,76780.0,1070.63,717.59,365.0,21.70000076,0.0,7.0,157605.2,116.8400006,335.2799952,0.0,452.1199958,2,4,"Hot Mixed, Hot Laid AC, Dense Graded",Soil-Aggregate Mixture (Predominantly Coarse-Grained),Fine-Grained Soils: Sandy Clay,0,,71.0,Satisfactory,bleeding (M),,,,,2,23.0,48.0,466.0,1.2758384668035592,21.4,332.0,0.9089664613278576,train
48-1178-2,48-1178,48-1178-2-0,48,Texas,1178,2,28/5/1991,1991,1,ACATB,Asphalt concrete over asphalt treated base/subgrade,Rural Principal Arterial - Other,North,1,General Pavement Studies,Asphalt Concrete on Unbound Granular Base,0.158795346,59356.0,,1410.46,993.11,365.0,19.29999924,0.0,14.0,143739.3,215.9,274.3200048,114.3,604.5200048,2,5,"Hot Mixed, Hot Laid AC, Dense Graded",Soil-Aggregate Mixture (Predominantly Coarse-Grained),Fine-Grained Soils: Lean Clay with Sand,0,,91.9,Good,long_trans_cracking (L),,,,,0,,,,,57.7,777.0,2.127310061601643,test
48-1178-2,48-1178,48-1178-2-0,48,Texas,1178,2,13/7/1993,1993,2,ACATB,Asphalt concrete over asphalt treated base/subgrade,Rural Principal Arterial - Other,North,1,General Pavement Studies,Asphalt Concrete on Unbound Granular Base,2.286105407,228067.0,168711.0,1084.47,947.54,365.0,18.79999924,0.0,21.0,154751.0,215.9,274.3200048,114.3,604.5200048,2,5,"Hot Mixed, Hot Laid AC, Dense Graded",Soil-Aggregate Mixture (Predominantly Coarse-Grained),Fine-Grained Soils: Lean Clay with Sand,0,,57.7,Fair,rutting (M),4.0,3.266400051,2.991599989,3.129000044,1,91.9,-34.2,777.0,2.127310061601643,57.5,612.0,1.675564681724846,test
48-1181-1,48-1181,48-1181-1-0,48,Texas,1181,1,11/4/1991,1991,1,ACATB,Asphalt concrete over asphalt treated base/subgrade,Rural Principal Arterial - Interstate,North,1,General Pavement Studies,Asphalt Concrete on Unbound Granular Base,4.273785079,2368204.0,,1007.27,658.58,365.0,21.89999962,0.0,3.0,150753.9,175.2600055,243.8400097,149.8600024,568.9600176,4,7,Chip Seal,Soil-Aggregate Mixture (Predominantly Coarse-Grained),Fine-Grained Soils: Sandy Lean Clay,0,,34.1,Very Poor,rutting (H),10.0,1.583399987,1.726600003,1.655200005,0,,,,,34.6,721.0,1.9739904175222451,train
48-1181-1,48-1181,48-1181-1-0,48,Texas,1181,1,1/4/1993,1993,2,ACATB,Asphalt concrete over asphalt treated base/subgrade,Rural Principal Arterial - Interstate,North,1,General Pavement Studies,Asphalt Concrete on Unbound Granular Base,6.247775496,2887106.0,518902.0,903.26,603.76,365.0,21.5,0.0,6.0,155796.3,175.2600055,243.8400097,149.8600024,568.9600176,4,7,Chip Seal,Soil-Aggregate Mixture (Predominantly Coarse-Grained),Fine-Grained Soils: Sandy Lean Clay,0,,34.6,Very Poor,rutting (H),9.0,1.8954,1.892000008,1.893799996,1,34.1,0.5,721.0,1.9739904175222451,34.6,718.0,1.9657768651608487,train
48-1181-1,48-1181,48-1181-1-0,48,Texas,1181,1,20/3/1995,1995,3,ACATB,Asphalt concrete over asphalt treated base/subgrade,Rural Principal Arterial - Interstate,North,1,General Pavement Studies,Asphalt Concrete on Unbound Granular Base,8.213552361,3481567.0,594461.0,575.2,625.1,365.0,22.39999962,0.0,3.0,164326.8,175.2600055,243.8400097,149.8600024,568.9600176,4,7,Chip Seal,Soil-Aggregate Mixture (Predominantly Coarse-Grained),Fine-Grained Soils: Sandy Lean Clay,0,,34.6,Very Poor,rutting (H),13.0,2.26779995,2.418199968,2.342799997,2,34.6,0.0,718.0,1.9657768651608487,86.0,764.0,2.0917180013689256,train
48-1181-1,48-1181,48-1181-1-0,48,Texas,1181,1,22/4/1997,1997,4,ACATB,Asphalt concrete over asphalt treated base/subgrade,Rural Principal Arterial - Interstate,North,1,General Pavement Studies,Asphalt Concrete on Unbound Granular Base,10.30527036,4207309.0,725742.0,1063.17,752.16,365.0,21.20000076,0.0,13.0,157531.3,175.2600055,243.8400097,149.8600024,568.9600176,4,7,Chip Seal,Soil-Aggregate Mixture (Predominantly Coarse-Grained),Fine-Grained Soils: Sandy Lean Clay,0,,86.0,Good,long_trans_cracking (L),,,,,3,34.6,51.4,764.0,2.0917180013689256,33.0,715.0,1.9575633127994525,train
48-1183-4,48-1183,48-1183-4-0,48,Texas,1183,4,6/7/1993,1993,1,ACUB,Asphalt concrete over unbound base/subgrade,Rural Principal Arterial - Other,West,1,General Pavement Studies,Asphalt Concrete on Unbound Granular Base,1.431895962,218912.0,,443.56,482.24,365.0,16.0,20.0,73.0,168092.8,144.780002,213.3599903,0.0,358.1399923,3,5,"Hot Mixed, Hot Laid AC, Dense Graded",Fine-Grained Soils,Fine-Grained Soils: Sandy Lean Clay,1,487.0,52.0,Poor,rutting (M),5.0,,,,0,,,,,72.1,279.0,0.7638603696098563,train
48-2108-1,48-2108,48-2108-1-0,48,Texas,2108,1,7/7/1991,1991,1,ACATB,Asphalt concrete over asphalt treated base/subgrade,Rural Principal Arterial - Other,North,1,General Pavement Studies,Asphalt Concrete on Bound Base,4.511978097,249267.0,,1203.2,1254.31,365.0,20.79999924,0.0,0.0,133326.0,76.2,360.6799952,165.1,601.9799952,1,5,"Hot Mixed, Hot Laid AC, Dense Graded",Cement Aggregate Mixture,Fine-Grained Soils: Lean Clay with Sand,0,,58.6,Fair,rutting (M),6.0,1.826599979,1.2454,1.536200023,0,,,,,57.8,660.0,1.8069815195071868,train
48-2108-2,48-2108,48-2108-2-0,48,Texas,2108,2,17/8/1994,1994,1,ACATB,Asphalt concrete over asphalt treated base/subgrade,Rural Principal Arterial - Other,North,1,General Pavement Studies,Asphalt Concrete on Bound Base,0.153319644,30248.0,,1323.41,1158.68,365.0,21.0,0.0,2.0,142375.3,76.2,360.6799952,165.1,601.9799952,1,5,"Hot Mixed, Hot Laid AC, Dense Graded",Cement Aggregate Mixture,Fine-Grained Soils: Lean Clay with Sand,1,56.0,74.7,Satisfactory,long_trans_cracking (M),,1.868599987,1.429999971,1.64920001,0,,,,,44.4,293.0,0.8021902806297057,train
48-2108-3,48-2108,48-2108-3-0,48,Texas,2108,3,12/5/1998,1998,1,ACATB,Asphalt concrete over asphalt treated base/subgrade,Rural Principal Arterial - Other,North,1,General Pavement Studies,Asphalt Concrete on Bound Base,2.778918549,142179.0,,1240.13,1143.27,365.0,21.79999924,0.0,0.0,156815.1,76.2,360.6799952,165.1,601.9799952,1,5,"Hot Mixed, Hot Laid AC, Dense Graded",Cement Aggregate Mixture,Fine-Grained Soils: Lean Clay with Sand,1,1015.0,40.8,Poor,rutting (M),4.0,1.822600031,1.616400003,1.719199991,0,,,,,33.4,371.0,1.0157426420260096,train
48-2108-4,48-2108,48-2108-4-0,48,Texas,2108,4,6/5/2002,2002,1,ACATB,Asphalt concrete over asphalt treated base/subgrade,Rural Principal Arterial - Other,North,1,General Pavement Studies,Asphalt Concrete on Bound Base,1.637234771,117753.0,,1347.16,1205.47,365.0,20.89999962,0.0,4.0,149225.3,76.2,360.6799952,165.1,601.9799952,1,5,"Hot Mixed, Hot Laid AC, Dense Graded",Cement Aggregate Mixture,Fine-Grained Soils: Lean Clay with Sand,0,,55.6,Fair,rutting (M),4.0,2.02280004,1.725999999,1.874399996,0,,,,,56.3,193.0,0.5284052019164955,train
48-2133-1,48-2133,48-2133-1-0,48,Texas,2133,1,15/7/1991,1991,1,ACATB,Asphalt concrete over asphalt treated base/subgrade,Rural Minor Arterial,South,1,General Pavement Studies,Asphalt Concrete on Bound Base,4.533880903,773505.0,,1410.16,885.34,365.0,18.89999962,0.0,23.0,147072.8,55.88000121,101.6,497.8399855,655.3199867,2,6,Chip Seal,"Dense Graded, Cold Laid, Mixed In-Place",Fine-Grained Soils: Fat Inorganic Clay,0,,100.0,Good,,,0.881599987,0.81960001,0.850600004,0,,,,,82.9,669.0,1.8316221765913758,test
48-2133-1,48-2133,48-2133-1-0,48,Texas,2133,1,14/5/1993,1993,2,ACATB,Asphalt concrete over asphalt treated base/subgrade,Rural Minor Arterial,South,1,General Pavement Studies,Asphalt Concrete on Bound Base,6.36550308,873624.0,100119.0,847.39,876.74,365.0,18.39999962,0.0,26.0,157868.8,55.88000121,101.6,497.8399855,655.3199867,2,6,Chip Seal,"Dense Graded, Cold Laid, Mixed In-Place",Fine-Grained Soils: Fat Inorganic Clay,0,,82.9,Satisfactory,rutting (L),3.0,0.863,0.816200006,0.839600003,1,100.0,-17.099999999999994,669.0,1.8316221765913758,60.3,710.0,1.943874058863792,test
48-2133-1,48-2133,48-2133-1-0,48,Texas,2133,1,24/4/1995,1995,3,ACATB,Asphalt concrete over asphalt treated base/subgrade,Rural Minor Arterial,South,1,General Pavement Studies,Asphalt Concrete on Bound Base,8.309377139,1009463.0,135839.0,998.06,876.05,365.0,19.39999962,0.0,21.0,160275.7,55.88000121,101.6,497.8399855,655.3199867,2,6,Chip Seal,"Dense Graded, Cold Laid, Mixed In-Place",Fine-Grained Soils: Fat Inorganic Clay,0,,60.3,Fair,rutting (M),5.0,0.846600008,0.831800008,0.839199996,2,82.9,-22.60000000000001,710.0,1.943874058863792,75.3,745.0,2.0396988364134154,test
48-2133-1,48-2133,48-2133-1-0,48,Texas,2133,1,8/5/1997,1997,4,ACATB,Asphalt concrete over asphalt treated base/subgrade,Rural Minor Arterial,South,1,General Pavement Studies,Asphalt Concrete on Bound Base,10.34907598,1196605.0,187142.0,1063.93,930.27,365.0,18.60000038,8.0,29.0,159611.7,55.88000121,101.6,497.8399855,655.3199867,2,6,Chip Seal,"Dense Graded, Cold Laid, Mixed In-Place",Fine-Grained Soils: Fat Inorganic Clay,0,,75.3,Satisfactory,rutting (L),3.0,,,,3,60.3,15.0,745.0,2.0396988364134154,53.4,733.0,2.00684462696783,test
48-2133-2,48-2133,48-2133-2-0,48,Texas,2133,2,13/12/2001,2001,1,ACATB,Asphalt concrete over asphalt treated base/subgrade,Rural Minor Arterial,South,1,General Pavement Studies,Asphalt Concrete on Bound Base,1.360711841,181718.0,,1089.75,914.97,365.0,19.29999924,1.0,21.0,157805.6,63.50000151,101.6,497.8399855,662.939987,3,7,Chip Seal,"Dense Graded, Cold Laid, Mixed In-Place",Fine-Grained Soils: Fat Inorganic Clay,0,,65.0,Fair,rutting (M),7.0,,,,0,,,,,65.0,911.0,2.4941820670773445,test
48-2133-2,48-2133,48-2133-2-0,48,Texas,2133,2,11/6/2004,2004,2,ACATB,Asphalt concrete over asphalt treated base/subgrade,Rural Minor Arterial,South,1,General Pavement Studies,Asphalt Concrete on Bound Base,3.854893908,601495.0,419777.0,1089.41,943.05,366.0,19.39999962,2.0,25.0,153052.3,63.50000151,101.6,497.8399855,662.939987,3,7,Chip Seal,"Dense Graded, Cold Laid, Mixed In-Place",Fine-Grained Soils: Fat Inorganic Clay,0,,65.0,Fair,rutting (M),7.0,2.037799978,2.658200026,2.348199987,1,65.0,0.0,911.0,2.4941820670773445,37.0,258.0,0.7063655030800822,test
48-2172-3,48-2172,48-2172-3-0,48,Texas,2172,3,31/5/1991,1991,1,ACATB,Asphalt concrete over asphalt treated base/subgrade,Rural Principal Arterial - Interstate,West,1,General Pavement Studies,Asphalt Concrete on Bound Base,0.260095825,304164.0,,468.22,566.08,365.0,17.10000038,2.0,54.0,165823.4,289.5599994,172.7200048,223.5200048,685.8000091,4,7,"Hot Mixed, Hot Laid AC, Dense Graded","Open Graded, Cold Laid, Mixed In-Place",Coarse-Grained Soil: Clayey Sand,0,,57.5,Fair,rutting (M),5.0,0.798800004,0.708999991,0.753799999,0,,,,,85.6,769.0,2.105407255304586,test
48-2172-3,48-2172,48-2172-3-0,48,Texas,2172,3,8/7/1993,1993,2,ACATB,Asphalt concrete over asphalt treated base/subgrade,Rural Principal Arterial - Interstate,West,1,General Pavement Studies,Asphalt Concrete on Bound Base,2.36550308,1057395.0,753231.0,247.64,487.04,365.0,17.29999924,6.0,61.0,170234.7,289.5599994,172.7200048,223.5200048,685.8000091,4,7,"Hot Mixed, Hot Laid AC, Dense Graded","Open Graded, Cold Laid, Mixed In-Place",Coarse-Grained Soil: Clayey Sand,0,,85.6,Good,long_trans_cracking (L),,,,,1,57.5,28.099999999999994,769.0,2.105407255304586,85.4,281.0,0.7693360711841205,test
48-2176-1,48-2176,48-2176-1-0,48,Texas,2176,1,5/11/1991,1991,1,ACATB,Asphalt concrete over asphalt treated base/subgrade,Rural Major Collector,South,1,General Pavement Studies,Asphalt Concrete on Bound Base,4.843258042,212491.0,,398.57,485.65,365.0,15.10000038,17.0,82.0,168505.1,58.4200003,238.7599903,0.0,297.1799906,2,4,"Hot Mixed, Hot Laid AC, Dense Graded",Cement Aggregate Mixture,Fine-Grained Soils: Sandy Lean Clay,0,,46.0,Poor,rutting (M),7.0,,,,0,,,,,69.0,610.0,1.6700889801505818,train
48-2176-1,48-2176,48-2176-1-0,48,Texas,2176,1,7/7/1993,1993,2,ACATB,Asphalt concrete over asphalt treated base/subgrade,Rural Major Collector,South,1,General Pavement Studies,Asphalt Concrete on Bound Base,6.513347023,240429.0,27938.0,407.79,451.94,365.0,14.89999962,23.0,92.0,169031.3,58.4200003,238.7599903,0.0,297.1799906,2,4,"Hot Mixed, Hot Laid AC, Dense Graded",Cement Aggregate Mixture,Fine-Grained Soils: Sandy Lean Clay,0,,69.0,Fair,long_trans_cracking (M),,1.27900002,1.369200015,1.324199986,1,46.0,23.0,610.0,1.6700889801505818,34.5,750.0,2.0533880903490758,train
48-2176-1,48-2176,48-2176-1-0,48,Texas,2176,1,27/7/1995,1995,3,ACATB,Asphalt concrete over asphalt treated base/subgrade,Rural Major Collector,South,1,General Pavement Studies,Asphalt Concrete on Bound Base,8.566735113,282120.0,41691.0,463.69,434.16,365.0,15.80000019,19.0,62.0,172982.5,58.4200003,238.7599903,0.0,297.1799906,2,4,"Hot Mixed, Hot Laid AC, Dense Graded",Cement Aggregate Mixture,Fine-Grained Soils: Sandy Lean Clay,0,,34.5,Very Poor,rutting (M),7.0,,,,2,69.0,-34.5,750.0,2.0533880903490758,32.2,684.0,1.8726899383983573,train
48-3559-1,48-3559,48-3559-1-0,48,Texas,3559,1,15/11/1990,1990,1,ACTB,Asphalt concrete over cement/lime treated base/subgrade,Rural Principal Arterial - Other,East,1,General Pavement Studies,Asphalt Concrete on Bound Base,3.871321013,902287.0,,1162.11,992.77,365.0,20.20000076,4.0,13.0,149583.2,22.86000091,154.9399976,160.0200048,337.8200033,2,5,"Hot Mixed, Hot Laid AC, Dense Graded",HMAC,Coarse-Grained Soil: Silty Sand,0,,65.0,Fair,rutting (M),6.0,0.82759999,0.910000002,0.868799996,0,,,,,65.0,195.0,0.5338809034907598,train
48-3559-1,48-3559,48-3559-1-0,48,Texas,3559,1,29/5/1991,1991,2,ACTB,Asphalt concrete over cement/lime treated base/subgrade,Rural Principal Arterial - Other,East,1,General Pavement Studies,Asphalt Concrete on Bound Base,4.405201916,928480.0,26193.0,1547.92,1180.01,365.0,19.10000038,0.0,13.0,137826.8,22.86000091,154.9399976,160.0200048,337.8200033,2,5,"Hot Mixed, Hot Laid AC, Dense Graded",HMAC,Coarse-Grained Soil: Silty Sand,0,,65.0,Fair,rutting (M),6.0,0.82759999,0.910000002,0.868799996,1,65.0,0.0,195.0,0.5338809034907598,65.0,777.0,2.127310061601643,train
48-3559-1,48-3559,48-3559-1-0,48,Texas,3559,1,14/7/1993,1993,3,ACTB,Asphalt concrete over cement/lime treated base/subgrade,Rural Principal Arterial - Other,East,1,General Pavement Studies,Asphalt Concrete on Bound Base,6.532511978,1002939.0,74459.0,1267.67,1139.2,365.0,18.60000038,0.0,19.0,150021.8,22.86000091,154.9399976,160.0200048,337.8200033,2,5,"Hot Mixed, Hot Laid AC, Dense Graded",HMAC,Coarse-Grained Soil: Silty Sand,0,,65.0,Fair,rutting (M),5.0,,,,2,65.0,0.0,777.0,2.127310061601643,40.0,667.0,1.8261464750171115,train
48-3559-1,48-3559,48-3559-1-0,48,Texas,3559,1,12/5/1995,1995,4,ACTB,Asphalt concrete over cement/lime treated base/subgrade,Rural Principal Arterial - Other,East,1,General Pavement Studies,Asphalt Concrete on Bound Base,8.358658453,1093351.0,90412.0,1086.24,1217.03,365.0,19.60000038,0.0,17.0,156000.8,22.86000091,154.9399976,160.0200048,337.8200033,2,5,"Hot Mixed, Hot Laid AC, Dense Graded",HMAC,Coarse-Grained Soil: Silty Sand,0,,40.0,Poor,rutting (H),8.0,,,,3,65.0,-25.0,667.0,1.8261464750171115,49.8,774.0,2.1190965092402463,train
48-3559-1,48-3559,48-3559-1-0,48,Texas,3559,1,24/6/1997,1997,5,ACTB,Asphalt concrete over cement/lime treated base/subgrade,Rural Principal Arterial - Other,East,1,General Pavement Studies,Asphalt Concrete on Bound Base,10.47775496,1204178.0,110827.0,1334.83,1174.98,365.0,19.0,1.0,22.0,152425.2,22.86000091,154.9399976,160.0200048,337.8200033,2,5,"Hot Mixed, Hot Laid AC, Dense Graded",HMAC,Coarse-Grained Soil: Silty Sand,0,,49.8,Poor,rutting (M),5.0,0.905999994,0.918799996,0.912400007,4,40.0,9.799999999999997,774.0,2.1190965092402463,49.5,276.0,0.75564681724846,train
48-3579-2,48-3579,48-3579-2-0,48,Texas,3579,2,21/12/1992,1992,1,ACATB,Asphalt concrete over asphalt treated base/subgrade,Rural Minor Arterial,North,1,General Pavement Studies,Asphalt Concrete on Unbound Granular Base,0.517453799,34737.0,,1403.36,1091.02,366.0,17.79999924,3.0,20.0,149800.5,43.18000121,274.3200048,233.6799952,551.1800012,2,5,Chip Seal,Soil-Aggregate Mixture (Predominantly Coarse-Grained),Fine-Grained Soils: Sandy Lean Clay,0,,57.4,Fair,rutting (M),4.0,1.338800001,1.481200004,1.409800005,0,,,,,61.1,234.0,0.6406570841889117,train
48-3579-2,48-3579,48-3579-2-0,48,Texas,3579,2,12/8/1993,1993,2,ACATB,Asphalt concrete over asphalt treated base/subgrade,Rural Minor Arterial,North,1,General Pavement Studies,Asphalt Concrete on Unbound Granular Base,1.158110883,108729.0,73992.0,1180.53,1010.65,365.0,17.39999962,0.0,38.0,151570.0,43.18000121,274.3200048,233.6799952,551.1800012,2,5,Chip Seal,Soil-Aggregate Mixture (Predominantly Coarse-Grained),Fine-Grained Soils: Sandy Lean Clay,0,,61.1,Fair,rutting (M),4.0,1.338800001,1.481200004,1.409800005,1,57.4,3.700000000000003,234.0,0.6406570841889117,31.4,391.0,1.0704996577686516,train
48-3579-2,48-3579,48-3579-2-0,48,Texas,3579,2,7/9/1994,1994,3,ACATB,Asphalt concrete over asphalt treated base/subgrade,Rural Minor Arterial,North,1,General Pavement Studies,Asphalt Concrete on Unbound Granular Base,2.228610541,233933.0,125204.0,1012.4,1068.05,365.0,18.10000038,3.0,33.0,151627.7,43.18000121,274.3200048,233.6799952,551.1800012,2,5,Chip Seal,Soil-Aggregate Mixture (Predominantly Coarse-Grained),Fine-Grained Soils: Sandy Lean Clay,0,,31.4,Very Poor,rutting (H),8.0,1.237800002,1.51559999,1.376999998,2,61.1,-29.700000000000003,391.0,1.0704996577686516,30.0,316.0,0.865160848733744,train
48-3579-2,48-3579,48-3579-2-0,48,Texas,3579,2,20/7/1995,1995,4,ACATB,Asphalt concrete over asphalt treated base/subgrade,Rural Minor Arterial,North,1,General Pavement Studies,Asphalt Concrete on Unbound Granular Base,3.093771389,312141.0,78208.0,854.78,1045.83,365.0,18.5,2.0,40.0,155319.1,43.18000121,274.3200048,233.6799952,551.1800012,2,5,Chip Seal,Soil-Aggregate Mixture (Predominantly Coarse-Grained),Fine-Grained Soils: Sandy Lean Clay,0,,30.0,Very Poor,rutting (H),8.0,,,,3,31.4,-1.3999999999999986,316.0,0.865160848733744,20.8,727.0,1.9904175222450375,train
48-3669-1,48-3669,48-3669-1-0,48,Texas,3669,1,13/5/1991,1991,1,ACATB,Asphalt concrete over asphalt treated base/subgrade,Rural Minor Arterial,East,1,General Pavement Studies,Asphalt Concrete on Bound Base,4.361396304,351828.0,,1657.85,1213.13,365.0,18.39999962,0.0,24.0,137977.1,106.6800012,203.2,200.6600024,510.5400036,2,5,"Hot Mixed, Hot Laid AC, Dense Graded",Cement Aggregate Mixture,Fine-Grained Soils: Sandy Lean Clay,0,,35.6,Very Poor,rutting (H),12.0,,,,0,,,,,35.0,729.0,1.995893223819302,train
48-3669-1,48-3669,48-3669-1-0,48,Texas,3669,1,11/5/1993,1993,2,ACATB,Asphalt concrete over asphalt treated base/subgrade,Rural Minor Arterial,East,1,General Pavement Studies,Asphalt Concrete on Bound Base,6.357289528,394479.0,42651.0,1433.27,1084.25,365.0,18.0,0.0,27.0,150614.2,106.6800012,203.2,200.6600024,510.5400036,2,5,"Hot Mixed, Hot Laid AC, Dense Graded",Cement Aggregate Mixture,Fine-Grained Soils: Sandy Lean Clay,0,,35.0,Very Poor,rutting (H),10.0,1.523399997,1.343400002,1.433200026,1,35.6,-0.6000000000000014,729.0,1.995893223819302,33.1,729.0,1.995893223819302,train
48-3669-2,48-3669,48-3669-2-0,48,Texas,3669,2,18/7/1997,1997,1,ACATB,Asphalt concrete over asphalt treated base/subgrade,Rural Minor Arterial,East,1,General Pavement Studies,Asphalt Concrete on Bound Base,1.653661875,64129.0,,1499.71,1160.91,365.0,18.20000076,4.0,29.0,152822.3,106.6800012,203.2,200.6600024,510.5400036,2,5,"Hot Mixed, Hot Laid AC, Dense Graded",Cement Aggregate Mixture,Fine-Grained Soils: Sandy Lean Clay,1,604.0,22.6,Serious,rutting (H),11.0,,,,0,,,,,20.2,679.0,1.8590006844626967,train
48-3669-2,48-3669,48-3669-2-0,48,Texas,3669,2,28/5/1999,1999,2,ACATB,Asphalt concrete over asphalt treated base/subgrade,Rural Minor Arterial,East,1,General Pavement Studies,Asphalt Concrete on Bound Base,3.51266256,120582.0,56453.0,796.51,1030.79,365.0,19.89999962,4.0,17.0,163101.2,106.6800012,203.2,200.6600024,510.5400036,2,5,"Hot Mixed, Hot Laid AC, Dense Graded",Cement Aggregate Mixture,Fine-Grained Soils: Sandy Lean Clay,1,1283.0,20.2,Serious,rutting (H),13.0,,,,1,22.6,-2.400000000000002,679.0,1.8590006844626967,11.8,286.0,0.783025325119781,train
48-3679-1,48-3679,48-3679-1-0,48,Texas,3679,1,13/5/1991,1991,1,ACATB,Asphalt concrete over asphalt treated base/subgrade,Rural Minor Arterial,East,1,General Pavement Studies,Asphalt Concrete on Bound Base,2.948665298,174541.0,,1555.77,1259.59,365.0,18.5,0.0,20.0,136027.5,40.64000061,213.3599903,0.0,253.9999909,1,3,"Hot Mixed, Hot Laid AC, Dense Graded",Cement Aggregate Mixture,Fine-Grained Soils: Sandy Lean Clay,0,,76.0,Satisfactory,long_trans_cracking (M),,,,,0,,,,,46.6,729.0,1.995893223819302,test
48-3689-1,48-3689,48-3689-1-0,48,Texas,3689,1,13/5/1991,1991,1,ACATB,Asphalt concrete over asphalt treated base/subgrade,Rural Principal Arterial - Other,East,1,General Pavement Studies,Asphalt Concrete on Bound Base,4.117727584,230037.0,,1509.35,1224.12,365.0,19.29999924,0.0,14.0,135567.1,78.74000136,200.6600024,152.4,431.8000038,3,6,Chip Seal,Cement Aggregate Mixture,Fine-Grained Soils: Sandy Clay,0,,48.5,Poor,rutting (M),5.0,,,,0,,,,,42.9,729.0,1.995893223819302,train
48-3729-1,48-3729,48-3729-1-0,48,Texas,3729,1,9/4/1991,1991,1,ACATB,Asphalt concrete over asphalt treated base/subgrade,Rural Principal Arterial - Other,South,1,General Pavement Studies,Asphalt Concrete on Unbound Granular Base,4.268309377,1763839.0,,805.02,674.14,365.0,24.20000076,0.0,0.0,151594.1,256.5400036,266.7,137.1600024,660.4000061,2,5,"Hot Mixed, Hot Laid AC, Dense Graded",Soil-Aggregate Mixture (Predominantly Coarse-Grained),Fine-Grained Soils: Lean Inorganic Clay,0,,37.9,Very Poor,rutting (H),16.0,1.663599968,1.43900001,1.551600027,0,,,,,35.5,344.0,0.9418206707734429,train
48-3729-1,48-3729,48-3729-1-0,48,Texas,3729,1,18/3/1992,1992,2,ACATB,Asphalt concrete over asphalt treated base/subgrade,Rural Principal Arterial - Other,South,1,General Pavement Studies,Asphalt Concrete on Unbound Granular Base,5.210130048,1946456.0,182617.0,1004.27,768.66,366.0,23.60000038,0.0,0.0,154131.6,256.5400036,266.7,137.1600024,660.4000061,2,5,"Hot Mixed, Hot Laid AC, Dense Graded",Soil-Aggregate Mixture (Predominantly Coarse-Grained),Fine-Grained Soils: Lean Inorganic Clay,0,,35.5,Very Poor,rutting (H),14.0,1.808200002,1.451999998,1.630200028,1,37.9,-2.3999999999999986,344.0,0.9418206707734429,23.3,377.0,1.0321697467488022,train
48-3729-1,48-3729,48-3729-1-0,48,Texas,3729,1,30/3/1993,1993,3,ACATB,Asphalt concrete over asphalt treated base/subgrade,Rural Principal Arterial - Other,South,1,General Pavement Studies,Asphalt Concrete on Unbound Granular Base,6.242299795,2160424.0,213968.0,861.38,772.74,365.0,23.70000076,0.0,0.0,157772.9,256.5400036,266.7,137.1600024,660.4000061,2,5,"Hot Mixed, Hot Laid AC, Dense Graded",Soil-Aggregate Mixture (Predominantly Coarse-Grained),Fine-Grained Soils: Lean Inorganic Clay,0,,23.3,Serious,rutting (H),14.0,1.806600022,1.527600026,1.667400002,2,35.5,-12.2,377.0,1.0321697467488022,22.2,721.0,1.9739904175222451,train
48-3729-1,48-3729,48-3729-1-0,48,Texas,3729,1,21/3/1995,1995,4,ACATB,Asphalt concrete over asphalt treated base/subgrade,Rural Principal Arterial - Other,South,1,General Pavement Studies,Asphalt Concrete on Unbound Granular Base,8.216290212,2793028.0,632604.0,780.44,691.27,365.0,24.39999962,0.0,0.0,162093.8,256.5400036,266.7,137.1600024,660.4000061,2,5,"Hot Mixed, Hot Laid AC, Dense Graded",Soil-Aggregate Mixture (Predominantly Coarse-Grained),Fine-Grained Soils: Lean Inorganic Clay,0,,22.2,Serious,rutting (H),19.0,,,,3,23.3,-1.1000000000000014,721.0,1.9739904175222451,85.3,762.0,2.086242299794661,train
48-3739-1,48-3739,48-3739-1-0,48,Texas,3739,1,9/4/1991,1991,1,ACATB,Asphalt concrete over asphalt treated base/subgrade,Rural Principal Arterial - Other,North,1,General Pavement Studies,Asphalt Concrete on Unbound Granular Base,4.268309377,1430435.0,,890.95,939.95,365.0,23.60000038,0.0,0.0,148929.1,45.7200003,289.5599903,187.9600024,523.239993,2,5,"Hot Mixed, Hot Laid AC, Dense Graded",Soil-Aggregate Mixture (Predominantly Coarse-Grained),Coarse-Grained Soils: Poorly Graded Sand,0,,64.4,Fair,rutting (M),6.0,2.087400007,2.257800055,2.172600031,0,,,,,98.7,143.0,0.3915126625598905,train
48-3739-1,48-3739,48-3739-1-0,48,Texas,3739,1,30/8/1991,1991,2,ACATB,Asphalt concrete over asphalt treated base/subgrade,Rural Principal Arterial - Other,North,1,General Pavement Studies,Asphalt Concrete on Unbound Granular Base,4.65982204,1430435.0,0.0,890.95,939.95,365.0,23.60000038,0.0,0.0,148929.1,45.7200003,289.5599903,187.9600024,523.239993,2,5,"Hot Mixed, Hot Laid AC, Dense Graded",Soil-Aggregate Mixture (Predominantly Coarse-Grained),Coarse-Grained Soils: Poorly Graded Sand,0,,98.7,Good,long_trans_cracking (L),,2.087400007,2.257800055,2.172600031,1,64.4,34.3,143.0,0.3915126625598905,36.8,201.0,0.5503080082135524,train
48-3739-1,48-3739,48-3739-1-0,48,Texas,3739,1,18/3/1992,1992,3,ACATB,Asphalt concrete over asphalt treated base/subgrade,Rural Principal Arterial - Other,North,1,General Pavement Studies,Asphalt Concrete on Unbound Granular Base,5.210130048,1607314.0,176879.0,895.72,1003.19,366.0,23.0,0.0,0.0,151575.2,45.7200003,289.5599903,187.9600024,523.239993,2,5,"Hot Mixed, Hot Laid AC, Dense Graded",Soil-Aggregate Mixture (Predominantly Coarse-Grained),Coarse-Grained Soils: Poorly Graded Sand,0,,36.8,Very Poor,rutting (H),10.0,2.229399967,2.233399963,2.231399965,2,98.7,-61.900000000000006,201.0,0.5503080082135524,36.5,377.0,1.0321697467488022,train
48-3739-3,48-3739,48-3739-3-0,48,Texas,3739,3,16/3/1995,1995,1,ACATB,Asphalt concrete over asphalt treated base/subgrade,Rural Principal Arterial - Other,North,1,General Pavement Studies,Asphalt Concrete on Unbound Granular Base,0.123203285,26304.0,,699.85,1004.23,365.0,23.70000076,0.0,0.0,160667.3,53.34000042,289.5599903,187.9600024,530.8599931,4,7,"Hot Mixed, Hot Laid AC, Dense Graded",Soil-Aggregate Mixture (Predominantly Coarse-Grained),Coarse-Grained Soils: Poorly Graded Sand,0,,40.0,Poor,rutting (H),14.0,2.487666607,2.53366669,2.510666688,0,,,,,39.0,5.0,0.013689253935660506,train
48-3739-3,48-3739,48-3739-3-0,48,Texas,3739,3,21/3/1995,1995,2,ACATB,Asphalt concrete over asphalt treated base/subgrade,Rural Principal Arterial - Other,North,1,General Pavement Studies,Asphalt Concrete on Unbound Granular Base,0.136892539,26304.0,0.0,699.85,1004.23,365.0,23.70000076,0.0,0.0,160667.3,53.34000042,289.5599903,187.9600024,530.8599931,4,7,"Hot Mixed, Hot Laid AC, Dense Graded",Soil-Aggregate Mixture (Predominantly Coarse-Grained),Coarse-Grained Soils: Poorly Graded Sand,0,,39.0,Very Poor,rutting (H),14.0,2.487666607,2.53366669,2.510666688,1,40.0,-1.0,5.0,0.013689253935660506,40.0,15.0,0.04106776180698152,train
48-3739-3,48-3739,48-3739-3-0,48,Texas,3739,3,5/4/1995,1995,3,ACATB,Asphalt concrete over asphalt treated base/subgrade,Rural Principal Arterial - Other,North,1,General Pavement Studies,Asphalt Concrete on Unbound Granular Base,0.177960301,26304.0,0.0,699.85,1004.23,365.0,23.70000076,0.0,0.0,160667.3,53.34000042,289.5599903,187.9600024,530.8599931,4,7,"Hot Mixed, Hot Laid AC, Dense Graded",Soil-Aggregate Mixture (Predominantly Coarse-Grained),Coarse-Grained Soils: Poorly Graded Sand,0,,40.0,Poor,rutting (H),14.0,2.487666607,2.53366669,2.510666688,2,39.0,1.0,15.0,0.04106776180698152,40.0,71.0,0.1943874058863792,train
48-3739-3,48-3739,48-3739-3-0,48,Texas,3739,3,15/6/1995,1995,4,ACATB,Asphalt concrete over asphalt treated base/subgrade,Rural Principal Arterial - Other,North,1,General Pavement Studies,Asphalt Concrete on Unbound Granular Base,0.372347707,26304.0,0.0,699.85,1004.23,365.0,23.70000076,0.0,0.0,160667.3,53.34000042,289.5599903,187.9600024,530.8599931,4,7,"Hot Mixed, Hot Laid AC, Dense Graded",Soil-Aggregate Mixture (Predominantly Coarse-Grained),Coarse-Grained Soils: Poorly Graded Sand,0,,40.0,Poor,rutting (H),14.0,2.44640007,2.588800001,2.517600012,3,40.0,0.0,71.0,0.1943874058863792,39.3,676.0,1.8507871321013005,train
48-3739-3,48-3739,48-3739-3-0,48,Texas,3739,3,21/4/1997,1997,5,ACATB,Asphalt concrete over asphalt treated base/subgrade,Rural Principal Arterial - Other,North,1,General Pavement Studies,Asphalt Concrete on Unbound Granular Base,2.223134839,436566.0,410262.0,967.08,989.85,365.0,22.79999924,0.0,0.0,155022.2,53.34000042,289.5599903,187.9600024,530.8599931,4,7,"Hot Mixed, Hot Laid AC, Dense Graded",Soil-Aggregate Mixture (Predominantly Coarse-Grained),Coarse-Grained Soils: Poorly Graded Sand,0,,39.3,Very Poor,rutting (H),15.0,2.953599977,2.400199986,2.676999998,4,40.0,-0.7000000000000028,676.0,1.8507871321013005,40.0,96.0,0.26283367556468173,train
48-3739-3,48-3739,48-3739-3-0,48,Texas,3739,3,26/7/1997,1997,6,ACATB,Asphalt concrete over asphalt treated base/subgrade,Rural Principal Arterial - Other,North,1,General Pavement Studies,Asphalt Concrete on Unbound Granular Base,2.485968515,436566.0,0.0,967.08,989.85,365.0,22.79999924,0.0,0.0,155022.2,53.34000042,289.5599903,187.9600024,530.8599931,4,7,"Hot Mixed, Hot Laid AC, Dense Graded",Soil-Aggregate Mixture (Predominantly Coarse-Grained),Coarse-Grained Soils: Poorly Graded Sand,0,,40.0,Poor,rutting (H),15.0,2.511399984,2.312800026,2.412200022,5,39.3,0.7000000000000028,96.0,0.26283367556468173,39.3,67.0,0.1834360027378508,train
48-3739-3,48-3739,48-3739-3-0,48,Texas,3739,3,1/10/1997,1997,7,ACATB,Asphalt concrete over asphalt treated base/subgrade,Rural Principal Arterial - Other,North,1,General Pavement Studies,Asphalt Concrete on Unbound Granular Base,2.669404517,436566.0,0.0,967.08,989.85,365.0,22.79999924,0.0,0.0,155022.2,53.34000042,289.5599903,187.9600024,530.8599931,4,7,"Hot Mixed, Hot Laid AC, Dense Graded",Soil-Aggregate Mixture (Predominantly Coarse-Grained),Coarse-Grained Soils: Poorly Graded Sand,0,,39.3,Very Poor,rutting (H),15.0,2.489600039,2.347599983,2.418599987,6,40.0,-0.7000000000000028,67.0,0.1834360027378508,40.0,685.0,1.8754277891854894,train
48-3739-3,48-3739,48-3739-3-0,48,Texas,3739,3,17/8/1999,1999,8,ACATB,Asphalt concrete over asphalt treated base/subgrade,Rural Principal Arterial - Other,North,1,General Pavement Studies,Asphalt Concrete on Unbound Granular Base,4.544832307,983001.0,546435.0,606.94,1028.33,365.0,23.79999924,0.0,0.0,165017.7,53.34000042,289.5599903,187.9600024,530.8599931,4,7,"Hot Mixed, Hot Laid AC, Dense Graded",Soil-Aggregate Mixture (Predominantly Coarse-Grained),Coarse-Grained Soils: Poorly Graded Sand,0,,40.0,Poor,rutting (H),17.0,,,,7,39.3,0.7000000000000028,685.0,1.8754277891854894,38.5,199.0,0.5448323066392882,train
48-3739-4,48-3739,48-3739-4-0,48,Texas,3739,4,15/7/2003,2003,1,ACATB,Asphalt concrete over asphalt treated base/subgrade,Rural Principal Arterial - Other,North,1,General Pavement Studies,Asphalt Concrete on Unbound Granular Base,2.494182067,857311.0,,964.52,1036.99,365.0,23.20000076,0.0,0.0,150686.9,25.4,289.5599903,187.9600024,502.9199927,4,7,"Hot Mixed, Hot Laid AC, Dense Graded",Soil-Aggregate Mixture (Predominantly Coarse-Grained),Coarse-Grained Soils: Poorly Graded Sand,1,834.0,3.2,Failed,rutting (H),16.0,2.360800028,1.91400001,2.137400007,0,,,,,0.0,133.0,0.36413415468856947,train
48-3739-4,48-3739,48-3739-4-0,48,Texas,3739,4,25/11/2003,2003,2,ACATB,Asphalt concrete over asphalt treated base/subgrade,Rural Principal Arterial - Other,North,1,General Pavement Studies,Asphalt Concrete on Unbound Granular Base,2.858316222,857311.0,0.0,964.52,1036.99,365.0,23.20000076,0.0,0.0,150686.9,25.4,289.5599903,187.9600024,502.9199927,4,7,"Hot Mixed, Hot Laid AC, Dense Graded",Soil-Aggregate Mixture (Predominantly Coarse-Grained),Coarse-Grained Soils: Poorly Graded Sand,1,967.0,0.0,Failed,rutting (H),16.0,,,,1,3.2,-3.2,133.0,0.36413415468856947,0.0,734.0,2.0095824777549622,train
48-3749-1,48-3749,48-3749-1-0,48,Texas,3749,1,15/10/1990,1990,1,ACATB,Asphalt concrete over asphalt treated base/subgrade,Rural Principal Arterial - Other,North,1,General Pavement Studies,Asphalt Concrete on Unbound Granular Base,3.786447639,1081458.0,,514.57,640.33,365.0,22.70000076,0.0,2.0,161116.9,45.7200003,205.7400097,223.5200048,474.9800148,2,5,"Hot Mixed, Hot Laid AC, Dense Graded",Soil-Aggregate Mixture (Predominantly Coarse-Grained),Coarse-Grained Soil: Clayey Sand,0,,40.0,Poor,rutting (H),8.0,,,,0,,,,,65.0,176.0,0.48186173853524983,train
48-3749-1,48-3749,48-3749-1-0,48,Texas,3749,1,9/4/1991,1991,2,ACATB,Asphalt concrete over asphalt treated base/subgrade,Rural Principal Arterial - Other,North,1,General Pavement Studies,Asphalt Concrete on Unbound Granular Base,4.268309377,1132710.0,51252.0,800.88,681.97,365.0,22.20000076,0.0,0.0,155708.0,45.7200003,205.7400097,223.5200048,474.9800148,2,5,"Hot Mixed, Hot Laid AC, Dense Graded",Soil-Aggregate Mixture (Predominantly Coarse-Grained),Coarse-Grained Soil: Clayey Sand,0,,65.0,Fair,rutting (M),7.0,1.047399974,1.402399993,1.224800014,1,40.0,25.0,176.0,0.48186173853524983,100.0,142.0,0.3887748117727584,train
48-3749-1,48-3749,48-3749-1-0,48,Texas,3749,1,29/8/1991,1991,3,ACATB,Asphalt concrete over asphalt treated base/subgrade,Rural Principal Arterial - Other,North,1,General Pavement Studies,Asphalt Concrete on Unbound Granular Base,4.657084189,1132710.0,0.0,800.88,681.97,365.0,22.20000076,0.0,0.0,155708.0,45.7200003,205.7400097,223.5200048,474.9800148,2,5,"Hot Mixed, Hot Laid AC, Dense Graded",Soil-Aggregate Mixture (Predominantly Coarse-Grained),Coarse-Grained Soil: Clayey Sand,0,,100.0,Good,,,1.047399974,1.402399993,1.224800014,2,65.0,35.0,142.0,0.3887748117727584,54.4,537.0,1.4702258726899384,train
48-3749-1,48-3749,48-3749-1-0,48,Texas,3749,1,16/2/1993,1993,4,ACATB,Asphalt concrete over asphalt treated base/subgrade,Rural Principal Arterial - Other,North,1,General Pavement Studies,Asphalt Concrete on Unbound Granular Base,6.127310062,1258014.0,125304.0,561.21,650.31,365.0,21.70000076,0.0,3.0,159646.0,45.7200003,205.7400097,223.5200048,474.9800148,2,5,"Hot Mixed, Hot Laid AC, Dense Graded",Soil-Aggregate Mixture (Predominantly Coarse-Grained),Coarse-Grained Soil: Clayey Sand,0,,54.4,Poor,rutting (M),7.0,1.627200007,1.593599987,1.610599995,3,100.0,-45.6,537.0,1.4702258726899384,61.9,41.0,0.11225188227241616,train
48-3749-1,48-3749,48-3749-1-0,48,Texas,3749,1,29/3/1993,1993,5,ACATB,Asphalt concrete over asphalt treated base/subgrade,Rural Principal Arterial - Other,North,1,General Pavement Studies,Asphalt Concrete on Unbound Granular Base,6.239561944,1258014.0,0.0,561.21,650.31,365.0,21.70000076,0.0,3.0,159646.0,45.7200003,205.7400097,223.5200048,474.9800148,2,5,"Hot Mixed, Hot Laid AC, Dense Graded",Soil-Aggregate Mixture (Predominantly Coarse-Grained),Coarse-Grained Soil: Clayey Sand,0,,61.9,Fair,rutting (M),7.0,1.627200007,1.593599987,1.610599995,4,54.4,7.5,41.0,0.11225188227241616,9.6,723.0,1.9794661190965093,train
48-3769-1,48-3769,48-3769-1-0,48,Texas,3769,1,13/12/1990,1990,1,ACUB,Asphalt concrete over unbound base/subgrade,Rural Principal Arterial - Other,East,1,General Pavement Studies,Asphalt Concrete on Unbound Granular Base,3.947980835,704709.0,,289.34,267.77,365.0,16.29999924,6.0,64.0,181032.8,60.96000015,213.3599903,0.0,274.3199905,2,4,"Hot Mixed, Hot Laid AC, Dense Graded",Crushed Stone,Coarse-Grained Soil: Silty Sand with Gravel,0,,60.5,Fair,rutting (M),5.0,1.561000013,1.611000013,1.58599999,0,,,,,60.8,182.0,0.49828884325804246,train
48-3769-1,48-3769,48-3769-1-0,48,Texas,3769,1,13/6/1991,1991,2,ACUB,Asphalt concrete over unbound base/subgrade,Rural Principal Arterial - Other,East,1,General Pavement Studies,Asphalt Concrete on Unbound Granular Base,4.446269678,748315.0,43606.0,281.91,352.31,365.0,15.5,3.0,63.0,178568.0,60.96000015,213.3599903,0.0,274.3199905,2,4,"Hot Mixed, Hot Laid AC, Dense Graded",Crushed Stone,Coarse-Grained Soil: Silty Sand with Gravel,0,,60.8,Fair,rutting (M),4.0,1.561000013,1.611000013,1.58599999,1,60.5,0.29999999999999716,182.0,0.49828884325804246,88.5,757.0,2.0725530458590007,train
48-3769-1,48-3769,48-3769-1-0,48,Texas,3769,1,9/7/1993,1993,3,ACUB,Asphalt concrete over unbound base/subgrade,Rural Principal Arterial - Other,East,1,General Pavement Studies,Asphalt Concrete on Unbound Granular Base,6.518822724,794121.0,45806.0,184.54,313.69,365.0,16.5,1.0,48.0,181689.8,60.96000015,213.3599903,0.0,274.3199905,2,4,"Hot Mixed, Hot Laid AC, Dense Graded",Crushed Stone,Coarse-Grained Soil: Silty Sand with Gravel,0,,88.5,Good,long_trans_cracking (L),,,,,2,60.8,27.700000000000003,757.0,2.0725530458590007,87.6,851.0,2.329911019849418,train
48-3769-1,48-3769,48-3769-1-0,48,Texas,3769,1,7/11/1995,1995,4,ACUB,Asphalt concrete over unbound base/subgrade,Rural Principal Arterial - Other,East,1,General Pavement Studies,Asphalt Concrete on Unbound Granular Base,8.848733744,957779.0,163658.0,166.28,284.14,365.0,17.0,0.0,41.0,189401.2,60.96000015,213.3599903,0.0,274.3199905,2,4,"Hot Mixed, Hot Laid AC, Dense Graded",Crushed Stone,Coarse-Grained Soil: Silty Sand with Gravel,0,,87.6,Good,long_trans_cracking (L),,,,,3,88.5,-0.9000000000000057,851.0,2.329911019849418,54.4,583.0,1.596167008898015,train
48-3769-1,48-3769,48-3769-1-0,48,Texas,3769,1,12/6/1997,1997,5,ACUB,Asphalt concrete over unbound base/subgrade,Rural Principal Arterial - Other,East,1,General Pavement Studies,Asphalt Concrete on Unbound Granular Base,10.44490075,1142116.0,184337.0,250.04,295.73,365.0,16.70000076,13.0,59.0,183091.5,60.96000015,213.3599903,0.0,274.3199905,2,4,"Hot Mixed, Hot Laid AC, Dense Graded",Crushed Stone,Coarse-Grained Soil: Silty Sand with Gravel,0,,54.4,Poor,rutting (M),5.0,2.321000004,2.23840003,2.279800034,4,87.6,-33.199999999999996,583.0,1.596167008898015,27.5,756.0,2.0698151950718686,train
48-3769-1,48-3769,48-3769-1-0,48,Texas,3769,1,8/7/1999,1999,6,ACUB,Asphalt concrete over unbound base/subgrade,Rural Principal Arterial - Other,East,1,General Pavement Studies,Asphalt Concrete on Unbound Granular Base,12.51471595,1313562.0,171446.0,129.12,272.04,365.0,17.20000076,0.0,49.0,188025.6,60.96000015,213.3599903,0.0,274.3199905,2,4,"Hot Mixed, Hot Laid AC, Dense Graded",Crushed Stone,Coarse-Grained Soil: Silty Sand with Gravel,0,,27.5,Very Poor,rutting (M),7.0,,,,5,54.4,-26.9,756.0,2.0698151950718686,2.9,825.0,2.2587268993839835,train
48-3835-2,48-3835,48-3835-2-0,48,Texas,3835,2,13/7/1993,1993,1,ACATB,Asphalt concrete over asphalt treated base/subgrade,Rural Principal Arterial - Other,North,1,General Pavement Studies,Asphalt Concrete on Unbound Granular Base,0.829568789,263295.0,,1142.6,1063.3,365.0,18.70000076,0.0,18.0,152593.7,215.9000061,330.2,152.4,698.5000061,2,5,"Hot Mixed, Hot Laid AC, Dense Graded",Crushed Stone,Coarse-Grained Soil: Silty Sand,0,,75.8,Satisfactory,rutting (L),3.0,1.625200009,1.84599998,1.735599995,0,,,,,56.9,667.0,1.8261464750171115,train
48-3835-2,48-3835,48-3835-2-0,48,Texas,3835,2,11/5/1995,1995,2,ACATB,Asphalt concrete over asphalt treated base/subgrade,Rural Principal Arterial - Other,North,1,General Pavement Studies,Asphalt Concrete on Unbound Granular Base,2.655715264,516256.0,252961.0,947.56,1102.9,365.0,19.70000076,0.0,18.0,157793.5,215.9000061,330.2,152.4,698.5000061,2,5,"Hot Mixed, Hot Laid AC, Dense Graded",Crushed Stone,Coarse-Grained Soil: Silty Sand,0,,56.9,Fair,rutting (M),5.0,,,,1,75.8,-18.9,667.0,1.8261464750171115,75.4,774.0,2.1190965092402463,train
48-3835-2,48-3835,48-3835-2-0,48,Texas,3835,2,23/6/1997,1997,3,ACATB,Asphalt concrete over asphalt treated base/subgrade,Rural Principal Arterial - Other,North,1,General Pavement Studies,Asphalt Concrete on Unbound Granular Base,4.774811773,914720.0,398464.0,1182.61,1046.26,365.0,19.10000038,2.0,23.0,155209.4,215.9000061,330.2,152.4,698.5000061,2,5,"Hot Mixed, Hot Laid AC, Dense Graded",Crushed Stone,Coarse-Grained Soil: Silty Sand,0,,75.4,Satisfactory,rutting (L),3.0,1.793200016,1.864400005,1.828600025,2,56.9,18.500000000000007,774.0,2.1190965092402463,55.7,606.0,1.6591375770020533,train
48-3835-2,48-3835,48-3835-2-0,48,Texas,3835,2,19/2/1999,1999,4,ACATB,Asphalt concrete over asphalt treated base/subgrade,Rural Principal Arterial - Other,North,1,General Pavement Studies,Asphalt Concrete on Unbound Granular Base,6.43394935,1374788.0,460068.0,723.5,861.16,365.0,21.0,1.0,9.0,164269.1,215.9000061,330.2,152.4,698.5000061,2,5,"Hot Mixed, Hot Laid AC, Dense Graded",Crushed Stone,Coarse-Grained Soil: Silty Sand,0,,55.7,Fair,rutting (M),4.0,,,,3,75.4,-19.700000000000003,606.0,1.6591375770020533,84.6,290.0,0.7939767282683093,train
48-3855-1,48-3855,48-3855-1-0,48,Texas,3855,1,15/5/1991,1991,1,ACATB,Asphalt concrete over asphalt treated base/subgrade,Rural Principal Arterial - Other,West,1,General Pavement Studies,Asphalt Concrete on Unbound Granular Base,4.366872005,2004648.0,,1323.05,974.88,365.0,19.70000076,0.0,12.0,143213.3,35.55999977,426.7199806,152.4,614.6799804,3,6,Chip Seal,Soil-Aggregate Mixture (Predominantly Coarse-Grained),Coarse-Grained Soil: Silty Gravel with Sand,0,,36.0,Very Poor,rutting (H),11.0,,,,0,,,,,37.3,712.0,1.949349760438056,train
48-3855-1,48-3855,48-3855-1-0,48,Texas,3855,1,26/4/1993,1993,2,ACATB,Asphalt concrete over asphalt treated base/subgrade,Rural Principal Arterial - Other,West,1,General Pavement Studies,Asphalt Concrete on Unbound Granular Base,6.316221766,2282812.0,278164.0,1040.53,946.85,365.0,19.10000038,0.0,18.0,153107.6,35.55999977,426.7199806,152.4,614.6799804,3,6,Chip Seal,Soil-Aggregate Mixture (Predominantly Coarse-Grained),Coarse-Grained Soil: Silty Gravel with Sand,0,,37.3,Very Poor,rutting (H),14.0,1.311199999,1.412999988,1.362000012,1,36.0,1.2999999999999972,712.0,1.949349760438056,35.2,805.0,2.2039698836413417,train
48-3855-1,48-3855,48-3855-1-0,48,Texas,3855,1,10/7/1995,1995,3,ACATB,Asphalt concrete over asphalt treated base/subgrade,Rural Principal Arterial - Other,West,1,General Pavement Studies,Asphalt Concrete on Unbound Granular Base,8.52019165,2553563.0,270751.0,1007.2,948.62,365.0,20.20000076,0.0,15.0,158924.7,35.55999977,426.7199806,152.4,614.6799804,3,6,Chip Seal,Soil-Aggregate Mixture (Predominantly Coarse-Grained),Coarse-Grained Soil: Silty Gravel with Sand,0,,35.2,Very Poor,rutting (H),15.0,1.377999949,1.355799961,1.366999984,2,37.3,-2.0999999999999943,805.0,2.2039698836413417,19.5,694.0,1.9000684462696784,train
48-3865-1,48-3865,48-3865-1-0,48,Texas,3865,1,24/9/1990,1990,1,ACUB,Asphalt concrete over unbound base/subgrade,Rural Principal Arterial - Other,North,1,General Pavement Studies,Asphalt Concrete on Unbound Granular Base,3.728952772,1380254.0,,673.76,810.6,365.0,18.79999924,12.0,26.0,161169.1,55.8799997,190.5,254.0,500.3799997,2,5,"Hot Mixed, Hot Laid AC, Dense Graded",Soil-Aggregate Mixture (Predominantly Coarse-Grained),Fine-Grained Soils: Sandy Lean Clay,0,,40.0,Poor,rutting (H),11.0,1.330600023,1.059399986,1.19519999,0,,,,,40.0,248.0,0.6789869952087612,train
48-3865-1,48-3865,48-3865-1-0,48,Texas,3865,1,30/5/1991,1991,2,ACUB,Asphalt concrete over unbound base/subgrade,Rural Principal Arterial - Other,North,1,General Pavement Studies,Asphalt Concrete on Unbound Granular Base,4.407939767,1426404.0,46150.0,857.87,790.39,365.0,18.10000038,1.0,32.0,154665.9,55.8799997,190.5,254.0,500.3799997,2,5,"Hot Mixed, Hot Laid AC, Dense Graded",Soil-Aggregate Mixture (Predominantly Coarse-Grained),Fine-Grained Soils: Sandy Lean Clay,0,,40.0,Poor,rutting (H),10.0,1.443599987,1.046999979,1.245599985,1,40.0,0.0,248.0,0.6789869952087612,39.6,715.0,1.9575633127994525,train
48-3865-1,48-3865,48-3865-1-0,48,Texas,3865,1,14/5/1993,1993,3,ACUB,Asphalt concrete over unbound base/subgrade,Rural Principal Arterial - Other,North,1,General Pavement Studies,Asphalt Concrete on Unbound Granular Base,6.36550308,1531828.0,105424.0,564.36,793.07,365.0,17.60000038,2.0,45.0,163210.7,55.8799997,190.5,254.0,500.3799997,2,5,"Hot Mixed, Hot Laid AC, Dense Graded",Soil-Aggregate Mixture (Predominantly Coarse-Grained),Fine-Grained Soils: Sandy Lean Clay,0,,39.6,Very Poor,rutting (H),9.0,1.542599964,1.231599998,1.387199974,2,40.0,-0.3999999999999986,715.0,1.9575633127994525,39.0,803.0,2.198494182067077,train
48-3865-1,48-3865,48-3865-1-0,48,Texas,3865,1,26/7/1995,1995,4,ACUB,Asphalt concrete over unbound base/subgrade,Rural Principal Arterial - Other,North,1,General Pavement Studies,Asphalt Concrete on Unbound Granular Base,8.563997262,1654279.0,122451.0,789.66,908.65,365.0,18.29999924,2.0,34.0,164311.9,55.8799997,190.5,254.0,500.3799997,2,5,"Hot Mixed, Hot Laid AC, Dense Graded",Soil-Aggregate Mixture (Predominantly Coarse-Grained),Fine-Grained Soils: Sandy Lean Clay,0,,39.0,Very Poor,rutting (H),11.0,,,,3,39.6,-0.6000000000000014,803.0,2.198494182067077,36.5,702.0,1.9219712525667352,train
48-3865-1,48-3865,48-3865-1-0,48,Texas,3865,1,27/6/1997,1997,5,ACUB,Asphalt concrete over unbound base/subgrade,Rural Principal Arterial - Other,North,1,General Pavement Studies,Asphalt Concrete on Unbound Granular Base,10.48596851,1810773.0,156494.0,1046.23,927.48,365.0,17.5,14.0,44.0,162943.3,55.8799997,190.5,254.0,500.3799997,2,5,"Hot Mixed, Hot Laid AC, Dense Graded",Soil-Aggregate Mixture (Predominantly Coarse-Grained),Fine-Grained Soils: Sandy Lean Clay,0,,36.5,Very Poor,rutting (H),11.0,,,,4,39.0,-2.5,702.0,1.9219712525667352,36.0,269.0,0.7364818617385352,train
48-3865-1,48-3865,48-3865-1-0,48,Texas,3865,1,23/3/1998,1998,6,ACUB,Asphalt concrete over unbound base/subgrade,Rural Principal Arterial - Other,North,1,General Pavement Studies,Asphalt Concrete on Unbound Granular Base,11.22245038,1890346.0,79573.0,916.03,798.99,365.0,19.29999924,7.0,23.0,167938.4,55.8799997,190.5,254.0,500.3799997,2,5,"Hot Mixed, Hot Laid AC, Dense Graded",Soil-Aggregate Mixture (Predominantly Coarse-Grained),Fine-Grained Soils: Sandy Lean Clay,0,,36.0,Very Poor,rutting (H),11.0,,,,5,36.5,-0.5,269.0,0.7364818617385352,36.0,476.0,1.3032169746748803,train
48-3865-1,48-3865,48-3865-1-0,48,Texas,3865,1,12/7/1999,1999,7,ACUB,Asphalt concrete over unbound base/subgrade,Rural Principal Arterial - Other,North,1,General Pavement Studies,Asphalt Concrete on Unbound Granular Base,12.52566735,1975279.0,84933.0,465.64,633.09,365.0,19.70000076,2.0,21.0,169997.9,55.8799997,190.5,254.0,500.3799997,2,5,"Hot Mixed, Hot Laid AC, Dense Graded",Soil-Aggregate Mixture (Predominantly Coarse-Grained),Fine-Grained Soils: Sandy Lean Clay,0,,36.0,Very Poor,rutting (H),11.0,1.524200034,1.106200004,1.315200019,6,36.0,0.0,476.0,1.3032169746748803,34.8,640.0,1.7522245037645447,train
48-9005-1,48-9005,48-9005-1-0,48,Texas,9005,1,10/10/1990,1990,1,ACUB,Asphalt concrete over unbound base/subgrade,Rural Minor Collector,South,1,General Pavement Studies,Asphalt Concrete on Unbound Granular Base,3.772758385,120471.0,,757.29,734.66,365.0,20.60000038,0.0,6.0,159856.1,40.64000136,238.7599903,0.0,279.3999917,2,4,Chip Seal,Soil-Aggregate Mixture (Predominantly Fine-Grained),Fine-Grained Soils: Gravelly Fat Clay with Sand,0,,36.0,Very Poor,rutting (H),9.0,,,,0,,,,,37.4,168.0,0.459958932238193,train
48-9005-1,48-9005,48-9005-1-0,48,Texas,9005,1,27/3/1991,1991,2,ACUB,Asphalt concrete over unbound base/subgrade,Rural Minor Collector,South,1,General Pavement Studies,Asphalt Concrete on Unbound Granular Base,4.232717317,153636.0,33165.0,1128.27,804.6,365.0,19.89999962,0.0,7.0,153812.3,40.64000136,238.7599903,0.0,279.3999917,2,4,Chip Seal,Soil-Aggregate Mixture (Predominantly Fine-Grained),Fine-Grained Soils: Gravelly Fat Clay with Sand,0,,37.4,Very Poor,rutting (H),9.0,1.141600013,1.68440001,1.412999988,1,36.0,1.3999999999999986,168.0,0.459958932238193,88.4,152.0,0.4161533196440794,train
48-9005-1,48-9005,48-9005-1-0,48,Texas,9005,1,26/8/1991,1991,3,ACUB,Asphalt concrete over unbound base/subgrade,Rural Minor Collector,South,1,General Pavement Studies,Asphalt Concrete on Unbound Granular Base,4.648870637,153636.0,0.0,1128.27,804.6,365.0,19.89999962,0.0,7.0,153812.3,40.64000136,238.7599903,0.0,279.3999917,2,4,Chip Seal,Soil-Aggregate Mixture (Predominantly Fine-Grained),Fine-Grained Soils: Gravelly Fat Clay with Sand,0,,88.4,Good,long_trans_cracking (L),,1.141600013,1.68440001,1.412999988,2,37.4,51.00000000000001,152.0,0.4161533196440794,58.0,588.0,1.6098562628336757,train
48-9005-1,48-9005,48-9005-1-0,48,Texas,9005,1,5/4/1993,1993,4,ACUB,Asphalt concrete over unbound base/subgrade,Rural Minor Collector,South,1,General Pavement Studies,Asphalt Concrete on Unbound Granular Base,6.258726899,255520.0,101884.0,804.2,788.17,365.0,19.39999962,0.0,14.0,159191.3,40.64000136,238.7599903,0.0,279.3999917,2,4,Chip Seal,Soil-Aggregate Mixture (Predominantly Fine-Grained),Fine-Grained Soils: Gravelly Fat Clay with Sand,0,,58.0,Fair,rutting (M),4.0,1.220599985,1.73499999,1.477799988,3,88.4,-30.400000000000006,588.0,1.6098562628336757,86.8,1047.0,2.86652977412731,train
48-9005-1,48-9005,48-9005-1-0,48,Texas,9005,1,16/2/1996,1996,5,ACUB,Asphalt concrete over unbound base/subgrade,Rural Minor Collector,South,1,General Pavement Studies,Asphalt Concrete on Unbound Granular Base,9.125256674,298606.0,43086.0,637.5,614.01,366.0,20.39999962,2.0,29.0,170679.7,40.64000136,238.7599903,0.0,279.3999917,2,4,Chip Seal,Soil-Aggregate Mixture (Predominantly Fine-Grained),Fine-Grained Soils: Gravelly Fat Clay with Sand,0,,86.8,Good,long_trans_cracking (L),,,,,4,58.0,28.799999999999997,1047.0,2.86652977412731,86.0,144.0,0.3942505133470226,train
48-9005-1,48-9005,48-9005-1-0,48,Texas,9005,1,9/7/1996,1996,6,ACUB,Asphalt concrete over unbound base/subgrade,Rural Minor Collector,South,1,General Pavement Studies,Asphalt Concrete on Unbound Granular Base,9.519507187,298606.0,0.0,637.5,614.01,366.0,20.39999962,2.0,29.0,170679.7,40.64000136,238.7599903,0.0,279.3999917,2,4,Chip Seal,Soil-Aggregate Mixture (Predominantly Fine-Grained),Fine-Grained Soils: Gravelly Fat Clay with Sand,0,,86.0,Good,long_trans_cracking (L),,,,,5,86.8,-0.7999999999999972,144.0,0.3942505133470226,56.8,358.0,0.9801505817932923,train
48-9005-1,48-9005,48-9005-1-0,48,Texas,9005,1,2/7/1997,1997,7,ACUB,Asphalt concrete over unbound base/subgrade,Rural Minor Collector,South,1,General Pavement Studies,Asphalt Concrete on Unbound Granular Base,10.49965777,316097.0,17491.0,898.8,917.93,365.0,19.20000076,3.0,19.0,160045.6,40.64000136,238.7599903,0.0,279.3999917,2,4,Chip Seal,Soil-Aggregate Mixture (Predominantly Fine-Grained),Fine-Grained Soils: Gravelly Fat Clay with Sand,0,,56.8,Fair,rutting (M),4.0,,,,6,86.0,-29.200000000000003,358.0,0.9801505817932923,56.8,373.0,1.0212183436002737,train
49-1001-1,49-1001,49-1001-1-0,49,Utah,1001,1,15/4/1993,1993,1,ACUB,Asphalt concrete over unbound base/subgrade,Rural Minor Arterial,North,1,General Pavement Studies,Asphalt Concrete on Unbound Granular Base,4.030116359,1192177.0,,370.07,441.25,365.0,10.19999981,157.0,153.0,170876.6,139.6999977,147.3200048,0.0,287.0200026,2,4,"Hot Mixed, Hot Laid AC, Dense Graded",Soil-Aggregate Mixture (Predominantly Coarse-Grained),Coarse-Grained Soil: Silty Sand,0,,76.2,Satisfactory,long_trans_cracking (M),,1.070799994,1.071600032,1.071200013,0,,,,,33.5,231.0,0.6324435318275154,test
49-1001-1,49-1001,49-1001-1-0,49,Utah,1001,1,2/12/1993,1993,2,ACUB,Asphalt concrete over unbound base/subgrade,Rural Minor Arterial,North,1,General Pavement Studies,Asphalt Concrete on Unbound Granular Base,4.66255989,1192177.0,0.0,370.07,441.25,365.0,10.19999981,157.0,153.0,170876.6,139.6999977,147.3200048,0.0,287.0200026,2,4,"Hot Mixed, Hot Laid AC, Dense Graded",Soil-Aggregate Mixture (Predominantly Coarse-Grained),Coarse-Grained Soil: Silty Sand,0,,33.5,Very Poor,rutting (H),10.0,1.049800014,1.085800028,1.067799997,1,76.2,-42.7,231.0,0.6324435318275154,32.6,99.0,0.27104722792607805,test
49-1001-1,49-1001,49-1001-1-0,49,Utah,1001,1,11/3/1994,1994,3,ACUB,Asphalt concrete over unbound base/subgrade,Rural Minor Arterial,North,1,General Pavement Studies,Asphalt Concrete on Unbound Granular Base,4.933607118,1243770.0,51593.0,265.17,315.48,365.0,11.60000038,121.0,139.0,170948.9,139.6999977,147.3200048,0.0,287.0200026,2,4,"Hot Mixed, Hot Laid AC, Dense Graded",Soil-Aggregate Mixture (Predominantly Coarse-Grained),Coarse-Grained Soil: Silty Sand,0,,32.6,Very Poor,rutting (H),10.0,1.114599967,1.122799993,1.118400002,2,33.5,-0.8999999999999986,99.0,0.27104722792607805,33.1,147.0,0.4024640657084189,test
49-1001-1,49-1001,49-1001-1-0,49,Utah,1001,1,5/8/1994,1994,4,ACUB,Asphalt concrete over unbound base/subgrade,Rural Minor Arterial,North,1,General Pavement Studies,Asphalt Concrete on Unbound Granular Base,5.336071184,1243770.0,0.0,265.17,315.48,365.0,11.60000038,121.0,139.0,170948.9,139.6999977,147.3200048,0.0,287.0200026,2,4,"Hot Mixed, Hot Laid AC, Dense Graded",Soil-Aggregate Mixture (Predominantly Coarse-Grained),Coarse-Grained Soil: Silty Sand,0,,33.1,Very Poor,rutting (H),10.0,1.045400023,1.180000019,1.112800002,3,32.6,0.5,147.0,0.4024640657084189,33.1,76.0,0.2080766598220397,test
49-1001-1,49-1001,49-1001-1-0,49,Utah,1001,1,20/10/1994,1994,5,ACUB,Asphalt concrete over unbound base/subgrade,Rural Minor Arterial,North,1,General Pavement Studies,Asphalt Concrete on Unbound Granular Base,5.544147844,1243770.0,0.0,265.17,315.48,365.0,11.60000038,121.0,139.0,170948.9,139.6999977,147.3200048,0.0,287.0200026,2,4,"Hot Mixed, Hot Laid AC, Dense Graded",Soil-Aggregate Mixture (Predominantly Coarse-Grained),Coarse-Grained Soil: Silty Sand,0,,33.1,Very Poor,rutting (H),10.0,1.01559999,1.131399989,1.073600006,4,33.1,0.0,76.0,0.2080766598220397,35.5,131.0,0.3586584531143053,test
49-1001-1,49-1001,49-1001-1-0,49,Utah,1001,1,28/2/1995,1995,6,ACUB,Asphalt concrete over unbound base/subgrade,Rural Minor Arterial,North,1,General Pavement Studies,Asphalt Concrete on Unbound Granular Base,5.902806297,1297982.0,54212.0,304.62,404.54,365.0,11.10000038,55.0,136.0,170123.4,139.6999977,147.3200048,0.0,287.0200026,2,4,"Hot Mixed, Hot Laid AC, Dense Graded",Soil-Aggregate Mixture (Predominantly Coarse-Grained),Coarse-Grained Soil: Silty Sand,0,,35.5,Very Poor,rutting (H),10.0,1.014599991,1.167199993,1.091000009,5,33.1,2.3999999999999986,131.0,0.3586584531143053,35.0,65.0,0.17796030116358658,test
49-1001-2,49-1001,49-1001-2-0,49,Utah,1001,2,17/10/1996,1996,1,ACUB,Asphalt concrete over unbound base/subgrade,Rural Minor Arterial,North,1,General Pavement Studies,Asphalt Concrete on Unbound Granular Base,0.117727584,19114.0,,369.61,243.83,366.0,11.5,132.0,149.0,173144.9,149.8599979,147.3200048,0.0,297.1800027,3,5,"Hot Mixed, Hot Laid AC, Dense Graded",Soil-Aggregate Mixture (Predominantly Coarse-Grained),Coarse-Grained Soil: Silty Sand,0,,40.0,Poor,rutting (H),9.0,1.23300004,1.272200036,1.252800012,0,,,,,38.0,26.0,0.07118412046543464,test
49-1001-2,49-1001,49-1001-2-0,49,Utah,1001,2,12/11/1996,1996,2,ACUB,Asphalt concrete over unbound base/subgrade,Rural Minor Arterial,North,1,General Pavement Studies,Asphalt Concrete on Unbound Granular Base,0.188911704,19114.0,0.0,369.61,243.83,366.0,11.5,132.0,149.0,173144.9,149.8599979,147.3200048,0.0,297.1800027,3,5,"Hot Mixed, Hot Laid AC, Dense Graded",Soil-Aggregate Mixture (Predominantly Coarse-Grained),Coarse-Grained Soil: Silty Sand,0,,38.0,Very Poor,rutting (H),11.0,1.23300004,1.272200036,1.252800012,1,40.0,-2.0,26.0,0.07118412046543464,38.0,114.0,0.31211498973305957,test
49-1001-2,49-1001,49-1001-2-0,49,Utah,1001,2,6/3/1997,1997,3,ACUB,Asphalt concrete over unbound base/subgrade,Rural Minor Arterial,North,1,General Pavement Studies,Asphalt Concrete on Unbound Granular Base,0.501026694,95502.0,76388.0,333.28,432.77,365.0,10.69999981,161.0,149.0,166680.0,149.8599979,147.3200048,0.0,297.1800027,3,5,"Hot Mixed, Hot Laid AC, Dense Graded",Soil-Aggregate Mixture (Predominantly Coarse-Grained),Coarse-Grained Soil: Silty Sand,0,,38.0,Very Poor,rutting (H),9.0,1.168599987,1.280999994,1.224800014,2,38.0,0.0,114.0,0.31211498973305957,38.0,32.0,0.08761122518822724,test
49-1001-2,49-1001,49-1001-2-0,49,Utah,1001,2,7/4/1997,1997,4,ACUB,Asphalt concrete over unbound base/subgrade,Rural Minor Arterial,North,1,General Pavement Studies,Asphalt Concrete on Unbound Granular Base,0.588637919,95502.0,0.0,333.28,432.77,365.0,10.69999981,161.0,149.0,166680.0,149.8599979,147.3200048,0.0,297.1800027,3,5,"Hot Mixed, Hot Laid AC, Dense Graded",Soil-Aggregate Mixture (Predominantly Coarse-Grained),Coarse-Grained Soil: Silty Sand,0,,38.0,Very Poor,rutting (H),10.0,1.172199988,1.295000005,1.233599973,3,38.0,0.0,32.0,0.08761122518822724,34.8,928.0,2.54072553045859,test
49-1001-3,49-1001,49-1001-3-0,49,Utah,1001,3,6/10/2004,2004,1,ACUB,Asphalt concrete over unbound base/subgrade,Rural Minor Arterial,North,1,General Pavement Studies,Asphalt Concrete on Unbound Granular Base,1.18275154,105585.0,,401.79,268.59,366.0,11.69999981,121.0,122.0,173715.7,152.3999979,147.3200048,0.0,299.7200028,4,6,"Hot Mixed, Hot Laid AC, Dense Graded",Soil-Aggregate Mixture (Predominantly Coarse-Grained),Coarse-Grained Soil: Silty Sand,0,,21.7,Serious,rutting (H),13.0,1.390999985,1.710000014,1.550600028,0,,,,,13.1,2931.0,8.02464065708419,test
49-1008-2,49-1008,49-1008-2-0,49,Utah,1008,2,17/7/1991,1991,1,ACUB,Asphalt concrete over unbound base/subgrade,Rural Principal Arterial - Other,North,1,General Pavement Studies,Asphalt Concrete on Unbound Granular Base,1.092402464,305585.0,,337.9,348.13,365.0,8.100000381,292.0,155.0,160791.7,256.5399904,119.3799952,0.0,375.9199855,3,5,"Hot Mixed, Hot Laid AC, Dense Graded",Soil-Aggregate Mixture (Predominantly Coarse-Grained),Fine-Grained Soils: Sandy Lean Clay,0,,60.2,Fair,rutting (M),5.0,1.636999989,1.205400014,1.421400023,0,,,,,27.6,2274.0,6.225872689938399,train
49-1008-2,49-1008,49-1008-2-0,49,Utah,1008,2,7/10/1997,1997,2,ACUB,Asphalt concrete over unbound base/subgrade,Rural Principal Arterial - Other,North,1,General Pavement Studies,Asphalt Concrete on Unbound Granular Base,7.318275154,1550075.0,1244490.0,459.07,510.71,365.0,8.199999809,367.0,128.0,162383.3,256.5399904,119.3799952,0.0,375.9199855,3,5,"Hot Mixed, Hot Laid AC, Dense Graded",Soil-Aggregate Mixture (Predominantly Coarse-Grained),Fine-Grained Soils: Sandy Lean Clay,0,,27.6,Very Poor,rutting (M),7.0,1.850800014,1.920599985,1.885800004,1,60.2,-32.6,2274.0,6.225872689938399,0.0,736.0,2.0150581793292264,train
49-1017-2,49-1017,49-1017-2-0,49,Utah,1017,2,18/7/1991,1991,1,ACUB,Asphalt concrete over unbound base/subgrade,Rural Minor Arterial,North,1,General Pavement Studies,Asphalt Concrete on Unbound Granular Base,2.907597536,87652.0,,491.1,326.62,365.0,7.199999809,327.0,164.0,163347.3,129.5400019,142.2399976,172.7200048,444.5000044,4,7,"Hot Mixed, Hot Laid AC, Dense Graded",Soil-Aggregate Mixture (Predominantly Coarse-Grained),Coarse-Grained Soil: Clayey Gravel with Sand,0,,65.4,Fair,long_trans_cracking (M),3.0,1.267200017,1.524600029,1.396000004,0,,,,,2.8,1527.0,4.180698151950718,train
49-1017-2,49-1017,49-1017-2-0,49,Utah,1017,2,22/9/1995,1995,2,ACUB,Asphalt concrete over unbound base/subgrade,Rural Minor Arterial,North,1,General Pavement Studies,Asphalt Concrete on Unbound Granular Base,7.088295688,208604.0,120952.0,616.11,440.49,365.0,7.699999809,200.0,160.0,164733.8,129.5400019,142.2399976,172.7200048,444.5000044,4,7,"Hot Mixed, Hot Laid AC, Dense Graded",Soil-Aggregate Mixture (Predominantly Coarse-Grained),Coarse-Grained Soil: Clayey Gravel with Sand,0,,2.8,Failed,alligator_cracking (M),4.0,1.318799973,1.636999965,1.477799988,1,65.4,-62.60000000000001,1527.0,4.180698151950718,0.0,739.0,2.023271731690623,train
49-1017-2,49-1017,49-1017-2-0,49,Utah,1017,2,30/9/1997,1997,3,ACUB,Asphalt concrete over unbound base/subgrade,Rural Minor Arterial,North,1,General Pavement Studies,Asphalt Concrete on Unbound Granular Base,9.11156742,303633.0,95029.0,660.05,430.29,365.0,7.5,389.0,134.0,163106.6,129.5400019,142.2399976,172.7200048,444.5000044,4,7,"Hot Mixed, Hot Laid AC, Dense Graded",Soil-Aggregate Mixture (Predominantly Coarse-Grained),Coarse-Grained Soil: Clayey Gravel with Sand,0,,0.0,Failed,block_cracking (H),4.0,1.423200011,1.70539999,1.564199996,2,2.8,-2.8,739.0,2.023271731690623,0.0,745.0,2.0396988364134154,train
5-3048-1,5-3048,5-3048-1-0,5,Arkansas,3048,1,13/3/1991,1991,1,ACATB,Asphalt concrete over asphalt treated base/subgrade,Rural Principal Arterial - Other,South,1,General Pavement Studies,Asphalt Concrete on Bound Base,4.194387406,183796.0,,1552.77,1035.73,365.0,16.79999924,12.0,60.0,136288.2,132.080002,187.9600024,0.0,320.0400044,3,5,"Hot Mixed, Hot Laid AC, Dense Graded",Cement Aggregate Mixture,Fine-Grained Soils: Lean Inorganic Clay,0,,83.6,Satisfactory,long_trans_cracking (L),,2.097799969,1.182800007,1.640199995,0,,,,,48.3,182.0,0.49828884325804246,train
5-3048-1,5-3048,5-3048-1-0,5,Arkansas,3048,1,11/9/1991,1991,2,ACATB,Asphalt concrete over asphalt treated base/subgrade,Rural Principal Arterial - Other,South,1,General Pavement Studies,Asphalt Concrete on Bound Base,4.692676249,183796.0,0.0,1552.77,1035.73,365.0,16.79999924,12.0,60.0,136288.2,132.080002,187.9600024,0.0,320.0400044,3,5,"Hot Mixed, Hot Laid AC, Dense Graded",Cement Aggregate Mixture,Fine-Grained Soils: Lean Inorganic Clay,0,,48.3,Poor,rutting (M),5.0,2.075199986,1.248000002,1.661600018,1,83.6,-35.3,182.0,0.49828884325804246,5.6,2154.0,5.897330595482546,train
5-3048-1,5-3048,5-3048-1-0,5,Arkansas,3048,1,4/8/1997,1997,3,ACATB,Asphalt concrete over asphalt treated base/subgrade,Rural Principal Arterial - Other,South,1,General Pavement Studies,Asphalt Concrete on Bound Base,10.59000684,354670.0,170874.0,1473.51,1030.58,365.0,16.0,62.0,45.0,148050.6,132.080002,187.9600024,0.0,320.0400044,3,5,"Hot Mixed, Hot Laid AC, Dense Graded",Cement Aggregate Mixture,Fine-Grained Soils: Lean Inorganic Clay,0,,5.6,Failed,alligator_cracking (M),3.0,,,,2,48.3,-42.699999999999996,2154.0,5.897330595482546,12.9,1053.0,2.8829568788501025,train
5-3048-1,5-3048,5-3048-1-0,5,Arkansas,3048,1,22/6/2000,2000,4,ACATB,Asphalt concrete over asphalt treated base/subgrade,Rural Principal Arterial - Other,South,1,General Pavement Studies,Asphalt Concrete on Bound Base,13.47296372,445557.0,90887.0,1083.63,781.36,366.0,17.29999924,69.0,56.0,155237.4,132.080002,187.9600024,0.0,320.0400044,3,5,"Hot Mixed, Hot Laid AC, Dense Graded",Cement Aggregate Mixture,Fine-Grained Soils: Lean Inorganic Clay,0,,12.9,Serious,alligator_cracking (M),3.0,,,,3,5.6,7.300000000000001,1053.0,2.8829568788501025,0.0,1195.0,3.271731690622861,train
5-3048-1,5-3048,5-3048-1-0,5,Arkansas,3048,1,30/9/2003,2003,5,ACATB,Asphalt concrete over asphalt treated base/subgrade,Rural Principal Arterial - Other,South,1,General Pavement Studies,Asphalt Concrete on Bound Base,16.74469541,571227.0,125670.0,1195.31,1011.92,365.0,16.5,26.0,66.0,149958.6,132.080002,187.9600024,0.0,320.0400044,3,5,"Hot Mixed, Hot Laid AC, Dense Graded",Cement Aggregate Mixture,Fine-Grained Soils: Lean Inorganic Clay,0,,0.0,Failed,rutting (H),8.0,2.719199944,4.367199993,3.543400049,4,12.9,-12.9,1195.0,3.271731690622861,0.0,401.0,1.0978781656399725,train
5-3058-1,5-3058,5-3058-1-0,5,Arkansas,3058,1,10/9/1991,1991,1,ACTB,Asphalt concrete over cement/lime treated base/subgrade,Urban Other Principal Arterial,South,1,General Pavement Studies,Asphalt Concrete on Bound Base,1.856262834,161191.0,,1357.92,1095.54,365.0,15.30000019,41.0,75.0,137260.2,152.4,185.4200048,0.0,337.8200048,2,4,"Hot Mixed, Hot Laid AC, Dense Graded",HMAC,Coarse-Grained Soils: Poorly Graded Sand,0,,83.4,Satisfactory,rutting (L),3.0,0.857799995,0.815799999,0.837,0,,,,,84.4,1178.0,3.2251882272416155,train
5-3058-1,5-3058,5-3058-1-0,5,Arkansas,3058,1,1/12/1994,1994,2,ACTB,Asphalt concrete over cement/lime treated base/subgrade,Urban Other Principal Arterial,South,1,General Pavement Studies,Asphalt Concrete on Bound Base,5.081451061,472778.0,311587.0,1281.36,1057.09,365.0,14.89999962,112.0,64.0,145198.4,152.4,185.4200048,0.0,337.8200048,2,4,"Hot Mixed, Hot Laid AC, Dense Graded",HMAC,Coarse-Grained Soils: Poorly Graded Sand,0,,84.4,Satisfactory,long_trans_cracking (L),,,,,1,83.4,1.0,1178.0,3.2251882272416155,61.2,236.0,0.6461327857631759,train
5-3071-1,5-3071,5-3071-1-0,5,Arkansas,3071,1,8/2/1991,1991,1,ACTB,Asphalt concrete over cement/lime treated base/subgrade,Rural Principal Arterial - Other,North,1,General Pavement Studies,Asphalt Concrete on Bound Base,3.022587269,2504308.0,,1268.81,837.45,365.0,14.39999962,107.0,87.0,143071.2,149.8600024,266.7,0.0,416.5600024,3,5,"Hot Mixed, Hot Laid AC, Dense Graded",HMAC,Fine-Grained Soils: Lean Inorganic Clay,0,,65.0,Fair,rutting (M),6.0,0.591799998,0.596200001,0.594000006,0,,,,,65.0,213.0,0.5831622176591376,test
5-3071-1,5-3071,5-3071-1-0,5,Arkansas,3071,1,9/9/1991,1991,2,ACTB,Asphalt concrete over cement/lime treated base/subgrade,Rural Principal Arterial - Other,North,1,General Pavement Studies,Asphalt Concrete on Bound Base,3.605749487,2504308.0,0.0,1268.81,837.45,365.0,14.39999962,107.0,87.0,143071.2,149.8600024,266.7,0.0,416.5600024,3,5,"Hot Mixed, Hot Laid AC, Dense Graded",HMAC,Fine-Grained Soils: Lean Inorganic Clay,0,,65.0,Fair,rutting (M),5.0,,,,1,65.0,0.0,213.0,0.5831622176591376,88.7,1185.0,3.24435318275154,test
5-3071-1,5-3071,5-3071-1-0,5,Arkansas,3071,1,7/12/1994,1994,3,ACTB,Asphalt concrete over cement/lime treated base/subgrade,Rural Principal Arterial - Other,North,1,General Pavement Studies,Asphalt Concrete on Bound Base,6.850102669,5207070.0,2702762.0,1214.16,978.9,365.0,13.89999962,123.0,73.0,147947.1,149.8600024,266.7,0.0,416.5600024,3,5,"Hot Mixed, Hot Laid AC, Dense Graded",HMAC,Fine-Grained Soils: Lean Inorganic Clay,0,,88.7,Good,long_trans_cracking (L),,0.557399988,0.854000008,0.705599999,2,65.0,23.700000000000003,1185.0,3.24435318275154,88.0,190.0,0.5201916495550992,test
5-3071-2,5-3071,5-3071-2-0,5,Arkansas,3071,2,7/8/1997,1997,1,ACTB,Asphalt concrete over cement/lime treated base/subgrade,Rural Principal Arterial - Other,North,1,General Pavement Studies,Asphalt Concrete on Bound Base,0.889801506,1013860.0,,1026.84,1028.19,365.0,13.30000019,132.0,73.0,149905.0,160.0200026,266.7,0.0,426.7200026,4,6,"Hot Mixed, Hot Laid AC, Dense Graded",HMAC,Fine-Grained Soils: Lean Inorganic Clay,0,,65.0,Fair,rutting (M),7.0,0.83499999,0.758399999,0.796800005,0,,,,,58.1,707.0,1.9356605065023955,test
5-3071-2,5-3071,5-3071-2-0,5,Arkansas,3071,2,15/7/1999,1999,2,ACTB,Asphalt concrete over cement/lime treated base/subgrade,Rural Principal Arterial - Other,North,1,General Pavement Studies,Asphalt Concrete on Bound Base,2.825462012,3312621.0,2298761.0,1281.19,1021.4,365.0,14.80000019,65.0,65.0,152649.0,160.0200026,266.7,0.0,426.7200026,4,6,"Hot Mixed, Hot Laid AC, Dense Graded",HMAC,Fine-Grained Soils: Lean Inorganic Clay,0,,58.1,Fair,rutting (M),7.0,0.852600002,0.781799996,0.817199993,1,65.0,-6.899999999999999,707.0,1.9356605065023955,57.6,349.0,0.9555099247091033,test
5-3071-2,5-3071,5-3071-2-0,5,Arkansas,3071,2,28/6/2000,2000,3,ACTB,Asphalt concrete over cement/lime treated base/subgrade,Rural Principal Arterial - Other,North,1,General Pavement Studies,Asphalt Concrete on Bound Base,3.780971937,3752696.0,440075.0,846.61,983.91,366.0,14.19999981,174.0,75.0,153307.1,160.0200026,266.7,0.0,426.7200026,4,6,"Hot Mixed, Hot Laid AC, Dense Graded",HMAC,Fine-Grained Soils: Lean Inorganic Clay,0,,57.6,Fair,rutting (M),6.0,,,,2,58.1,-0.5,349.0,0.9555099247091033,46.4,1058.0,2.8966461327857633,test
5-3071-2,5-3071,5-3071-2-0,5,Arkansas,3071,2,22/5/2003,2003,4,ACTB,Asphalt concrete over cement/lime treated base/subgrade,Rural Principal Arterial - Other,North,1,General Pavement Studies,Asphalt Concrete on Bound Base,6.67761807,7279888.0,3527192.0,983.9,926.28,365.0,14.10000038,91.0,86.0,152786.8,160.0200026,266.7,0.0,426.7200026,4,6,"Hot Mixed, Hot Laid AC, Dense Graded",HMAC,Fine-Grained Soils: Lean Inorganic Clay,0,,46.4,Poor,rutting (M),6.0,1.138199997,0.998999989,1.068599987,3,57.6,-11.200000000000003,1058.0,2.8966461327857633,46.4,291.0,0.7967145790554415,test
50-1002-1,50-1002,50-1002-1-0,50,Vermont,1002,1,25/5/1994,1994,1,ACUB,Asphalt concrete over unbound base/subgrade,Rural Principal Arterial - Other,North,1,General Pavement Studies,Asphalt Concrete on Unbound Granular Base,5.812457221,975792.0,,1194.05,865.65,365.0,5.199999809,1171.0,84.0,124754.2,215.9,655.3199806,0.0,871.2199806,2,4,"Hot Mixed, Hot Laid AC, Dense Graded",Crushed Gravel,Coarse-Grained Soil: Poorly Graded Gravel with Silt and Sand,0,,28.3,Very Poor,rutting (H),9.0,1.155599999,1.145600009,1.150600004,0,,,,,22.8,84.0,0.2299794661190965,test
50-1002-1,50-1002,50-1002-1-0,50,Vermont,1002,1,17/8/1994,1994,2,ACUB,Asphalt concrete over unbound base/subgrade,Rural Principal Arterial - Other,North,1,General Pavement Studies,Asphalt Concrete on Unbound Granular Base,6.042436687,975792.0,0.0,1194.05,865.65,365.0,5.199999809,1171.0,84.0,124754.2,215.9,655.3199806,0.0,871.2199806,2,4,"Hot Mixed, Hot Laid AC, Dense Graded",Crushed Gravel,Coarse-Grained Soil: Poorly Graded Gravel with Silt and Sand,0,,22.8,Serious,rutting (H),10.0,1.2898,1.328999996,1.30940001,1,28.3,-5.5,84.0,0.2299794661190965,28.0,253.0,0.6926762491444216,test
50-1002-1,50-1002,50-1002-1-0,50,Vermont,1002,1,27/4/1995,1995,3,ACUB,Asphalt concrete over unbound base/subgrade,Rural Principal Arterial - Other,North,1,General Pavement Studies,Asphalt Concrete on Unbound Granular Base,6.735112936,1054207.0,78415.0,967.92,827.89,365.0,5.900000095,916.0,88.0,128584.6,215.9,655.3199806,0.0,871.2199806,2,4,"Hot Mixed, Hot Laid AC, Dense Graded",Crushed Gravel,Coarse-Grained Soil: Poorly Graded Gravel with Silt and Sand,0,,28.0,Very Poor,rutting (H),10.0,1.194999981,1.156799984,1.175999975,2,22.8,5.199999999999999,253.0,0.6926762491444216,14.5,539.0,1.4757015742642026,test
50-1002-1,50-1002,50-1002-1-0,50,Vermont,1002,1,17/10/1996,1996,4,ACUB,Asphalt concrete over unbound base/subgrade,Rural Principal Arterial - Other,North,1,General Pavement Studies,Asphalt Concrete on Unbound Granular Base,8.210814511,1143429.0,89222.0,1417.23,874.87,366.0,5.599999905,873.0,106.0,121546.8,215.9,655.3199806,0.0,871.2199806,2,4,"Hot Mixed, Hot Laid AC, Dense Graded",Crushed Gravel,Coarse-Grained Soil: Poorly Graded Gravel with Silt and Sand,0,,14.5,Serious,rutting (H),10.0,1.268799996,1.197200036,1.233200026,3,28.0,-13.5,539.0,1.4757015742642026,22.7,210.0,0.5749486652977412,test
50-1002-1,50-1002,50-1002-1-0,50,Vermont,1002,1,15/5/1997,1997,5,ACUB,Asphalt concrete over unbound base/subgrade,Rural Principal Arterial - Other,North,1,General Pavement Studies,Asphalt Concrete on Unbound Granular Base,8.785763176,1228171.0,84742.0,990.51,898.99,365.0,5.199999809,932.0,94.0,126824.2,215.9,655.3199806,0.0,871.2199806,2,4,"Hot Mixed, Hot Laid AC, Dense Graded",Crushed Gravel,Coarse-Grained Soil: Poorly Graded Gravel with Silt and Sand,0,,22.7,Serious,rutting (H),11.0,1.106399989,1.252600026,1.179400039,4,14.5,8.2,210.0,0.5749486652977412,21.2,161.0,0.4407939767282683,test
50-1002-1,50-1002,50-1002-1-0,50,Vermont,1002,1,23/10/1997,1997,6,ACUB,Asphalt concrete over unbound base/subgrade,Rural Principal Arterial - Other,North,1,General Pavement Studies,Asphalt Concrete on Unbound Granular Base,9.226557153,1228171.0,0.0,990.51,898.99,365.0,5.199999809,932.0,94.0,126824.2,215.9,655.3199806,0.0,871.2199806,2,4,"Hot Mixed, Hot Laid AC, Dense Graded",Crushed Gravel,Coarse-Grained Soil: Poorly Graded Gravel with Silt and Sand,0,,21.2,Serious,rutting (H),11.0,1.279999971,1.221199989,1.25059998,5,22.7,-1.5,161.0,0.4407939767282683,3.8,229.0,0.6269678302532512,test
50-1002-1,50-1002,50-1002-1-0,50,Vermont,1002,1,9/6/1998,1998,7,ACUB,Asphalt concrete over unbound base/subgrade,Rural Principal Arterial - Other,North,1,General Pavement Studies,Asphalt Concrete on Unbound Granular Base,9.853524983,1314699.0,86528.0,1157.48,915.15,365.0,7.300000191,570.0,102.0,123861.8,215.9,655.3199806,0.0,871.2199806,2,4,"Hot Mixed, Hot Laid AC, Dense Graded",Crushed Gravel,Coarse-Grained Soil: Poorly Graded Gravel with Silt and Sand,0,,3.8,Failed,rutting (H),11.0,1.333200002,1.251799989,1.292600012,6,21.2,-17.4,229.0,0.6269678302532512,0.0,477.0,1.3059548254620124,test
50-1002-1,50-1002,50-1002-1-0,50,Vermont,1002,1,29/9/1999,1999,8,ACUB,Asphalt concrete over unbound base/subgrade,Rural Principal Arterial - Other,North,1,General Pavement Studies,Asphalt Concrete on Unbound Granular Base,11.15947981,1437237.0,122538.0,1031.09,888.96,365.0,7.099999905,690.0,101.0,133892.9,215.9,655.3199806,0.0,871.2199806,2,4,"Hot Mixed, Hot Laid AC, Dense Graded",Crushed Gravel,Coarse-Grained Soil: Poorly Graded Gravel with Silt and Sand,0,,0.0,Failed,rutting (H),12.0,1.344799995,1.263000011,1.303999996,7,3.8,-3.8,477.0,1.3059548254620124,0.0,55.0,0.15058179329226556,test
50-1002-1,50-1002,50-1002-1-0,50,Vermont,1002,1,23/11/1999,1999,9,ACUB,Asphalt concrete over unbound base/subgrade,Rural Principal Arterial - Other,North,1,General Pavement Studies,Asphalt Concrete on Unbound Granular Base,11.3100616,1437237.0,0.0,1031.09,888.96,365.0,7.099999905,690.0,101.0,133892.9,215.9,655.3199806,0.0,871.2199806,2,4,"Hot Mixed, Hot Laid AC, Dense Graded",Crushed Gravel,Coarse-Grained Soil: Poorly Graded Gravel with Silt and Sand,0,,0.0,Failed,rutting (H),13.0,1.344799995,1.263000011,1.303999996,8,0.0,0.0,55.0,0.15058179329226556,0.0,106.0,0.29021218343600275,test
50-1002-1,50-1002,50-1002-1-0,50,Vermont,1002,1,8/3/2000,2000,10,ACUB,Asphalt concrete over unbound base/subgrade,Rural Principal Arterial - Other,North,1,General Pavement Studies,Asphalt Concrete on Unbound Granular Base,11.60027379,1565122.0,127885.0,1329.14,858.28,366.0,5.599999905,875.0,93.0,123002.8,215.9,655.3199806,0.0,871.2199806,2,4,"Hot Mixed, Hot Laid AC, Dense Graded",Crushed Gravel,Coarse-Grained Soil: Poorly Graded Gravel with Silt and Sand,0,,0.0,Failed,rutting (H),13.0,1.792400002,1.708400011,1.750400019,9,0.0,0.0,106.0,0.29021218343600275,7.2,182.0,0.49828884325804246,test
50-1002-1,50-1002,50-1002-1-0,50,Vermont,1002,1,6/9/2000,2000,11,ACUB,Asphalt concrete over unbound base/subgrade,Rural Principal Arterial - Other,North,1,General Pavement Studies,Asphalt Concrete on Unbound Granular Base,12.09856263,1565122.0,0.0,1329.14,858.28,366.0,5.599999905,875.0,93.0,123002.8,215.9,655.3199806,0.0,871.2199806,2,4,"Hot Mixed, Hot Laid AC, Dense Graded",Crushed Gravel,Coarse-Grained Soil: Poorly Graded Gravel with Silt and Sand,0,,7.2,Failed,rutting (H),14.0,1.4148,1.25940001,1.337199998,10,0.0,7.2,182.0,0.49828884325804246,9.5,272.0,0.7446954140999316,test
50-1002-1,50-1002,50-1002-1-0,50,Vermont,1002,1,5/6/2001,2001,12,ACUB,Asphalt concrete over unbound base/subgrade,Rural Principal Arterial - Other,North,1,General Pavement Studies,Asphalt Concrete on Unbound Granular Base,12.84325804,1681231.0,116109.0,857.39,880.02,365.0,6.699999809,788.0,82.0,131905.2,215.9,655.3199806,0.0,871.2199806,2,4,"Hot Mixed, Hot Laid AC, Dense Graded",Crushed Gravel,Coarse-Grained Soil: Poorly Graded Gravel with Silt and Sand,0,,9.5,Failed,rutting (H),14.0,1.444999981,1.276000023,1.360400009,11,7.2,2.3,272.0,0.7446954140999316,0.0,100.0,0.2737850787132101,test
50-1002-1,50-1002,50-1002-1-0,50,Vermont,1002,1,13/9/2001,2001,13,ACUB,Asphalt concrete over unbound base/subgrade,Rural Principal Arterial - Other,North,1,General Pavement Studies,Asphalt Concrete on Unbound Granular Base,13.11704312,1681231.0,0.0,857.39,880.02,365.0,6.699999809,788.0,82.0,131905.2,215.9,655.3199806,0.0,871.2199806,2,4,"Hot Mixed, Hot Laid AC, Dense Graded",Crushed Gravel,Coarse-Grained Soil: Poorly Graded Gravel with Silt and Sand,0,,0.0,Failed,rutting (H),14.0,1.5148,1.334599996,1.424800014,12,9.5,-9.5,100.0,0.2737850787132101,0.0,405.0,1.108829568788501,test
50-1002-1,50-1002,50-1002-1-0,50,Vermont,1002,1,23/10/2002,2002,14,ACUB,Asphalt concrete over unbound base/subgrade,Rural Principal Arterial - Other,North,1,General Pavement Studies,Asphalt Concrete on Unbound Granular Base,14.22587269,1789658.0,108427.0,1370.3,834.07,365.0,6.699999809,633.0,113.0,125925.7,215.9,655.3199806,0.0,871.2199806,2,4,"Hot Mixed, Hot Laid AC, Dense Graded",Crushed Gravel,Coarse-Grained Soil: Poorly Graded Gravel with Silt and Sand,0,,0.0,Failed,rutting (H),15.0,1.526400018,1.418599987,1.472600031,13,0.0,0.0,405.0,1.108829568788501,0.0,188.0,0.5147159479808351,test
50-1002-1,50-1002,50-1002-1-0,50,Vermont,1002,1,29/4/2003,2003,15,ACUB,Asphalt concrete over unbound base/subgrade,Rural Principal Arterial - Other,North,1,General Pavement Studies,Asphalt Concrete on Unbound Granular Base,14.74058864,1895988.0,106330.0,1375.63,867.53,365.0,5.400000095,1150.0,79.0,121590.3,215.9,655.3199806,0.0,871.2199806,2,4,"Hot Mixed, Hot Laid AC, Dense Graded",Crushed Gravel,Coarse-Grained Soil: Poorly Graded Gravel with Silt and Sand,0,,0.0,Failed,rutting (H),15.0,1.535800004,1.35320003,1.444799995,14,0.0,0.0,188.0,0.5147159479808351,0.0,211.0,0.5776865160848734,test
50-1004-2,50-1004,50-1004-2-0,50,Vermont,1004,2,14/7/1999,1999,1,ACUB,Asphalt concrete over unbound base/subgrade,Rural Principal Arterial - Other,East,1,General Pavement Studies,Asphalt Concrete on Unbound Granular Base,0.769336071,34233.0,,1058.85,841.68,365.0,7.300000191,754.0,85.0,131891.2,205.7399976,624.8400097,548.6400097,1379.220017,2,5,"Hot Mixed, Hot Laid AC, Dense Graded",Crushed Gravel,Fine-Grained Soils: Fat Inorganic Clay,0,,0.0,Failed,rutting (H),8.0,0.916599989,2.00800004,1.462199998,0,,,,,0.0,316.0,0.865160848733744,train
51-1023-1,51-1023,51-1023-1-0,51,Virginia,1023,1,11/5/1992,1992,1,ACATB,Asphalt concrete over asphalt treated base/subgrade,Rural Principal Arterial - Interstate,North,1,General Pavement Studies,Asphalt Concrete on Unbound Granular Base,3.86036961,12350300.0,,1383.47,967.32,366.0,13.60000038,15.0,89.0,140214.7,256.5399976,142.2399976,213.3599903,612.1399855,2,5,"Hot Mixed, Hot Laid AC, Dense Graded",Soil-Aggregate Mixture (Predominantly Fine-Grained),Fine-Grained Soils: Silt,0,,40.0,Poor,rutting (H),17.0,1.746399975,1.394399977,1.5704,0,,,,,35.7,575.0,1.5742642026009583,train
51-1023-1,51-1023,51-1023-1-0,51,Virginia,1023,1,7/12/1993,1993,2,ACATB,Asphalt concrete over asphalt treated base/subgrade,Rural Principal Arterial - Interstate,North,1,General Pavement Studies,Asphalt Concrete on Unbound Granular Base,5.434633812,13296374.0,946074.0,1187.9,901.87,365.0,14.10000038,50.0,87.0,144328.1,256.5399976,142.2399976,213.3599903,612.1399855,2,5,"Hot Mixed, Hot Laid AC, Dense Graded",Soil-Aggregate Mixture (Predominantly Fine-Grained),Fine-Grained Soils: Silt,0,,35.7,Very Poor,rutting (H),16.0,2.087199974,1.476999998,1.782000017,1,40.0,-4.299999999999997,575.0,1.5742642026009583,29.0,650.0,1.7796030116358659,train
51-1023-1,51-1023,51-1023-1-0,51,Virginia,1023,1,18/9/1995,1995,3,ACATB,Asphalt concrete over asphalt treated base/subgrade,Rural Principal Arterial - Interstate,North,1,General Pavement Studies,Asphalt Concrete on Unbound Granular Base,7.214236824,15312188.0,2015814.0,1401.59,909.3,365.0,13.89999962,62.0,92.0,145129.9,256.5399976,142.2399976,213.3599903,612.1399855,2,5,"Hot Mixed, Hot Laid AC, Dense Graded",Soil-Aggregate Mixture (Predominantly Fine-Grained),Fine-Grained Soils: Silt,0,,29.0,Very Poor,rutting (H),15.0,2.039199972,1.575,1.806999993,2,35.7,-6.700000000000003,650.0,1.7796030116358659,23.3,553.0,1.514031485284052,train
51-1464-1,51-1464,51-1464-1-0,51,Virginia,1464,1,18/3/1996,1996,1,ACATB,Asphalt concrete over asphalt treated base/subgrade,Rural Principal Arterial - Interstate,West,1,General Pavement Studies,Asphalt Concrete on Unbound Granular Base,6.628336756,12003176.0,,1782.34,1079.84,366.0,12.89999962,143.0,78.0,139907.1,213.3599964,129.5399976,137.1600024,480.0599964,2,5,"Hot Mixed, Hot Laid AC, Dense Graded",Soil-Aggregate Mixture (Predominantly Coarse-Grained),Fine-Grained Soils: Sandy Silty Clay,0,,8.4,Failed,rutting (H),10.0,1.331599998,1.163400006,1.247599983,0,,,,,0.0,400.0,1.0951403148528405,train
51-2004-1,51-2004,51-2004-1-0,51,Virginia,2004,1,16/12/1996,1996,1,ACATB,Asphalt concrete over asphalt treated base/subgrade,Urban Other Principal Arterial,South,1,General Pavement Studies,Asphalt Concrete on Bound Base,8.041067762,2351792.0,,1366.83,1117.7,366.0,12.69999981,152.0,93.0,145404.5,187.9600024,154.9399976,0.0,342.9,2,4,"Hot Mixed, Hot Laid AC, Dense Graded",Lean Concrete,Fine-Grained Soils: Silt,0,,0.0,Failed,alligator_cracking (H),8.0,,,,0,,,,,0.0,472.0,1.2922655715263518,train
53-1002-1,53-1002,53-1002-1-0,53,Washington,1002,1,22/4/1997,1997,1,ACUB,Asphalt concrete over unbound base/subgrade,Rural Principal Arterial - Other,East,1,General Pavement Studies,Asphalt Concrete on Unbound Granular Base,8.6954141,512064.0,,693.35,581.53,365.0,10.30000019,70.0,97.0,130774.4,116.8400051,203.2,0.0,320.0400051,2,4,"Hot Mixed, Hot Laid AC, Dense Graded",Crushed Gravel,Fine-Grained Soils: Gravelly Silt,0,,27.1,Very Poor,rutting (H),8.0,1.522400022,1.780200005,1.651200008,0,,,,,26.3,727.0,1.9904175222450375,train
53-1002-1,53-1002,53-1002-1-0,53,Washington,1002,1,19/4/1999,1999,2,ACUB,Asphalt concrete over unbound base/subgrade,Rural Principal Arterial - Other,East,1,General Pavement Studies,Asphalt Concrete on Unbound Granular Base,10.68583162,607349.0,95285.0,647.74,416.19,365.0,10.69999981,27.0,91.0,133319.8,116.8400051,203.2,0.0,320.0400051,2,4,"Hot Mixed, Hot Laid AC, Dense Graded",Crushed Gravel,Fine-Grained Soils: Gravelly Silt,0,,26.3,Very Poor,rutting (H),9.0,1.503600001,1.906999993,1.705400014,1,27.1,-0.8000000000000007,727.0,1.9904175222450375,17.5,1102.0,3.0171115674195756,train
53-1002-1,53-1002,53-1002-1-0,53,Washington,1002,1,25/4/2002,2002,3,ACUB,Asphalt concrete over unbound base/subgrade,Rural Principal Arterial - Other,East,1,General Pavement Studies,Asphalt Concrete on Unbound Granular Base,13.70294319,751432.0,144083.0,491.07,397.16,365.0,10.60000038,31.0,102.0,133364.2,116.8400051,203.2,0.0,320.0400051,2,4,"Hot Mixed, Hot Laid AC, Dense Graded",Crushed Gravel,Fine-Grained Soils: Gravelly Silt,0,,17.5,Serious,rutting (H),10.0,,,,2,26.3,-8.8,1102.0,3.0171115674195756,9.7,763.0,2.088980150581793,train
53-1002-1,53-1002,53-1002-1-0,53,Washington,1002,1,27/5/2004,2004,4,ACUB,Asphalt concrete over unbound base/subgrade,Rural Principal Arterial - Other,East,1,General Pavement Studies,Asphalt Concrete on Unbound Granular Base,15.79192334,857944.0,106512.0,563.39,436.14,366.0,11.19999981,64.0,77.0,131054.2,116.8400051,203.2,0.0,320.0400051,2,4,"Hot Mixed, Hot Laid AC, Dense Graded",Crushed Gravel,Fine-Grained Soils: Gravelly Silt,0,,9.7,Failed,rutting (H),12.0,,,,3,17.5,-7.800000000000001,763.0,2.088980150581793,5.4,1160.0,3.1759069130732374,train
53-1006-2,53-1006,53-1006-2-0,53,Washington,1006,2,12/5/1999,1999,1,ACUB,Asphalt concrete over unbound base/subgrade,Rural Principal Arterial - Other,North,1,General Pavement Studies,Asphalt Concrete on Unbound Granular Base,1.801505818,102896.0,,500.56,583.39,365.0,5.599999905,398.0,148.0,130440.7,96.52000257,83.81999879,91.43999758,271.7799989,2,5,"Hot Mixed, Hot Laid AC, Dense Graded",Soil-Aggregate Mixture (Predominantly Coarse-Grained),Coarse-Grained Soil: Poorly Graded Gravel with Silt and Sand,0,,6.0,Failed,rutting (H),11.0,1.849399972,1.739199996,1.794199991,0,,,,,0.0,348.0,0.9527720739219713,test
53-1006-3,53-1006,53-1006-3-0,53,Washington,1006,3,16/4/2003,2003,1,ACUB,Asphalt concrete over unbound base/subgrade,Rural Principal Arterial - Other,North,1,General Pavement Studies,Asphalt Concrete on Unbound Granular Base,2.896646133,132273.0,,419.04,416.93,365.0,6.900000095,450.0,117.0,130928.3,106.6800027,83.81999879,91.43999758,281.9399991,3,6,"Hot Mixed, Hot Laid AC, Dense Graded",Soil-Aggregate Mixture (Predominantly Coarse-Grained),Coarse-Grained Soil: Poorly Graded Gravel with Silt and Sand,0,,0.0,Failed,rutting (H),12.0,1.948599982,1.981399989,1.96500001,0,,,,,0.0,805.0,2.2039698836413417,test
53-1501-1,53-1501,53-1501-1-0,53,Washington,1501,1,29/5/1991,1991,1,ACUB,Asphalt concrete over unbound base/subgrade,Rural Principal Arterial - Other,West,1,General Pavement Studies,Asphalt Concrete on Unbound Granular Base,2.05065024,51448.0,,493.89,309.42,365.0,9.199999809,189.0,119.0,131130.1,109.2200018,162.5600024,144.7799952,416.5599994,2,5,Other,Crushed Gravel,Coarse-Grained Soil: Silty Gravel with Sand,0,,44.7,Poor,rutting (M),5.0,1.100600004,1.059200001,1.079800034,0,,,,,20.2,1545.0,4.229979466119096,train
53-1501-1,53-1501,53-1501-1-0,53,Washington,1501,1,21/8/1995,1995,2,ACUB,Asphalt concrete over unbound base/subgrade,Rural Principal Arterial - Other,West,1,General Pavement Studies,Asphalt Concrete on Unbound Granular Base,6.280629706,73875.0,22427.0,581.45,365.8,365.0,9.0,247.0,105.0,130495.1,109.2200018,162.5600024,144.7799952,416.5599994,2,5,Other,Crushed Gravel,Coarse-Grained Soil: Silty Gravel with Sand,0,,20.2,Serious,rutting (H),8.0,1.33440001,1.203799987,1.269199991,1,44.7,-24.500000000000004,1545.0,4.229979466119096,15.3,617.0,1.6892539356605065,train
53-1501-1,53-1501,53-1501-1-0,53,Washington,1501,1,29/4/1997,1997,3,ACUB,Asphalt concrete over unbound base/subgrade,Rural Principal Arterial - Other,West,1,General Pavement Studies,Asphalt Concrete on Unbound Granular Base,7.969883641,86030.0,12155.0,515.32,417.6,365.0,8.899999619,248.0,121.0,128592.2,109.2200018,162.5600024,144.7799952,416.5599994,2,5,Other,Crushed Gravel,Coarse-Grained Soil: Silty Gravel with Sand,0,,15.3,Serious,rutting (M),7.0,1.514999986,1.423199987,1.46900003,2,20.2,-4.899999999999999,617.0,1.6892539356605065,0.0,741.0,2.028747433264887,train
53-1501-1,53-1501,53-1501-1-0,53,Washington,1501,1,10/5/1999,1999,4,ACUB,Asphalt concrete over unbound base/subgrade,Rural Principal Arterial - Other,West,1,General Pavement Studies,Asphalt Concrete on Unbound Granular Base,9.998631075,100237.0,14207.0,435.86,352.42,365.0,9.300000191,86.0,129.0,131274.3,109.2200018,162.5600024,144.7799952,416.5599994,2,5,Other,Crushed Gravel,Coarse-Grained Soil: Silty Gravel with Sand,0,,0.0,Failed,rutting (H),8.0,1.637200022,1.481200004,1.558999991,3,15.3,-15.3,741.0,2.028747433264887,0.0,344.0,0.9418206707734429,train
53-1801-3,53-1801,53-1801-3-0,53,Washington,1801,3,31/10/1995,1995,1,ACUB,Asphalt concrete over unbound base/subgrade,Urban Minor Arterial,East,1,General Pavement Studies,Asphalt Concrete on Unbound Granular Base,1.248459959,73992.0,,1586.9,854.33,365.0,10.60000038,29.0,47.0,119865.0,233.6799952,93.98000121,0.0,327.6599964,2,4,"Hot Mixed, Hot Laid AC, Dense Graded",Crushed Gravel,Coarse-Grained Soil: Clayey Gravel with Sand,1,456.0,30.9,Very Poor,long_trans_cracking (H),4.0,0.96680001,1.652399969,1.30940001,0,,,,,27.0,513.0,1.404517453798768,train
56-1007-2,56-1007,56-1007-2-0,56,Wyoming,1007,2,13/5/1991,1991,1,ACUB,Asphalt concrete over unbound base/subgrade,Rural Minor Arterial,East,1,General Pavement Studies,Asphalt Concrete on Unbound Granular Base,0.947296372,26526.0,,676.12,365.71,365.0,6.900000095,507.0,155.0,140773.6,71.11999879,157.4799952,0.0,228.5999939,1,3,"Hot Mixed, Hot Laid AC, Dense Graded",Crushed Gravel,Coarse-Grained Soil: Silty Sand with Gravel,0,,60.7,Fair,rutting (M),7.0,0.837249994,0.844999999,0.841249987,0,,,,,58.7,822.0,2.2505133470225873,train
56-1007-2,56-1007,56-1007-2-0,56,Wyoming,1007,2,12/8/1993,1993,2,ACUB,Asphalt concrete over unbound base/subgrade,Rural Minor Arterial,East,1,General Pavement Studies,Asphalt Concrete on Unbound Granular Base,3.197809719,50317.0,23791.0,663.56,374.85,365.0,5.5,603.0,137.0,140470.9,71.11999879,157.4799952,0.0,228.5999939,1,3,"Hot Mixed, Hot Laid AC, Dense Graded",Crushed Gravel,Coarse-Grained Soil: Silty Sand with Gravel,0,,58.7,Fair,rutting (M),5.0,0.897600007,0.921800005,0.909799993,1,60.7,-2.0,822.0,2.2505133470225873,59.2,119.0,0.3258042436687201,train
56-1007-2,56-1007,56-1007-2-0,56,Wyoming,1007,2,9/12/1993,1993,3,ACUB,Asphalt concrete over unbound base/subgrade,Rural Minor Arterial,East,1,General Pavement Studies,Asphalt Concrete on Unbound Granular Base,3.523613963,50317.0,0.0,663.56,374.85,365.0,5.5,603.0,137.0,140470.9,71.11999879,157.4799952,0.0,228.5999939,1,3,"Hot Mixed, Hot Laid AC, Dense Graded",Crushed Gravel,Coarse-Grained Soil: Silty Sand with Gravel,0,,59.2,Fair,rutting (M),5.0,0.9074,0.915199983,0.911400008,2,58.7,0.5,119.0,0.3258042436687201,58.3,97.0,0.2655715263518138,train
56-1007-2,56-1007,56-1007-2-0,56,Wyoming,1007,2,16/3/1994,1994,4,ACUB,Asphalt concrete over unbound base/subgrade,Rural Minor Arterial,East,1,General Pavement Studies,Asphalt Concrete on Unbound Granular Base,3.789185489,59077.0,8760.0,488.38,299.31,365.0,7.599999905,485.0,138.0,145588.5,71.11999879,157.4799952,0.0,228.5999939,1,3,"Hot Mixed, Hot Laid AC, Dense Graded",Crushed Gravel,Coarse-Grained Soil: Silty Sand with Gravel,0,,58.3,Fair,rutting (M),5.0,0.931799996,0.923399997,0.92759999,3,59.2,-0.9000000000000057,97.0,0.2655715263518138,57.8,34.0,0.09308692676249145,train
56-1007-2,56-1007,56-1007-2-0,56,Wyoming,1007,2,19/4/1994,1994,5,ACUB,Asphalt concrete over unbound base/subgrade,Rural Minor Arterial,East,1,General Pavement Studies,Asphalt Concrete on Unbound Granular Base,3.882272416,59077.0,0.0,488.38,299.31,365.0,7.599999905,485.0,138.0,145588.5,71.11999879,157.4799952,0.0,228.5999939,1,3,"Hot Mixed, Hot Laid AC, Dense Graded",Crushed Gravel,Coarse-Grained Soil: Silty Sand with Gravel,0,,57.8,Fair,rutting (M),5.0,0.931799996,0.923399997,0.92759999,4,58.3,-0.5,34.0,0.09308692676249145,52.7,122.0,0.33401779603011633,train
56-1007-2,56-1007,56-1007-2-0,56,Wyoming,1007,2,19/8/1994,1994,6,ACUB,Asphalt concrete over unbound base/subgrade,Rural Minor Arterial,East,1,General Pavement Studies,Asphalt Concrete on Unbound Granular Base,4.216290212,59077.0,0.0,488.38,299.31,365.0,7.599999905,485.0,138.0,145588.5,71.11999879,157.4799952,0.0,228.5999939,1,3,"Hot Mixed, Hot Laid AC, Dense Graded",Crushed Gravel,Coarse-Grained Soil: Silty Sand with Gravel,0,,52.7,Poor,rutting (M),5.0,0.9222,0.961799991,0.941999996,5,57.8,-5.099999999999994,122.0,0.33401779603011633,52.8,181.0,0.49555099247091033,train
56-1007-2,56-1007,56-1007-2-0,56,Wyoming,1007,2,16/2/1995,1995,7,ACUB,Asphalt concrete over unbound base/subgrade,Rural Minor Arterial,East,1,General Pavement Studies,Asphalt Concrete on Unbound Granular Base,4.711841205,66755.0,7678.0,692.36,388.69,365.0,6.800000191,409.0,155.0,140412.8,71.11999879,157.4799952,0.0,228.5999939,1,3,"Hot Mixed, Hot Laid AC, Dense Graded",Crushed Gravel,Coarse-Grained Soil: Silty Sand with Gravel,0,,52.8,Poor,rutting (M),5.0,1.241799998,1.245399976,1.243600011,6,52.7,0.09999999999999432,181.0,0.49555099247091033,54.5,90.0,0.2464065708418891,train
56-1007-2,56-1007,56-1007-2-0,56,Wyoming,1007,2,17/5/1995,1995,8,ACUB,Asphalt concrete over unbound base/subgrade,Rural Minor Arterial,East,1,General Pavement Studies,Asphalt Concrete on Unbound Granular Base,4.958247775,66755.0,0.0,692.36,388.69,365.0,6.800000191,409.0,155.0,140412.8,71.11999879,157.4799952,0.0,228.5999939,1,3,"Hot Mixed, Hot Laid AC, Dense Graded",Crushed Gravel,Coarse-Grained Soil: Silty Sand with Gravel,0,,54.5,Poor,rutting (M),5.0,0.992599988,0.9472,0.969799995,7,52.8,1.7000000000000028,90.0,0.2464065708418891,58.0,114.0,0.31211498973305957,train
56-1007-2,56-1007,56-1007-2-0,56,Wyoming,1007,2,8/9/1995,1995,9,ACUB,Asphalt concrete over unbound base/subgrade,Rural Minor Arterial,East,1,General Pavement Studies,Asphalt Concrete on Unbound Granular Base,5.270362765,66755.0,0.0,692.36,388.69,365.0,6.800000191,409.0,155.0,140412.8,71.11999879,157.4799952,0.0,228.5999939,1,3,"Hot Mixed, Hot Laid AC, Dense Graded",Crushed Gravel,Coarse-Grained Soil: Silty Sand with Gravel,0,,58.0,Fair,rutting (M),5.0,0.9852,0.950399995,0.967799997,8,54.5,3.5,114.0,0.31211498973305957,53.8,412.0,1.1279945242984257,train
56-1007-2,56-1007,56-1007-2-0,56,Wyoming,1007,2,24/10/1996,1996,10,ACUB,Asphalt concrete over unbound base/subgrade,Rural Minor Arterial,East,1,General Pavement Studies,Asphalt Concrete on Unbound Granular Base,6.39835729,73043.0,6288.0,527.06,336.98,366.0,6.300000191,707.0,144.0,144089.9,71.11999879,157.4799952,0.0,228.5999939,1,3,"Hot Mixed, Hot Laid AC, Dense Graded",Crushed Gravel,Coarse-Grained Soil: Silty Sand with Gravel,0,,53.8,Poor,rutting (M),5.0,1.141199994,1.067400002,1.104400015,9,58.0,-4.200000000000003,412.0,1.1279945242984257,53.9,26.0,0.07118412046543464,train
56-1007-2,56-1007,56-1007-2-0,56,Wyoming,1007,2,19/11/1996,1996,11,ACUB,Asphalt concrete over unbound base/subgrade,Rural Minor Arterial,East,1,General Pavement Studies,Asphalt Concrete on Unbound Granular Base,6.46954141,73043.0,0.0,527.06,336.98,366.0,6.300000191,707.0,144.0,144089.9,71.11999879,157.4799952,0.0,228.5999939,1,3,"Hot Mixed, Hot Laid AC, Dense Graded",Crushed Gravel,Coarse-Grained Soil: Silty Sand with Gravel,0,,53.9,Poor,rutting (M),5.0,1.141199994,1.067400002,1.104400015,10,53.8,0.10000000000000142,26.0,0.07118412046543464,57.8,111.0,0.30390143737166325,train
56-1007-2,56-1007,56-1007-2-0,56,Wyoming,1007,2,10/3/1997,1997,12,ACUB,Asphalt concrete over unbound base/subgrade,Rural Minor Arterial,East,1,General Pavement Studies,Asphalt Concrete on Unbound Granular Base,6.773442847,78389.0,5346.0,686.67,445.79,365.0,6.5,570.0,135.0,140060.7,71.11999879,157.4799952,0.0,228.5999939,1,3,"Hot Mixed, Hot Laid AC, Dense Graded",Crushed Gravel,Coarse-Grained Soil: Silty Sand with Gravel,0,,57.8,Fair,rutting (M),5.0,1.162199998,1.062000012,1.111999989,11,53.9,3.8999999999999986,111.0,0.30390143737166325,47.8,14.0,0.038329911019849415,train
56-1007-2,56-1007,56-1007-2-0,56,Wyoming,1007,2,24/3/1997,1997,13,ACUB,Asphalt concrete over unbound base/subgrade,Rural Minor Arterial,East,1,General Pavement Studies,Asphalt Concrete on Unbound Granular Base,6.811772758,78389.0,0.0,686.67,445.79,365.0,6.5,570.0,135.0,140060.7,71.11999879,157.4799952,0.0,228.5999939,1,3,"Hot Mixed, Hot Laid AC, Dense Graded",Crushed Gravel,Coarse-Grained Soil: Silty Sand with Gravel,0,,47.8,Poor,rutting (M),5.0,1.162199998,1.062000012,1.111999989,12,57.8,-10.0,14.0,0.038329911019849415,56.2,136.0,0.3723477070499658,train
56-1007-2,56-1007,56-1007-2-0,56,Wyoming,1007,2,7/8/1997,1997,14,ACUB,Asphalt concrete over unbound base/subgrade,Rural Minor Arterial,East,1,General Pavement Studies,Asphalt Concrete on Unbound Granular Base,7.184120465,78389.0,0.0,686.67,445.79,365.0,6.5,570.0,135.0,140060.7,71.11999879,157.4799952,0.0,228.5999939,1,3,"Hot Mixed, Hot Laid AC, Dense Graded",Crushed Gravel,Coarse-Grained Soil: Silty Sand with Gravel,0,,56.2,Fair,rutting (M),5.0,1.18599999,1.134600019,1.1602,13,47.8,8.400000000000006,136.0,0.3723477070499658,58.2,54.0,0.14784394250513347,train
56-1007-4,56-1007,56-1007-4-0,56,Wyoming,1007,4,19/10/1999,1999,1,ACUB,Asphalt concrete over unbound base/subgrade,Rural Minor Arterial,East,1,General Pavement Studies,Asphalt Concrete on Unbound Granular Base,0.131416838,2102.0,,566.59,372.77,365.0,8.100000381,212.0,153.0,144040.8,88.89999886,157.4799952,0.0,246.379994,3,5,"Hot Mixed, Hot Laid AC, Dense Graded",Crushed Gravel,Coarse-Grained Soil: Silty Sand with Gravel,0,,60.1,Fair,rutting (M),5.0,1.192200017,1.054200006,1.123000026,0,,,,,46.0,1015.0,2.7789185489390826,train
56-1007-4,56-1007,56-1007-4-0,56,Wyoming,1007,4,30/7/2002,2002,2,ACUB,Asphalt concrete over unbound base/subgrade,Rural Minor Arterial,East,1,General Pavement Studies,Asphalt Concrete on Unbound Granular Base,2.910335387,29202.0,27100.0,488.41,287.37,365.0,6.900000095,480.0,149.0,144056.8,88.89999886,157.4799952,0.0,246.379994,3,5,"Hot Mixed, Hot Laid AC, Dense Graded",Crushed Gravel,Coarse-Grained Soil: Silty Sand with Gravel,0,,46.0,Poor,rutting (M),4.0,,,,1,60.1,-14.100000000000001,1015.0,2.7789185489390826,39.4,784.0,2.1464750171115674,train
56-2015-1,56-2015,56-2015-1-0,56,Wyoming,2015,1,10/6/1994,1994,1,ACATB,Asphalt concrete over asphalt treated base/subgrade,Rural Principal Arterial - Interstate,North,1,General Pavement Studies,Asphalt Concrete on Bound Base,5.817932923,2731878.0,,411.37,362.27,365.0,8.0,378.0,139.0,153088.9,99.06000242,254.0,350.5200048,703.5800073,1,4,"Hot Mixed, Hot Laid AC, Dense Graded",Cement Aggregate Mixture,Coarse-Grained Soil: Silty Sand with Gravel,0,,47.6,Poor,long_trans_cracking (H),,2.012600017,1.80999999,1.911000013,0,,,,,0.0,1145.0,3.134839151266256,train
56-2015-1,56-2015,56-2015-1-0,56,Wyoming,2015,1,29/7/1997,1997,2,ACATB,Asphalt concrete over asphalt treated base/subgrade,Rural Principal Arterial - Interstate,North,1,General Pavement Studies,Asphalt Concrete on Bound Base,8.952772074,3234293.0,502415.0,685.87,448.96,365.0,7.0,534.0,132.0,151669.8,99.06000242,254.0,350.5200048,703.5800073,1,4,"Hot Mixed, Hot Laid AC, Dense Graded",Cement Aggregate Mixture,Coarse-Grained Soil: Silty Sand with Gravel,0,,0.0,Failed,rutting (H),9.0,2.146999979,2.168200016,2.157600021,1,47.6,-47.6,1145.0,3.134839151266256,3.2,386.0,1.056810403832991,train
56-2015-1,56-2015,56-2015-1-0,56,Wyoming,2015,1,19/8/1998,1998,3,ACATB,Asphalt concrete over asphalt treated base/subgrade,Rural Principal Arterial - Interstate,North,1,General Pavement Studies,Asphalt Concrete on Bound Base,10.00958248,3438765.0,204472.0,574.71,432.19,365.0,7.599999905,365.0,142.0,150753.7,99.06000242,254.0,350.5200048,703.5800073,1,4,"Hot Mixed, Hot Laid AC, Dense Graded",Cement Aggregate Mixture,Coarse-Grained Soil: Silty Sand with Gravel,0,,3.2,Failed,rutting (H),8.0,2.436800051,2.105999994,2.271199989,2,0.0,3.2,386.0,1.056810403832991,0.0,1434.0,3.9260780287474333,train
56-2015-1,56-2015,56-2015-1-0,56,Wyoming,2015,1,23/7/2002,2002,4,ACATB,Asphalt concrete over asphalt treated base/subgrade,Rural Principal Arterial - Interstate,North,1,General Pavement Studies,Asphalt Concrete on Bound Base,13.93566051,4294111.0,855346.0,421.67,274.84,365.0,7.599999905,429.0,151.0,158323.0,99.06000242,254.0,350.5200048,703.5800073,1,4,"Hot Mixed, Hot Laid AC, Dense Graded",Cement Aggregate Mixture,Coarse-Grained Soil: Silty Sand with Gravel,0,,0.0,Failed,rutting (H),12.0,2.206599951,2.453399992,2.330200005,3,3.2,-3.2,1434.0,3.9260780287474333,0.0,352.0,0.9637234770704997,train
56-2017-1,56-2017,56-2017-1-0,56,Wyoming,2017,1,19/9/1994,1994,1,ACATB,Asphalt concrete over asphalt treated base/subgrade,Rural Minor Arterial,East,1,General Pavement Studies,Asphalt Concrete on Bound Base,6.091718001,719700.0,,358.93,305.56,365.0,8.199999809,465.0,137.0,149444.7,63.49999886,284.4799952,0.0,347.979994,2,4,"Hot Mixed, Hot Laid AC, Dense Graded",Cement Aggregate Mixture,Coarse-Grained Soil: Clayey Gravel with Sand,0,,68.5,Fair,long_trans_cracking (M),,1.425000024,1.46960001,1.447399974,0,,,,,29.4,1032.0,2.8254620123203287,train
56-2017-1,56-2017,56-2017-1-0,56,Wyoming,2017,1,17/7/1997,1997,2,ACATB,Asphalt concrete over asphalt treated base/subgrade,Rural Minor Arterial,East,1,General Pavement Studies,Asphalt Concrete on Bound Base,8.917180014,803282.0,83582.0,472.31,404.96,365.0,7.099999905,581.0,131.0,147581.4,63.49999886,284.4799952,0.0,347.979994,2,4,"Hot Mixed, Hot Laid AC, Dense Graded",Cement Aggregate Mixture,Coarse-Grained Soil: Clayey Gravel with Sand,0,,29.4,Very Poor,rutting (M),4.0,2.006599998,1.868000007,1.937000012,1,68.5,-39.1,1032.0,2.8254620123203287,29.2,341.0,0.9336071184120466,train
56-2017-1,56-2017,56-2017-1-0,56,Wyoming,2017,1,23/6/1998,1998,3,ACATB,Asphalt concrete over asphalt treated base/subgrade,Rural Minor Arterial,East,1,General Pavement Studies,Asphalt Concrete on Bound Base,9.850787132,833768.0,30486.0,585.13,436.9,365.0,7.900000095,394.0,144.0,147643.8,63.49999886,284.4799952,0.0,347.979994,2,4,"Hot Mixed, Hot Laid AC, Dense Graded",Cement Aggregate Mixture,Coarse-Grained Soil: Clayey Gravel with Sand,0,,29.2,Very Poor,rutting (M),4.0,1.957199979,1.912800002,1.93499999,2,29.4,-0.1999999999999993,341.0,0.9336071184120466,29.3,338.0,0.9253935660506503,train
56-2020-1,56-2020,56-2020-1-0,56,Wyoming,2020,1,21/9/1994,1994,1,ACATB,Asphalt concrete over asphalt treated base/subgrade,Rural Principal Arterial - Interstate,North,1,General Pavement Studies,Asphalt Concrete on Bound Base,5.880903491,1415086.0,,915.89,439.4,365.0,6.800000191,615.0,124.0,144669.4,126.9999955,320.0400097,0.0,447.0400051,2,4,"Hot Mixed, Hot Laid AC, Dense Graded",Cement Aggregate Mixture,Coarse-Grained Soil: Clayey Gravel with Sand,0,,74.0,Satisfactory,long_trans_cracking (M),,2.136199999,1.968799996,2.052199984,0,,,,,20.9,1029.0,2.817248459958932,train
56-2037-1,56-2037,56-2037-1-0,56,Wyoming,2037,1,11/8/1994,1994,1,ACATB,Asphalt concrete over asphalt treated base/subgrade,Rural Minor Arterial,South,1,General Pavement Studies,Asphalt Concrete on Bound Base,5.973990418,366217.0,,385.68,275.86,365.0,5.699999809,764.0,135.0,156795.4,93.98000008,416.5599903,0.0,510.5399904,2,4,"Hot Mixed, Hot Laid AC, Dense Graded",Cement Aggregate Mixture,Coarse-Grained Soil: Silty Sand,0,,64.1,Fair,long_trans_cracking (M),,1.135000014,1.487600017,1.31099999,0,,,,,49.4,1082.0,2.9623545516769334,train
56-2037-2,56-2037,56-2037-2-0,56,Wyoming,2037,2,25/6/1998,1998,1,ACATB,Asphalt concrete over asphalt treated base/subgrade,Rural Minor Arterial,South,1,General Pavement Studies,Asphalt Concrete on Bound Base,0.898015058,52381.0,,532.87,398.21,365.0,5.300000191,708.0,137.0,151102.2,93.98000008,416.5599903,0.0,510.5399904,2,4,"Hot Mixed, Hot Laid AC, Dense Graded",Cement Aggregate Mixture,Coarse-Grained Soil: Silty Sand,0,,64.7,Fair,long_trans_cracking (M),3.0,1.226000023,1.53900001,1.382599998,0,,,,,64.7,328.0,0.8980150581793293,train
56-2037-2,56-2037,56-2037-2-0,56,Wyoming,2037,2,19/5/1999,1999,2,ACATB,Asphalt concrete over asphalt treated base/subgrade,Rural Minor Arterial,South,1,General Pavement Studies,Asphalt Concrete on Bound Base,1.796030116,89039.0,36658.0,481.86,406.17,365.0,5.5,569.0,166.0,156008.2,93.98000008,416.5599903,0.0,510.5399904,2,4,"Hot Mixed, Hot Laid AC, Dense Graded",Cement Aggregate Mixture,Coarse-Grained Soil: Silty Sand,0,,64.7,Fair,long_trans_cracking (M),2.0,1.188999987,1.529199982,1.358999991,1,64.7,0.0,328.0,0.8980150581793293,64.8,1226.0,3.356605065023956,train
56-2037-2,56-2037,56-2037-2-0,56,Wyoming,2037,2,26/9/2002,2002,3,ACATB,Asphalt concrete over asphalt treated base/subgrade,Rural Minor Arterial,South,1,General Pavement Studies,Asphalt Concrete on Bound Base,5.152635181,233774.0,144735.0,333.61,254.83,365.0,5.5,791.0,150.0,159680.6,93.98000008,416.5599903,0.0,510.5399904,2,4,"Hot Mixed, Hot Laid AC, Dense Graded",Cement Aggregate Mixture,Coarse-Grained Soil: Silty Sand,0,,64.8,Fair,long_trans_cracking (M),3.0,,,,2,64.7,0.09999999999999432,1226.0,3.356605065023956,32.2,732.0,2.004106776180698,train
56-7773-4,56-7773,56-7773-4-0,56,Wyoming,7773,4,15/8/2001,2001,1,ACATB,Asphalt concrete over asphalt treated base/subgrade,Rural Minor Arterial,South,1,General Pavement Studies,Asphalt Concrete on Bound Base,2.12183436,18834.0,,447.74,314.56,365.0,6.300000191,646.0,139.0,154659.4,127.0000008,132.0799952,401.3200048,660.4000008,3,6,"Hot Mixed, Hot Laid AC, Dense Graded",Cement Aggregate Mixture,Coarse-Grained Soil: Silty Sand,0,,79.4,Satisfactory,rutting (L),2.0,1.528400016,1.36400001,1.44599998,0,,,,,74.2,695.0,1.9028062970568105,train
56-7773-4,56-7773,56-7773-4-0,56,Wyoming,7773,4,11/7/2003,2003,2,ACATB,Asphalt concrete over asphalt treated base/subgrade,Rural Minor Arterial,South,1,General Pavement Studies,Asphalt Concrete on Bound Base,4.024640657,49884.0,31050.0,514.26,364.52,365.0,6.199999809,581.0,147.0,150883.9,127.0000008,132.0799952,401.3200048,660.4000008,3,6,"Hot Mixed, Hot Laid AC, Dense Graded",Cement Aggregate Mixture,Coarse-Grained Soil: Silty Sand,0,,74.2,Satisfactory,long_trans_cracking (H),1.0,1.455599999,1.357600021,1.406800032,1,79.4,-5.200000000000003,695.0,1.9028062970568105,60.4,1378.0,3.7727583846680357,train
56-7773-6,56-7773,56-7773-6-0,56,Wyoming,7773,6,1/9/2010,2010,1,ACATB,Asphalt concrete over asphalt treated base/subgrade,Rural Minor Arterial,South,1,General Pavement Studies,Asphalt Concrete on Bound Base,1.084188912,16100.0,,633.69,473.15,365.0,4.699999809,892.0,114.0,152300.1,134.6200009,132.0799952,401.3200048,668.0200009,5,8,"Hot Mixed, Hot Laid AC, Dense Graded",Cement Aggregate Mixture,Coarse-Grained Soil: Silty Sand,0,,84.8,Satisfactory,long_trans_cracking (M),1.0,,,,0,,,,,68.4,719.0,1.9685147159479808,train
56-7773-6,56-7773,56-7773-6-0,56,Wyoming,7773,6,20/8/2012,2012,2,ACATB,Asphalt concrete over asphalt treated base/subgrade,Rural Minor Arterial,South,1,General Pavement Studies,Asphalt Concrete on Bound Base,3.052703628,37985.0,21885.0,316.88,270.21,366.0,7.199999809,608.0,130.0,157567.6,134.6200009,132.0799952,401.3200048,668.0200009,5,8,"Hot Mixed, Hot Laid AC, Dense Graded",Cement Aggregate Mixture,Coarse-Grained Soil: Silty Sand,0,,68.4,Fair,rutting (L),2.0,1.38900001,1.374800014,1.381800008,1,84.8,-16.39999999999999,719.0,1.9685147159479808,78.4,303.0,0.8295687885010267,train
56-7775-1,56-7775,56-7775-1-0,56,Wyoming,7775,1,15/9/1995,1995,1,ACUB,Asphalt concrete over unbound base/subgrade,Rural Major Collector,East,1,General Pavement Studies,Asphalt Concrete on Unbound Granular Base,6.869267625,464903.0,,433.57,338.96,365.0,4.900000095,552.0,179.0,152061.6,119.3800001,172.7200048,0.0,292.1000049,3,5,Other,Crushed Gravel,Coarse-Grained Soil: Silty Sand with Gravel,0,,23.1,Serious,rutting (H),8.0,1.090799999,1.34059999,1.215799999,0,,,,,47.1,334.0,0.9144421629021219,train
56-7775-1,56-7775,56-7775-1-0,56,Wyoming,7775,1,14/8/1996,1996,2,ACUB,Asphalt concrete over unbound base/subgrade,Rural Major Collector,East,1,General Pavement Studies,Asphalt Concrete on Unbound Granular Base,7.783709788,506163.0,41260.0,409.05,247.18,366.0,4.800000191,851.0,157.0,157157.1,119.3800001,172.7200048,0.0,292.1000049,3,5,Other,Crushed Gravel,Coarse-Grained Soil: Silty Sand with Gravel,0,,47.1,Poor,rutting (M),6.0,,,,1,23.1,24.0,334.0,0.9144421629021219,22.7,351.0,0.9609856262833676,train
56-7775-1,56-7775,56-7775-1-0,56,Wyoming,7775,1,31/7/1997,1997,3,ACUB,Asphalt concrete over unbound base/subgrade,Rural Major Collector,East,1,General Pavement Studies,Asphalt Concrete on Unbound Granular Base,8.744695414,559513.0,53350.0,473.99,326.11,365.0,4.400000095,965.0,123.0,154856.2,119.3800001,172.7200048,0.0,292.1000049,3,5,Other,Crushed Gravel,Coarse-Grained Soil: Silty Sand with Gravel,0,,22.7,Serious,rutting (H),8.0,1.287999988,1.573800015,1.430599999,2,47.1,-24.400000000000002,351.0,0.9609856262833676,22.7,655.0,1.7932922655715264,train
56-7775-1,56-7775,56-7775-1-0,56,Wyoming,7775,1,17/5/1999,1999,4,ACUB,Asphalt concrete over unbound base/subgrade,Rural Major Collector,East,1,General Pavement Studies,Asphalt Concrete on Unbound Granular Base,10.53798768,676084.0,116571.0,348.47,316.56,365.0,5.5,574.0,161.0,157688.1,119.3800001,172.7200048,0.0,292.1000049,3,5,Other,Crushed Gravel,Coarse-Grained Soil: Silty Sand with Gravel,0,,22.7,Serious,rutting (H),8.0,1.552999997,1.902399993,1.727400017,3,22.7,0.0,655.0,1.7932922655715264,24.0,1066.0,2.91854893908282,train
56-7775-3,56-7775,56-7775-3-0,56,Wyoming,7775,3,9/6/2005,2005,1,ACUB,Asphalt concrete over unbound base/subgrade,Rural Major Collector,East,1,General Pavement Studies,Asphalt Concrete on Unbound Granular Base,1.856262834,85185.0,,461.43,276.66,365.0,5.900000095,554.0,165.0,159095.2,154.9400014,172.7200048,0.0,327.6600062,6,8,Other,Crushed Gravel,Coarse-Grained Soil: Silty Sand with Gravel,0,,56.6,Fair,long_trans_cracking (M),3.0,,,,0,,,,,50.6,671.0,1.83709787816564,train
56-7775-4,56-7775,56-7775-4-0,56,Wyoming,7775,4,10/8/2009,2009,1,ACUB,Asphalt concrete over unbound base/subgrade,Rural Major Collector,East,1,General Pavement Studies,Asphalt Concrete on Unbound Granular Base,2.026009582,87462.0,,479.35,313.13,365.0,4.699999809,791.0,159.0,154997.9,154.9400014,172.7200048,0.0,327.6600062,6,8,Other,Crushed Gravel,Coarse-Grained Soil: Silty Sand with Gravel,0,,50.2,Poor,long_trans_cracking (H),3.0,0.853400004,1.167000008,1.010200012,0,,,,,50.1,381.0,1.0431211498973305,train
6-1253-1,6-1253,6-1253-1-0,6,California,1253,1,10/6/1991,1991,1,ACUB,Asphalt concrete over unbound base/subgrade,Rural Principal Arterial - Other,East,1,General Pavement Studies,Asphalt Concrete on Unbound Granular Base,2.945927447,241095.0,,1004.27,590.6,365.0,15.5,0.0,16.0,155701.2,96.51999765,388.6200048,0.0,485.1400025,2,4,"Hot Mixed, Hot Laid AC, Dense Graded",Crushed Gravel,Coarse-Grained Soil: Clayey Gravel with Sand,0,,32.2,Very Poor,long_trans_cracking (H),6.0,1.598399997,1.833399987,1.715799999,0,,,,,7.0,1597.0,4.372347707049966,train
6-1253-1,6-1253,6-1253-1-0,6,California,1253,1,24/10/1995,1995,2,ACUB,Asphalt concrete over unbound base/subgrade,Rural Principal Arterial - Other,East,1,General Pavement Studies,Asphalt Concrete on Unbound Granular Base,7.318275154,306835.0,65740.0,2356.79,765.14,365.0,15.30000019,0.0,13.0,147983.0,96.51999765,388.6200048,0.0,485.1400025,2,4,"Hot Mixed, Hot Laid AC, Dense Graded",Crushed Gravel,Coarse-Grained Soil: Clayey Gravel with Sand,0,,7.0,Failed,long_trans_cracking (H),6.0,,,,1,32.2,-25.200000000000003,1597.0,4.372347707049966,10.8,493.0,1.3497604380561259,train
6-1253-1,6-1253,6-1253-1-0,6,California,1253,1,28/2/1997,1997,3,ACUB,Asphalt concrete over unbound base/subgrade,Rural Principal Arterial - Other,East,1,General Pavement Studies,Asphalt Concrete on Unbound Granular Base,8.668035592,351957.0,45122.0,1078.82,707.91,365.0,15.60000038,1.0,26.0,158152.0,96.51999765,388.6200048,0.0,485.1400025,2,4,"Hot Mixed, Hot Laid AC, Dense Graded",Crushed Gravel,Coarse-Grained Soil: Clayey Gravel with Sand,0,,10.8,Serious,rutting (M),6.0,,,,2,7.0,3.8000000000000007,493.0,1.3497604380561259,0.2,403.0,1.103353867214237,train
6-1253-1,6-1253,6-1253-1-0,6,California,1253,1,7/4/1998,1998,4,ACUB,Asphalt concrete over unbound base/subgrade,Rural Principal Arterial - Other,East,1,General Pavement Studies,Asphalt Concrete on Unbound Granular Base,9.771389459,376601.0,24644.0,2081.42,843.51,365.0,13.80000019,3.0,22.0,144025.5,96.51999765,388.6200048,0.0,485.1400025,2,4,"Hot Mixed, Hot Laid AC, Dense Graded",Crushed Gravel,Coarse-Grained Soil: Clayey Gravel with Sand,0,,0.2,Failed,rutting (M),7.0,1.944800019,2.259799957,2.102399969,3,10.8,-10.600000000000001,403.0,1.103353867214237,6.6,1255.0,3.436002737850787,train
6-1253-1,6-1253,6-1253-1-0,6,California,1253,1,13/9/2001,2001,5,ACUB,Asphalt concrete over unbound base/subgrade,Rural Principal Arterial - Other,East,1,General Pavement Studies,Asphalt Concrete on Unbound Granular Base,13.2073922,458855.0,82254.0,1324.62,551.55,365.0,16.10000038,0.0,36.0,153354.8,96.51999765,388.6200048,0.0,485.1400025,2,4,"Hot Mixed, Hot Laid AC, Dense Graded",Crushed Gravel,Coarse-Grained Soil: Clayey Gravel with Sand,0,,6.6,Failed,long_trans_cracking (H),7.0,1.923399997,2.509000015,2.216200066,4,0.2,6.3999999999999995,1255.0,3.436002737850787,0.5,608.0,1.6646132785763177,train
6-1253-1,6-1253,6-1253-1-0,6,California,1253,1,14/5/2003,2003,6,ACUB,Asphalt concrete over unbound base/subgrade,Rural Principal Arterial - Other,East,1,General Pavement Studies,Asphalt Concrete on Unbound Granular Base,14.87200548,521522.0,62667.0,1471.74,729.93,365.0,15.80000019,0.0,15.0,152305.3,96.51999765,388.6200048,0.0,485.1400025,2,4,"Hot Mixed, Hot Laid AC, Dense Graded",Crushed Gravel,Coarse-Grained Soil: Clayey Gravel with Sand,0,,0.5,Failed,long_trans_cracking (H),7.0,2.000199986,2.068200016,2.034000015,5,6.6,-6.1,608.0,1.6646132785763177,0.0,1637.0,4.48186173853525,train
6-2002-5,6-2002,6-2002-5-0,6,California,2002,5,22/10/1998,1998,1,ACATB,Asphalt concrete over asphalt treated base/subgrade,Rural Principal Arterial - Other,North,2,General Pavement Studies,Asphalt Concrete on Bound Base,0.309377139,105374.0,,1243.39,704.11,365.0,7.699999809,145.0,148.0,145072.9,121.9199977,264.1599903,317.5,703.579988,2,5,"Hot Mixed, Hot Laid AC, Dense Graded",Cement Aggregate Mixture,Coarse-Grained Soil: Clayey Gravel with Sand,1,113.0,31.4,Very Poor,rutting (H),8.0,,,,0,,,,,31.4,245.0,0.6707734428473648,train
6-2038-2,6-2038,6-2038-2-0,6,California,2038,2,20/3/1997,1997,1,ACATB,Asphalt concrete over asphalt treated base/subgrade,Rural Principal Arterial - Other,North,1,General Pavement Studies,Asphalt Concrete on Bound Base,2.05338809,219660.0,,1627.7,848.02,365.0,10.19999981,3.0,62.0,139751.1,111.7599952,149.8600024,111.7600024,373.3800001,2,5,"Hot Mixed, Hot Laid AC, Dense Graded",Lean Concrete,Coarse-Grained Soil: Clayey Sand,1,750.0,54.4,Poor,rutting (M),4.0,1.261199975,1.150800014,1.205999994,0,,,,,48.2,925.0,2.532511978097194,train
6-2040-5,6-2040,6-2040-5-0,6,California,2040,5,21/10/1998,1998,1,ACATB,Asphalt concrete over asphalt treated base/subgrade,Rural Principal Arterial - Other,South,1,General Pavement Studies,Asphalt Concrete on Bound Base,0.306639288,233341.0,,2001.55,536.13,365.0,11.69999981,0.0,0.0,138166.7,157.4800046,182.8799952,477.5199806,817.8799804,3,6,"Hot Mixed, Hot Laid AC, Dense Graded",Lean Concrete,Fine-Grained Soils: Gravelly Lean Clay,0,,85.0,Good,rutting (L),2.0,,,,0,,,,,74.8,1114.0,3.049965776865161,train
6-2051-2,6-2051,6-2051-2-0,6,California,2051,2,28/3/1995,1995,1,ACATB,Asphalt concrete over asphalt treated base/subgrade,Urban Principal Arterial - Other Freeways or Expressways,North,1,General Pavement Studies,Asphalt Concrete on Bound Base,0.739219713,306600.0,,1332.06,682.4,365.0,14.69999981,0.0,3.0,154290.9,127.0000025,165.1,177.8,469.9000025,2,5,"Hot Mixed, Hot Laid AC, Dense Graded",Cement Aggregate Mixture,Coarse-Grained Soil: Poorly Graded Gravel with Clay,1,270.0,28.7,Very Poor,rutting (M),7.0,1.057200003,1.04599998,1.051600003,0,,,,,4.9,491.0,1.3442847364818618,train
6-2053-1,6-2053,6-2053-1-0,6,California,2053,1,29/3/1995,1995,1,ACATB,Asphalt concrete over asphalt treated base/subgrade,Rural Principal Arterial - Interstate,North,1,General Pavement Studies,Asphalt Concrete on Bound Base,6.710472279,1236664.0,,879.05,364.53,365.0,13.30000019,0.0,0.0,157628.5,104.1399976,231.1399976,332.7399976,668.0199927,1,6,"Hot Mixed, Hot Laid AC, Dense Graded",Cement Aggregate Mixture,Fine-Grained Soils: Gravelly Lean Clay,0,,38.9,Very Poor,rutting (M),7.0,,,,0,,,,,21.0,1216.0,3.3292265571526354,test
6-2053-2,6-2053,6-2053-2-0,6,California,2053,2,27/9/2001,2001,1,ACATB,Asphalt concrete over asphalt treated base/subgrade,Rural Principal Arterial - Interstate,North,1,General Pavement Studies,Asphalt Concrete on Bound Base,0.323066393,59876.0,,779.41,343.46,365.0,12.69999981,0.0,0.0,159989.8,104.1399976,231.1399976,332.7399976,668.0199927,1,6,"Hot Mixed, Hot Laid AC, Dense Graded",Cement Aggregate Mixture,Fine-Grained Soils: Gravelly Lean Clay,0,,0.0,Failed,rutting (H),8.0,1.666799998,1.712199998,1.689199996,0,,,,,0.0,848.0,2.321697467488022,test
6-2053-2,6-2053,6-2053-2-0,6,California,2053,2,23/1/2004,2004,2,ACATB,Asphalt concrete over asphalt treated base/subgrade,Rural Principal Arterial - Interstate,North,1,General Pavement Studies,Asphalt Concrete on Bound Base,2.64476386,332997.0,273121.0,622.15,330.96,366.0,13.19999981,0.0,0.0,164423.2,104.1399976,231.1399976,332.7399976,668.0199927,1,6,"Hot Mixed, Hot Laid AC, Dense Graded",Cement Aggregate Mixture,Fine-Grained Soils: Gravelly Lean Clay,0,,0.0,Failed,rutting (H),8.0,,,,1,0.0,0.0,848.0,2.321697467488022,0.0,202.0,0.5530458590006845,test
6-2647-1,6-2647,6-2647-1-0,6,California,2647,1,4/11/1994,1994,1,ACATB,Asphalt concrete over asphalt treated base/subgrade,Rural Principal Arterial - Interstate,West,1,General Pavement Studies,Asphalt Concrete on Bound Base,6.327173169,1591937.0,,806.49,415.76,365.0,15.30000019,0.0,15.0,165076.2,96.52000125,134.6200048,312.4200048,543.5600109,2,5,"Hot Mixed, Hot Laid AC, Dense Graded",Cement Aggregate Mixture,Coarse-Grained Soil: Clayey Sand with Gravel,0,,56.9,Fair,rutting (M),5.0,0.824399996,0.944400001,0.884399986,0,,,,,22.1,1204.0,3.29637234770705,train
6-2647-1,6-2647,6-2647-1-0,6,California,2647,1,20/2/1998,1998,2,ACATB,Asphalt concrete over asphalt treated base/subgrade,Rural Principal Arterial - Interstate,West,1,General Pavement Studies,Asphalt Concrete on Bound Base,9.623545517,2009855.0,417918.0,1642.04,685.33,365.0,14.19999981,2.0,15.0,155024.6,96.52000125,134.6200048,312.4200048,543.5600109,2,5,"Hot Mixed, Hot Laid AC, Dense Graded",Cement Aggregate Mixture,Coarse-Grained Soil: Clayey Sand with Gravel,0,,22.1,Serious,rutting (H),9.0,,,,1,56.9,-34.8,1204.0,3.29637234770705,42.1,1327.0,3.6331279945242985,train
6-2647-1,6-2647,6-2647-1-0,6,California,2647,1,9/10/2001,2001,3,ACATB,Asphalt concrete over asphalt treated base/subgrade,Rural Principal Arterial - Interstate,West,1,General Pavement Studies,Asphalt Concrete on Bound Base,13.25667351,2339974.0,330119.0,1169.38,404.54,365.0,16.10000038,0.0,21.0,162317.9,96.52000125,134.6200048,312.4200048,543.5600109,2,5,"Hot Mixed, Hot Laid AC, Dense Graded",Cement Aggregate Mixture,Coarse-Grained Soil: Clayey Sand with Gravel,0,,42.1,Poor,rutting (M),7.0,1.603400016,1.34460001,1.473999977,2,22.1,20.0,1327.0,3.6331279945242985,4.1,519.0,1.4209445585215605,train
6-2647-1,6-2647,6-2647-1-0,6,California,2647,1,12/3/2003,2003,4,ACATB,Asphalt concrete over asphalt treated base/subgrade,Rural Principal Arterial - Interstate,West,1,General Pavement Studies,Asphalt Concrete on Bound Base,14.67761807,2606503.0,266529.0,900.1,495.27,365.0,16.10000038,0.0,5.0,161289.6,96.52000125,134.6200048,312.4200048,543.5600109,2,5,"Hot Mixed, Hot Laid AC, Dense Graded",Cement Aggregate Mixture,Coarse-Grained Soil: Clayey Sand with Gravel,0,,4.1,Failed,rutting (H),8.0,1.767400002,1.492600012,1.629799986,3,42.1,-38.0,519.0,1.4209445585215605,0.0,1458.0,3.991786447638604,train
6-7452-1,6-7452,6-7452-1-0,6,California,7452,1,22/3/1996,1996,1,ACATB,Asphalt concrete over asphalt treated base/subgrade,Rural Minor Arterial,North,1,General Pavement Studies,Asphalt Concrete on Bound Base,6.828199863,664323.0,,1699.24,646.06,366.0,14.39999962,0.0,6.0,157116.6,99.06000242,170.1799952,248.9200048,518.1600024,2,5,"Hot Mixed, Hot Laid AC, Dense Graded",Lean Concrete,Fine-Grained Soils: Sandy Lean Clay,0,,45.3,Poor,rutting (M),6.0,,,,0,,,,,54.6,775.0,2.1218343600273784,test
6-7454-1,6-7454,6-7454-1-0,6,California,7454,1,8/11/1994,1994,1,ACUB,Asphalt concrete over unbound base/subgrade,Rural Minor Arterial,East,1,General Pavement Studies,Asphalt Concrete on Unbound Granular Base,5.46201232,373299.0,,806.49,415.76,365.0,15.30000019,0.0,15.0,165076.2,104.14,411.4800194,0.0,515.6200194,2,4,"Hot Mixed, Hot Laid AC, Dense Graded",Soil-Aggregate Mixture (Predominantly Coarse-Grained),Coarse-Grained Soil: Poorly Graded Gravel,0,,69.3,Fair,rutting (L),3.0,1.957799983,1.909000015,1.933400011,0,,,,,33.5,1254.0,3.433264887063655,train
6-7454-1,6-7454,6-7454-1-0,6,California,7454,1,15/4/1998,1998,2,ACUB,Asphalt concrete over unbound base/subgrade,Rural Minor Arterial,East,1,General Pavement Studies,Asphalt Concrete on Unbound Granular Base,8.895277207,435963.0,62664.0,1642.04,685.33,365.0,14.19999981,2.0,15.0,155024.6,104.14,411.4800194,0.0,515.6200194,2,4,"Hot Mixed, Hot Laid AC, Dense Graded",Soil-Aggregate Mixture (Predominantly Coarse-Grained),Coarse-Grained Soil: Poorly Graded Gravel,0,,33.5,Very Poor,rutting (M),4.0,,,,1,69.3,-35.8,1254.0,3.433264887063655,21.3,519.0,1.4209445585215605,train
6-7491-1,6-7491,6-7491-1-0,6,California,7491,1,5/9/1989,1989,1,ACATB,Asphalt concrete over asphalt treated base/subgrade,Rural Principal Arterial - Interstate,West,1,General Pavement Studies,Asphalt Concrete on Bound Base,1.166324435,6988673.0,,70.74,86.46,365.0,20.20000076,0.0,24.0,185414.9,109.2199988,121.9200048,0.0,231.1400036,2,4,"Hot Mixed, Hot Laid AC, Dense Graded",Cement Aggregate Mixture,Coarse-Grained Soil: Silty Sand with Gravel,0,,28.1,Very Poor,rutting (H),12.0,1.70400002,1.449800014,1.576600003,0,,,,,0.0,2725.0,7.460643394934976,train
6-7491-1,6-7491,6-7491-1-0,6,California,7491,1,20/2/1997,1997,2,ACATB,Asphalt concrete over asphalt treated base/subgrade,Rural Principal Arterial - Interstate,West,1,General Pavement Studies,Asphalt Concrete on Bound Base,8.62696783,11160671.0,4171998.0,225.38,183.71,365.0,19.79999924,0.0,24.0,179326.5,109.2199988,121.9200048,0.0,231.1400036,2,4,"Hot Mixed, Hot Laid AC, Dense Graded",Cement Aggregate Mixture,Coarse-Grained Soil: Silty Sand with Gravel,0,,0.0,Failed,rutting (H),13.0,3.944199991,2.472199965,3.20800004,1,28.1,-28.1,2725.0,7.460643394934976,0.0,158.0,0.432580424366872,train
6-8149-1,6-8149,6-8149-1-0,6,California,8149,1,6/9/1989,1989,1,ACATB,Asphalt concrete over asphalt treated base/subgrade,Rural Principal Arterial - Interstate,East,1,General Pavement Studies,Asphalt Concrete on Bound Base,0.484599589,17442261.0,,60.71,77.89,365.0,18.5,6.0,37.0,187078.2,134.6200007,127.0,0.0,261.6200007,3,5,"Hot Mixed, Hot Laid AC, Dense Graded",Cement Aggregate Mixture,Coarse-Grained Soil: Clayey Sand with Gravel,0,,56.9,Fair,rutting (M),7.0,1.011799979,0.717000008,0.864400005,0,,,,,44.6,1154.0,3.159479808350445,train
6-8153-1,6-8153,6-8153-1-0,6,California,8153,1,25/11/1991,1991,1,ACUB,Asphalt concrete over unbound base/subgrade,Rural Minor Arterial,North,1,General Pavement Studies,Asphalt Concrete on Unbound Granular Base,2.737850787,530289.0,,400.57,361.64,365.0,14.80000019,0.0,0.0,174170.6,104.1399991,157.4799952,457.2,718.8199942,2,6,"Hot Mixed, Hot Laid AC, Dense Graded",Crushed Gravel,Fine-Grained Soils: Sandy Lean Clay,0,,45.4,Poor,rutting (M),5.0,1.387999988,1.480400014,1.434199977,0,,,,,46.5,975.0,2.6694045174537986,train
6-8153-1,6-8153,6-8153-1-0,6,California,8153,1,27/7/1994,1994,2,ACUB,Asphalt concrete over unbound base/subgrade,Rural Minor Arterial,North,1,General Pavement Studies,Asphalt Concrete on Unbound Granular Base,5.407255305,585676.0,55387.0,272.75,375.32,365.0,14.80000019,0.0,0.0,175919.2,104.1399991,157.4799952,457.2,718.8199942,2,6,"Hot Mixed, Hot Laid AC, Dense Graded",Crushed Gravel,Fine-Grained Soils: Sandy Lean Clay,0,,46.5,Poor,rutting (M),6.0,,,,1,45.4,1.1000000000000014,975.0,2.6694045174537986,38.3,365.0,0.999315537303217,train
6-8156-1,6-8156,6-8156-1-0,6,California,8156,1,22/11/1991,1991,1,ACUB,Asphalt concrete over unbound base/subgrade,Rural Minor Arterial,East,1,General Pavement Studies,Asphalt Concrete on Unbound Granular Base,2.729637235,1101451.0,,387.64,329.26,365.0,15.39999962,0.0,7.0,177611.1,99.05999883,381.0,0.0,480.0599988,2,4,"Hot Mixed, Hot Laid AC, Dense Graded",Soil-Aggregate Mixture (Predominantly Coarse-Grained),Coarse-Grained Soil: Silty Gravel with Sand,0,,34.2,Very Poor,rutting (M),5.0,2.036000061,1.381599998,1.708800006,0,,,,,0.0,1922.0,5.262149212867898,train
6-8156-1,6-8156,6-8156-1-0,6,California,8156,1,25/2/1997,1997,2,ACUB,Asphalt concrete over unbound base/subgrade,Rural Minor Arterial,East,1,General Pavement Studies,Asphalt Concrete on Unbound Granular Base,7.991786448,1593903.0,492452.0,374.43,316.22,365.0,16.10000038,0.0,12.0,179730.2,99.05999883,381.0,0.0,480.0599988,2,4,"Hot Mixed, Hot Laid AC, Dense Graded",Soil-Aggregate Mixture (Predominantly Coarse-Grained),Coarse-Grained Soil: Silty Gravel with Sand,0,,0.0,Failed,alligator_cracking (M),7.0,2.585200071,1.847200012,2.21619997,1,34.2,-34.2,1922.0,5.262149212867898,0.0,748.0,2.0479123887748116,train
6-8156-3,6-8156,6-8156-3-0,6,California,8156,3,18/2/2003,2003,1,ACUB,Asphalt concrete over unbound base/subgrade,Rural Minor Arterial,East,1,General Pavement Studies,Asphalt Concrete on Unbound Granular Base,1.382614648,268257.0,,305.74,340.53,365.0,16.10000038,0.0,4.0,175331.8,104.1399989,381.0,0.0,485.1399989,3,5,"Hot Mixed, Hot Laid AC, Dense Graded",Soil-Aggregate Mixture (Predominantly Coarse-Grained),Coarse-Grained Soil: Silty Gravel with Sand,0,,0.0,Failed,alligator_cracking (H),10.0,2.585399961,1.862800002,2.224199963,0,,,,,0.0,755.0,2.0670773442847366,train
6-8156-3,6-8156,6-8156-3-0,6,California,8156,3,14/3/2005,2005,2,ACUB,Asphalt concrete over unbound base/subgrade,Rural Minor Arterial,East,1,General Pavement Studies,Asphalt Concrete on Unbound Granular Base,3.449691992,528202.0,259945.0,447.27,497.49,365.0,15.60000038,0.0,1.0,173890.4,104.1399989,381.0,0.0,485.1399989,3,5,"Hot Mixed, Hot Laid AC, Dense Graded",Soil-Aggregate Mixture (Predominantly Coarse-Grained),Coarse-Grained Soil: Silty Gravel with Sand,0,,0.0,Failed,alligator_cracking (H),11.0,2.644199991,2.170599985,2.407199955,1,0.0,0.0,755.0,2.0670773442847366,0.0,729.0,1.995893223819302,train
6-8156-3,6-8156,6-8156-3-0,6,California,8156,3,13/3/2007,2007,3,ACUB,Asphalt concrete over unbound base/subgrade,Rural Minor Arterial,East,1,General Pavement Studies,Asphalt Concrete on Unbound Granular Base,5.445585216,811421.0,283219.0,204.78,162.73,365.0,15.89999962,0.0,23.0,180327.5,104.1399989,381.0,0.0,485.1399989,3,5,"Hot Mixed, Hot Laid AC, Dense Graded",Soil-Aggregate Mixture (Predominantly Coarse-Grained),Coarse-Grained Soil: Silty Gravel with Sand,0,,0.0,Failed,alligator_cracking (H),12.0,2.84460001,2.276999998,2.560999966,2,0.0,0.0,729.0,1.995893223819302,0.0,986.0,2.6995208761122518,train
6-8201-1,6-8201,6-8201-1-0,6,California,8201,1,31/10/1994,1994,1,ACATB,Asphalt concrete over asphalt treated base/subgrade,Rural Minor Arterial,West,1,General Pavement Studies,Asphalt Concrete on Bound Base,5.650924025,329588.0,,272.41,202.28,365.0,15.80000019,0.0,23.0,176667.7,119.3800001,121.9200048,177.8,419.1000049,2,5,"Hot Mixed, Hot Laid AC, Dense Graded",Cement Aggregate Mixture,Coarse-Grained Soil: Silty Sand with Gravel,0,,79.0,Satisfactory,rutting (L),3.0,1.347000003,1.390399981,1.368599987,0,,,,,69.1,1263.0,3.457905544147844,train
6-8201-1,6-8201,6-8201-1-0,6,California,8201,1,16/4/1998,1998,2,ACATB,Asphalt concrete over asphalt treated base/subgrade,Rural Minor Arterial,West,1,General Pavement Studies,Asphalt Concrete on Bound Base,9.108829569,514666.0,185078.0,876.49,420.02,365.0,14.30000019,0.0,17.0,168889.8,119.3800001,121.9200048,177.8,419.1000049,2,5,"Hot Mixed, Hot Laid AC, Dense Graded",Cement Aggregate Mixture,Coarse-Grained Soil: Silty Sand with Gravel,0,,69.1,Fair,long_trans_cracking (M),3.0,1.477799988,1.610600019,1.544000006,1,79.0,-9.900000000000006,1263.0,3.457905544147844,66.2,707.0,1.9356605065023955,train
6-8201-1,6-8201,6-8201-1-0,6,California,8201,1,23/3/2000,2000,3,ACATB,Asphalt concrete over asphalt treated base/subgrade,Rural Minor Arterial,West,1,General Pavement Studies,Asphalt Concrete on Bound Base,11.04449008,690619.0,175953.0,433.24,178.39,366.0,16.10000038,0.0,7.0,174795.0,119.3800001,121.9200048,177.8,419.1000049,2,5,"Hot Mixed, Hot Laid AC, Dense Graded",Cement Aggregate Mixture,Coarse-Grained Soil: Silty Sand with Gravel,0,,66.2,Fair,long_trans_cracking (M),2.0,1.552399993,1.660000014,1.60599997,2,69.1,-2.8999999999999915,707.0,1.9356605065023955,50.9,1036.0,2.836413415468857,train
6-8201-1,6-8201,6-8201-1-0,6,California,8201,1,23/1/2003,2003,4,ACATB,Asphalt concrete over asphalt treated base/subgrade,Rural Minor Arterial,West,1,General Pavement Studies,Asphalt Concrete on Bound Base,13.88090349,981890.0,291271.0,393.21,184.35,365.0,16.60000038,0.0,12.0,172920.6,119.3800001,121.9200048,177.8,419.1000049,2,5,"Hot Mixed, Hot Laid AC, Dense Graded",Cement Aggregate Mixture,Coarse-Grained Soil: Silty Sand with Gravel,0,,50.9,Poor,long_trans_cracking (H),2.0,1.583000016,1.642799997,1.612800002,3,66.2,-15.300000000000004,1036.0,2.836413415468857,50.5,777.0,2.127310061601643,train
6-8202-1,6-8202,6-8202-1-0,6,California,8202,1,2/11/1994,1994,1,ACATB,Asphalt concrete over asphalt treated base/subgrade,Rural Principal Arterial - Other,South,1,General Pavement Studies,Asphalt Concrete on Bound Base,5.656399726,4463822.0,,195.98,239.1,365.0,17.79999924,0.0,5.0,174758.5,129.5400025,294.6400097,0.0,424.1800122,2,4,"Hot Mixed, Hot Laid AC, Dense Graded",Cement Aggregate Mixture,Coarse-Grained Soil: Silty Sand,0,,56.5,Fair,rutting (L),2.0,1.851799989,2.662800026,2.257399988,0,,,,,14.7,1210.0,3.3127994524298425,train
6-8202-2,6-8202,6-8202-2-0,6,California,8202,2,11/10/2001,2001,1,ACATB,Asphalt concrete over asphalt treated base/subgrade,Rural Principal Arterial - Other,South,1,General Pavement Studies,Asphalt Concrete on Bound Base,0.194387406,220214.0,,377.28,248.42,365.0,18.60000038,0.0,6.0,171790.5,129.5400025,294.6400097,0.0,424.1800122,2,4,"Hot Mixed, Hot Laid AC, Dense Graded",Cement Aggregate Mixture,Coarse-Grained Soil: Silty Sand,0,,53.4,Poor,long_trans_cracking (M),3.0,2.127599955,2.938399982,2.53319993,0,,,,,48.6,586.0,1.6043805612594113,train
6-8202-2,6-8202,6-8202-2-0,6,California,8202,2,20/5/2003,2003,2,ACATB,Asphalt concrete over asphalt treated base/subgrade,Rural Principal Arterial - Other,South,1,General Pavement Studies,Asphalt Concrete on Bound Base,1.798767967,1427940.0,1207726.0,344.75,228.51,365.0,18.70000076,0.0,2.0,171225.6,129.5400025,294.6400097,0.0,424.1800122,2,4,"Hot Mixed, Hot Laid AC, Dense Graded",Cement Aggregate Mixture,Coarse-Grained Soil: Silty Sand,0,,48.6,Poor,long_trans_cracking (H),3.0,,,,1,53.4,-4.799999999999997,586.0,1.6043805612594113,0.0,1639.0,4.487337440109514,train
72-1003-1,72-1003,72-1003-1-0,72,Puerto Rico,1003,1,17/1/1990,1990,1,ACTB,Asphalt concrete over cement/lime treated base/subgrade,Urban Other Principal Arterial,East,1,General Pavement Studies,Asphalt Concrete on Bound Base,3.044490075,,,,,,,,,,71.11999879,116.8399976,185.4200048,373.3800012,2,5,"Hot Mixed, Hot Laid AC, Dense Graded",HMAC,Coarse-Grained Soil: Silty Sand with Gravel,0,,83.8,Satisfactory,raveling_weathering (M),,,,,0,,,,,67.1,405.0,1.108829568788501,test
72-1003-1,72-1003,72-1003-1-0,72,Puerto Rico,1003,1,26/2/1991,1991,2,ACTB,Asphalt concrete over cement/lime treated base/subgrade,Urban Other Principal Arterial,East,1,General Pavement Studies,Asphalt Concrete on Bound Base,4.153319644,,,,,,,,,,71.11999879,116.8399976,185.4200048,373.3800012,2,5,"Hot Mixed, Hot Laid AC, Dense Graded",HMAC,Coarse-Grained Soil: Silty Sand with Gravel,0,,67.1,Fair,raveling_weathering (M),,,,,1,83.8,-16.700000000000003,405.0,1.108829568788501,39.0,717.0,1.9630390143737166,test
72-1003-1,72-1003,72-1003-1-0,72,Puerto Rico,1003,1,12/2/1993,1993,3,ACTB,Asphalt concrete over cement/lime treated base/subgrade,Urban Other Principal Arterial,East,1,General Pavement Studies,Asphalt Concrete on Bound Base,6.116358658,,,,,,,,,,71.11999879,116.8399976,185.4200048,373.3800012,2,5,"Hot Mixed, Hot Laid AC, Dense Graded",HMAC,Coarse-Grained Soil: Silty Sand with Gravel,0,,39.0,Very Poor,alligator_cracking (M),,,,,2,67.1,-28.099999999999994,717.0,1.9630390143737166,13.6,389.0,1.0650239561943875,test
72-4122-1,72-4122,72-4122-1-0,72,Puerto Rico,4122,1,19/1/1990,1990,1,ACTB,Asphalt concrete over cement/lime treated base/subgrade,Rural Principal Arterial - Other,East,1,General Pavement Studies,Asphalt Concrete on Bound Base,3.049965777,,,,,,,,,,50.8,228.6,152.4,431.8,1,4,"Hot Mixed, Hot Laid AC, Dense Graded",HMAC,Coarse-Grained Soil: Clayey Gravel with Sand,0,,92.3,Good,long_trans_cracking (L),,,,,0,,,,,77.3,403.0,1.103353867214237,train
72-4122-1,72-4122,72-4122-1-0,72,Puerto Rico,4122,1,26/2/1991,1991,2,ACTB,Asphalt concrete over cement/lime treated base/subgrade,Rural Principal Arterial - Other,East,1,General Pavement Studies,Asphalt Concrete on Bound Base,4.153319644,,,,,,,,,,50.8,228.6,152.4,431.8,1,4,"Hot Mixed, Hot Laid AC, Dense Graded",HMAC,Coarse-Grained Soil: Clayey Gravel with Sand,0,,77.3,Satisfactory,raveling_weathering (M),,,,,1,92.3,-15.0,403.0,1.103353867214237,76.6,716.0,1.9603011635865846,train
72-4122-1,72-4122,72-4122-1-0,72,Puerto Rico,4122,1,11/2/1993,1993,3,ACTB,Asphalt concrete over cement/lime treated base/subgrade,Rural Principal Arterial - Other,East,1,General Pavement Studies,Asphalt Concrete on Bound Base,6.113620808,,,,,,,,,,50.8,228.6,152.4,431.8,1,4,"Hot Mixed, Hot Laid AC, Dense Graded",HMAC,Coarse-Grained Soil: Clayey Gravel with Sand,0,,76.6,Satisfactory,raveling_weathering (M),,,,,2,77.3,-0.7000000000000028,716.0,1.9603011635865846,76.1,391.0,1.0704996577686516,train
72-4122-1,72-4122,72-4122-1-0,72,Puerto Rico,4122,1,9/3/1994,1994,4,ACTB,Asphalt concrete over cement/lime treated base/subgrade,Rural Principal Arterial - Other,East,1,General Pavement Studies,Asphalt Concrete on Bound Base,7.184120465,,,,,,,,,,50.8,228.6,152.4,431.8,1,4,"Hot Mixed, Hot Laid AC, Dense Graded",HMAC,Coarse-Grained Soil: Clayey Gravel with Sand,0,,76.1,Satisfactory,raveling_weathering (M),,,,,3,76.6,-0.5,391.0,1.0704996577686516,65.7,1182.0,3.2361396303901437,train
72-4122-1,72-4122,72-4122-1-0,72,Puerto Rico,4122,1,3/6/1997,1997,5,ACTB,Asphalt concrete over cement/lime treated base/subgrade,Rural Principal Arterial - Other,East,1,General Pavement Studies,Asphalt Concrete on Bound Base,10.4202601,,,,,,,,,,50.8,228.6,152.4,431.8,1,4,"Hot Mixed, Hot Laid AC, Dense Graded",HMAC,Coarse-Grained Soil: Clayey Gravel with Sand,0,,65.7,Fair,raveling_weathering (M),,,,,4,76.1,-10.399999999999991,1182.0,3.2361396303901437,71.7,1164.0,3.186858316221766,train
8-1029-3,8-1029,8-1029-3-0,8,Colorado,1029,3,13/10/1998,1998,1,ACUB,Asphalt concrete over unbound base/subgrade,Rural Principal Arterial - Other,West,1,General Pavement Studies,Asphalt Concrete on Unbound Granular Base,2.99247091,53909.0,,360.8,437.15,365.0,7.599999905,391.0,149.0,155745.1,124.4599973,142.2399976,279.4,546.0999949,3,6,"Hot Mixed, Hot Laid AC, Dense Graded",Crushed Gravel,Coarse-Grained Soil: Silty Sand,0,,34.8,Very Poor,rutting (M),4.0,1.649799991,1.898399997,1.774000001,0,,,,,29.8,1043.0,2.855578370978782,train
8-1053-1,8-1053,8-1053-1-0,8,Colorado,1053,1,13/4/1993,1993,1,ACUB,Asphalt concrete over unbound base/subgrade,Rural Principal Arterial - Other,North,1,General Pavement Studies,Asphalt Concrete on Unbound Granular Base,4.711841205,494526.0,,300.48,509.98,365.0,7.300000191,382.0,163.0,167777.4,116.8399976,137.1600024,596.9,850.9,1,4,"Hot Mixed, Hot Laid AC, Dense Graded",Crushed Gravel,Fine-Grained Soils: Lean Inorganic Clay,0,,74.5,Satisfactory,bleeding (M),,1.262000012,1.170000029,1.216199994,0,,,,,18.4,237.0,0.648870636550308,train
8-1053-1,8-1053,8-1053-1-0,8,Colorado,1053,1,6/12/1993,1993,2,ACUB,Asphalt concrete over unbound base/subgrade,Rural Principal Arterial - Other,North,1,General Pavement Studies,Asphalt Concrete on Unbound Granular Base,5.360711841,494526.0,0.0,300.48,509.98,365.0,7.300000191,382.0,163.0,167777.4,116.8399976,137.1600024,596.9,850.9,1,4,"Hot Mixed, Hot Laid AC, Dense Graded",Crushed Gravel,Fine-Grained Soils: Lean Inorganic Clay,0,,18.4,Serious,rutting (H),10.0,1.276999998,1.188800001,1.232799983,1,74.5,-56.1,237.0,0.648870636550308,17.4,98.0,0.2683093771389459,train
8-1053-1,8-1053,8-1053-1-0,8,Colorado,1053,1,14/3/1994,1994,3,ACUB,Asphalt concrete over unbound base/subgrade,Rural Principal Arterial - Other,North,1,General Pavement Studies,Asphalt Concrete on Unbound Granular Base,5.629021218,572162.0,77636.0,289.73,390.21,365.0,8.699999809,348.0,152.0,166906.3,116.8399976,137.1600024,596.9,850.9,1,4,"Hot Mixed, Hot Laid AC, Dense Graded",Crushed Gravel,Fine-Grained Soils: Lean Inorganic Clay,0,,17.4,Serious,rutting (H),10.0,1.244199991,1.221599984,1.233000016,2,18.4,-1.0,98.0,0.2683093771389459,25.5,221.0,0.6050650239561944,train
8-1053-1,8-1053,8-1053-1-0,8,Colorado,1053,1,21/10/1994,1994,4,ACUB,Asphalt concrete over unbound base/subgrade,Rural Principal Arterial - Other,North,1,General Pavement Studies,Asphalt Concrete on Unbound Granular Base,6.234086242,572162.0,0.0,289.73,390.21,365.0,8.699999809,348.0,152.0,166906.3,116.8399976,137.1600024,596.9,850.9,1,4,"Hot Mixed, Hot Laid AC, Dense Graded",Crushed Gravel,Fine-Grained Soils: Lean Inorganic Clay,0,,25.5,Very Poor,rutting (H),10.0,1.257600021,1.128999996,1.193400002,3,17.4,8.100000000000001,221.0,0.6050650239561944,24.6,115.0,0.31485284052019163,train
8-1053-1,8-1053,8-1053-1-0,8,Colorado,1053,1,13/2/1995,1995,5,ACUB,Asphalt concrete over unbound base/subgrade,Rural Principal Arterial - Other,North,1,General Pavement Studies,Asphalt Concrete on Unbound Granular Base,6.548939083,688883.0,116721.0,320.06,538.34,365.0,8.199999809,166.0,174.0,165426.6,116.8399976,137.1600024,596.9,850.9,1,4,"Hot Mixed, Hot Laid AC, Dense Graded",Crushed Gravel,Fine-Grained Soils: Lean Inorganic Clay,0,,24.6,Serious,rutting (H),11.0,1.247799969,1.222600007,1.235199976,4,25.5,-0.8999999999999986,115.0,0.31485284052019163,21.4,84.0,0.2299794661190965,train
8-1053-1,8-1053,8-1053-1-0,8,Colorado,1053,1,8/5/1995,1995,6,ACUB,Asphalt concrete over unbound base/subgrade,Rural Principal Arterial - Other,North,1,General Pavement Studies,Asphalt Concrete on Unbound Granular Base,6.778918549,688883.0,0.0,320.06,538.34,365.0,8.199999809,166.0,174.0,165426.6,116.8399976,137.1600024,596.9,850.9,1,4,"Hot Mixed, Hot Laid AC, Dense Graded",Crushed Gravel,Fine-Grained Soils: Lean Inorganic Clay,0,,21.4,Serious,rutting (H),10.0,1.250399995,1.261199999,1.255800009,5,24.6,-3.200000000000003,84.0,0.2299794661190965,24.0,532.0,1.4565366187542779,train
8-1053-1,8-1053,8-1053-1-0,8,Colorado,1053,1,21/10/1996,1996,7,ACUB,Asphalt concrete over unbound base/subgrade,Rural Principal Arterial - Other,North,1,General Pavement Studies,Asphalt Concrete on Unbound Granular Base,8.235455168,751994.0,63111.0,337.48,400.09,366.0,8.300000191,420.0,152.0,169382.1,116.8399976,137.1600024,596.9,850.9,1,4,"Hot Mixed, Hot Laid AC, Dense Graded",Crushed Gravel,Fine-Grained Soils: Lean Inorganic Clay,0,,24.0,Serious,rutting (H),12.0,1.389400005,1.180400014,1.284600019,6,21.4,2.6000000000000014,532.0,1.4565366187542779,24.1,24.0,0.06570841889117043,train
8-1053-1,8-1053,8-1053-1-0,8,Colorado,1053,1,14/11/1996,1996,8,ACUB,Asphalt concrete over unbound base/subgrade,Rural Principal Arterial - Other,North,1,General Pavement Studies,Asphalt Concrete on Unbound Granular Base,8.301163587,751994.0,0.0,337.48,400.09,366.0,8.300000191,420.0,152.0,169382.1,116.8399976,137.1600024,596.9,850.9,1,4,"Hot Mixed, Hot Laid AC, Dense Graded",Crushed Gravel,Fine-Grained Soils: Lean Inorganic Clay,0,,24.1,Serious,rutting (H),12.0,1.389400005,1.180400014,1.284600019,7,24.0,0.10000000000000142,24.0,0.06570841889117043,23.0,113.0,0.30937713894592744,train
8-1053-1,8-1053,8-1053-1-0,8,Colorado,1053,1,7/3/1997,1997,9,ACUB,Asphalt concrete over unbound base/subgrade,Rural Principal Arterial - Other,North,1,General Pavement Studies,Asphalt Concrete on Unbound Granular Base,8.610540726,794491.0,42497.0,368.22,544.52,365.0,7.900000095,361.0,156.0,163700.6,116.8399976,137.1600024,596.9,850.9,1,4,"Hot Mixed, Hot Laid AC, Dense Graded",Crushed Gravel,Fine-Grained Soils: Lean Inorganic Clay,0,,23.0,Serious,rutting (H),12.0,1.414400005,1.163799977,1.288600016,8,24.1,-1.1000000000000014,113.0,0.30937713894592744,20.1,13.0,0.03559206023271732,train
8-1053-1,8-1053,8-1053-1-0,8,Colorado,1053,1,20/3/1997,1997,10,ACUB,Asphalt concrete over unbound base/subgrade,Rural Principal Arterial - Other,North,1,General Pavement Studies,Asphalt Concrete on Unbound Granular Base,8.646132786,794491.0,0.0,368.22,544.52,365.0,7.900000095,361.0,156.0,163700.6,116.8399976,137.1600024,596.9,850.9,1,4,"Hot Mixed, Hot Laid AC, Dense Graded",Crushed Gravel,Fine-Grained Soils: Lean Inorganic Clay,0,,20.1,Serious,rutting (H),12.0,1.414400005,1.163799977,1.288600016,9,23.0,-2.8999999999999986,13.0,0.03559206023271732,22.7,138.0,0.37782340862423,train
8-1053-1,8-1053,8-1053-1-0,8,Colorado,1053,1,5/8/1997,1997,11,ACUB,Asphalt concrete over unbound base/subgrade,Rural Principal Arterial - Other,North,1,General Pavement Studies,Asphalt Concrete on Unbound Granular Base,9.023956194,794491.0,0.0,368.22,544.52,365.0,7.900000095,361.0,156.0,163700.6,116.8399976,137.1600024,596.9,850.9,1,4,"Hot Mixed, Hot Laid AC, Dense Graded",Crushed Gravel,Fine-Grained Soils: Lean Inorganic Clay,0,,22.7,Serious,rutting (H),12.0,1.342400002,1.231999993,1.287399983,10,20.1,2.599999999999998,138.0,0.37782340862423,21.5,384.0,1.051334702258727,train
8-1053-1,8-1053,8-1053-1-0,8,Colorado,1053,1,24/8/1998,1998,12,ACUB,Asphalt concrete over unbound base/subgrade,Rural Principal Arterial - Other,North,1,General Pavement Studies,Asphalt Concrete on Unbound Granular Base,10.0752909,856076.0,61585.0,266.85,445.55,365.0,8.199999809,278.0,163.0,165897.6,116.8399976,137.1600024,596.9,850.9,1,4,"Hot Mixed, Hot Laid AC, Dense Graded",Crushed Gravel,Fine-Grained Soils: Lean Inorganic Clay,0,,21.5,Serious,rutting (H),13.0,1.315799999,1.364199996,1.3398,11,22.7,-1.1999999999999993,384.0,1.051334702258727,15.9,627.0,1.7166324435318274,train
8-1053-1,8-1053,8-1053-1-0,8,Colorado,1053,1,12/5/2000,2000,13,ACUB,Asphalt concrete over unbound base/subgrade,Rural Principal Arterial - Other,North,1,General Pavement Studies,Asphalt Concrete on Unbound Granular Base,11.79192334,986007.0,129931.0,264.24,362.08,366.0,9.199999809,242.0,153.0,167885.2,116.8399976,137.1600024,596.9,850.9,1,4,"Hot Mixed, Hot Laid AC, Dense Graded",Crushed Gravel,Fine-Grained Soils: Lean Inorganic Clay,0,,15.9,Serious,rutting (H),12.0,,,,12,21.5,-5.6,627.0,1.7166324435318274,18.3,336.0,0.919917864476386,train
8-2008-1,8-2008,8-2008-1-0,8,Colorado,2008,1,6/5/1991,1991,1,ACATB,Asphalt concrete over asphalt treated base/subgrade,Rural Principal Arterial - Other,West,1,General Pavement Studies,Asphalt Concrete on Bound Base,2.778918549,1067877.0,,449.03,410.78,365.0,12.80000019,101.0,125.0,164958.6,93.97999894,187.9600024,0.0,281.9400014,2,5,"Hot Mixed, Hot Laid AC, Dense Graded",Asphalt Treated Mixture,Fine-Grained Soils: Sandy Clay,0,,3.7,Failed,rutting (H),16.0,,,,0,,,,,23.9,172.0,0.47091033538672145,test
81-1803-4,81-1803,81-1803-4-0,81,Alberta,1803,4,8/7/1997,1997,1,ACUB,Asphalt concrete over unbound base/subgrade,Rural Principal Arterial - Interstate,East,1,General Pavement Studies,Asphalt Concrete on Unbound Granular Base,0.101300479,,,,,,,,,,127.0,279.4,0.0,406.4,2,4,"Hot Mixed, Hot Laid AC, Dense Graded",Soil-Aggregate Mixture (Predominantly Coarse-Grained),Coarse-Grained Soil: Silty Sand with Gravel,1,37.0,87.4,Good,long_trans_cracking (H),,,,,0,,,,,83.0,700.0,1.9164955509924708,train
81-1803-7,81-1803,81-1803-7-0,81,Alberta,1803,7,21/7/2010,2010,1,ACUB,Asphalt concrete over unbound base/subgrade,Rural Principal Arterial - Interstate,East,1,General Pavement Studies,Asphalt Concrete on Unbound Granular Base,2.970568104,,,,,,,,,,127.0,279.4,0.0,406.4,2,4,"Hot Mixed, Hot Laid AC, Dense Graded",Soil-Aggregate Mixture (Predominantly Coarse-Grained),Coarse-Grained Soil: Silty Sand with Gravel,1,1085.0,62.9,Fair,long_trans_cracking (H),,,,,0,,,,,58.9,323.0,0.8843258042436687,train
81-1805-1,81-1805,81-1805-1-0,81,Alberta,1805,1,24/8/1993,1993,1,ACUB,Asphalt concrete over unbound base/subgrade,Rural Principal Arterial - Other,East,1,General Pavement Studies,Asphalt Concrete on Unbound Granular Base,5.11156742,,,,,,,,,,180.3400051,226.0599903,101.6,507.9999955,2,5,"Hot Mixed, Hot Laid AC, Dense Graded",Soil-Aggregate Mixture (Predominantly Coarse-Grained),Fine-Grained Soils: Sandy Silty Clay with Gravel,0,,90.2,Good,long_trans_cracking (L),,,,,0,,,,,85.4,638.0,1.7467488021902806,train
81-2812-2,81-2812,81-2812-2-0,81,Alberta,2812,2,26/6/1996,1996,1,ACATB,Asphalt concrete over asphalt treated base/subgrade,Rural Principal Arterial - Other,South,1,General Pavement Studies,Asphalt Concrete on Bound Base,3.854893908,,,,,,,,,,152.3999977,165.1,0.0,317.4999977,2,4,"Hot Mixed, Hot Laid AC, Dense Graded",Cement-Treated Soil,Fine-Grained Soils: Lean Clay with Sand,0,,84.9,Satisfactory,long_trans_cracking (L),,,,,0,,,,,74.8,379.0,1.0376454483230664,train
81-2812-2,81-2812,81-2812-2-0,81,Alberta,2812,2,10/7/1997,1997,2,ACATB,Asphalt concrete over asphalt treated base/subgrade,Rural Principal Arterial - Other,South,1,General Pavement Studies,Asphalt Concrete on Bound Base,4.892539357,,,,,,,,,,152.3999977,165.1,0.0,317.4999977,2,4,"Hot Mixed, Hot Laid AC, Dense Graded",Cement-Treated Soil,Fine-Grained Soils: Lean Clay with Sand,0,,74.8,Satisfactory,long_trans_cracking (H),,,,,1,84.9,-10.100000000000009,379.0,1.0376454483230664,63.5,699.0,1.9137577002053388,train
81-2812-2,81-2812,81-2812-2-0,81,Alberta,2812,2,9/6/1999,1999,3,ACATB,Asphalt concrete over asphalt treated base/subgrade,Rural Principal Arterial - Other,South,1,General Pavement Studies,Asphalt Concrete on Bound Base,6.806297057,,,,,,,,,,152.3999977,165.1,0.0,317.4999977,2,4,"Hot Mixed, Hot Laid AC, Dense Graded",Cement-Treated Soil,Fine-Grained Soils: Lean Clay with Sand,0,,63.5,Fair,long_trans_cracking (H),,,,,2,74.8,-11.299999999999997,699.0,1.9137577002053388,72.1,1868.0,5.114305270362765,train
82-1005-1,82-1005,82-1005-1-0,82,British Columbia,1005,1,27/8/1992,1992,1,ACUB,Asphalt concrete over unbound base/subgrade,Rural Principal Arterial - Other,West,1,General Pavement Studies,Asphalt Concrete on Unbound Granular Base,3.156741958,,,,,,,,,,96.51999879,238.7599903,309.8799952,645.1599843,1,4,"Hot Mixed, Hot Laid AC, Dense Graded",Soil-Aggregate Mixture (Predominantly Coarse-Grained),Coarse-Grained Soil: Silty Sand,0,,65.4,Fair,raveling_weathering (M),,,,,0,,,,,68.1,246.0,0.6735112936344969,train
83-1801-1,83-1801,83-1801-1-0,83,Manitoba,1801,1,9/5/1991,1991,1,ACUB,Asphalt concrete over unbound base/subgrade,Rural Principal Arterial - Interstate,West,1,General Pavement Studies,Asphalt Concrete on Unbound Granular Base,4.350444901,,,,,,,,,,111.7600024,142.2399976,335.2799952,589.2799952,2,5,"Hot Mixed, Hot Laid AC, Dense Graded",Crushed Gravel,Coarse-Grained Soil: Silty Sand,0,,78.3,Satisfactory,long_trans_cracking (M),,,,,0,,,,,90.4,767.0,2.099931553730322,train
83-1801-1,83-1801,83-1801-1-0,83,Manitoba,1801,1,14/6/1993,1993,2,ACUB,Asphalt concrete over unbound base/subgrade,Rural Principal Arterial - Interstate,West,1,General Pavement Studies,Asphalt Concrete on Unbound Granular Base,6.450376454,,,,,,,,,,111.7600024,142.2399976,335.2799952,589.2799952,2,5,"Hot Mixed, Hot Laid AC, Dense Graded",Crushed Gravel,Coarse-Grained Soil: Silty Sand,0,,90.4,Good,long_trans_cracking (L),,,,,1,78.3,12.100000000000009,767.0,2.099931553730322,79.4,245.0,0.6707734428473648,train
83-1801-1,83-1801,83-1801-1-0,83,Manitoba,1801,1,14/2/1994,1994,3,ACUB,Asphalt concrete over unbound base/subgrade,Rural Principal Arterial - Interstate,West,1,General Pavement Studies,Asphalt Concrete on Unbound Granular Base,7.121149897,,,,,,,,,,111.7600024,142.2399976,335.2799952,589.2799952,2,5,"Hot Mixed, Hot Laid AC, Dense Graded",Crushed Gravel,Coarse-Grained Soil: Silty Sand,0,,79.4,Satisfactory,long_trans_cracking (M),,,,,2,90.4,-11.0,245.0,0.6707734428473648,77.8,185.0,0.5065023956194388,train
83-1801-1,83-1801,83-1801-1-0,83,Manitoba,1801,1,18/8/1994,1994,4,ACUB,Asphalt concrete over unbound base/subgrade,Rural Principal Arterial - Interstate,West,1,General Pavement Studies,Asphalt Concrete on Unbound Granular Base,7.627652293,,,,,,,,,,111.7600024,142.2399976,335.2799952,589.2799952,2,5,"Hot Mixed, Hot Laid AC, Dense Graded",Crushed Gravel,Coarse-Grained Soil: Silty Sand,0,,77.8,Satisfactory,long_trans_cracking (M),,,,,3,79.4,-1.6000000000000085,185.0,0.5065023956194388,81.5,236.0,0.6461327857631759,train
83-1801-3,83-1801,83-1801-3-0,83,Manitoba,1801,3,16/10/1996,1996,1,ACUB,Asphalt concrete over unbound base/subgrade,Rural Principal Arterial - Interstate,West,1,General Pavement Studies,Asphalt Concrete on Unbound Granular Base,0.041067762,,,,,,,,,,111.7600024,142.2399976,335.2799952,589.2799952,2,5,"Hot Mixed, Hot Laid AC, Dense Graded",Crushed Gravel,Coarse-Grained Soil: Silty Sand,0,,75.5,Satisfactory,long_trans_cracking (M),,,,,0,,,,,72.9,245.0,0.6707734428473648,train
83-1801-3,83-1801,83-1801-3-0,83,Manitoba,1801,3,18/6/1997,1997,2,ACUB,Asphalt concrete over unbound base/subgrade,Rural Principal Arterial - Interstate,West,1,General Pavement Studies,Asphalt Concrete on Unbound Granular Base,0.711841205,,,,,,,,,,111.7600024,142.2399976,335.2799952,589.2799952,2,5,"Hot Mixed, Hot Laid AC, Dense Graded",Crushed Gravel,Coarse-Grained Soil: Silty Sand,0,,72.9,Satisfactory,long_trans_cracking (M),,,,,1,75.5,-2.5999999999999943,245.0,0.6707734428473648,72.5,90.0,0.2464065708418891,train
83-1801-3,83-1801,83-1801-3-0,83,Manitoba,1801,3,16/9/1997,1997,3,ACUB,Asphalt concrete over unbound base/subgrade,Rural Principal Arterial - Interstate,West,1,General Pavement Studies,Asphalt Concrete on Unbound Granular Base,0.958247775,,,,,,,,,,111.7600024,142.2399976,335.2799952,589.2799952,2,5,"Hot Mixed, Hot Laid AC, Dense Graded",Crushed Gravel,Coarse-Grained Soil: Silty Sand,0,,72.5,Satisfactory,long_trans_cracking (M),,,,,2,72.9,-0.4000000000000057,90.0,0.2464065708418891,62.6,633.0,1.73305954825462,train
83-1801-3,83-1801,83-1801-3-0,83,Manitoba,1801,3,11/6/1999,1999,4,ACUB,Asphalt concrete over unbound base/subgrade,Rural Principal Arterial - Interstate,West,1,General Pavement Studies,Asphalt Concrete on Unbound Granular Base,2.691307324,,,,,,,,,,111.7600024,142.2399976,335.2799952,589.2799952,2,5,"Hot Mixed, Hot Laid AC, Dense Graded",Crushed Gravel,Coarse-Grained Soil: Silty Sand,0,,62.6,Fair,long_trans_cracking (M),,,,,3,72.5,-9.899999999999999,633.0,1.73305954825462,49.9,150.0,0.4106776180698152,train
83-1801-4,83-1801,83-1801-4-0,83,Manitoba,1801,4,15/5/2000,2000,1,ACUB,Asphalt concrete over unbound base/subgrade,Rural Principal Arterial - Interstate,West,1,General Pavement Studies,Asphalt Concrete on Unbound Granular Base,0.038329911,,,,,,,,,,111.7600024,142.2399976,335.2799952,589.2799952,2,5,"Hot Mixed, Hot Laid AC, Dense Graded",Crushed Gravel,Coarse-Grained Soil: Silty Sand,0,,49.1,Poor,long_trans_cracking (M),,,,,0,,,,,37.5,353.0,0.9664613278576317,train
83-1801-5,83-1801,83-1801-5-0,83,Manitoba,1801,5,13/11/2001,2001,1,ACUB,Asphalt concrete over unbound base/subgrade,Rural Principal Arterial - Interstate,West,1,General Pavement Studies,Asphalt Concrete on Unbound Granular Base,0.287474333,,,,,,,,,,111.7600024,142.2399976,335.2799952,589.2799952,2,5,"Hot Mixed, Hot Laid AC, Dense Graded",Crushed Gravel,Coarse-Grained Soil: Silty Sand,1,105.0,38.5,Very Poor,long_trans_cracking (M),,,,,0,,,,,33.8,189.0,0.5174537987679672,train
83-1801-5,83-1801,83-1801-5-0,83,Manitoba,1801,5,21/5/2002,2002,2,ACUB,Asphalt concrete over unbound base/subgrade,Rural Principal Arterial - Interstate,West,1,General Pavement Studies,Asphalt Concrete on Unbound Granular Base,0.804928131,,,,,,,,,,111.7600024,142.2399976,335.2799952,589.2799952,2,5,"Hot Mixed, Hot Laid AC, Dense Graded",Crushed Gravel,Coarse-Grained Soil: Silty Sand,1,294.0,33.8,Very Poor,long_trans_cracking (M),,,,,1,38.5,-4.700000000000003,189.0,0.5174537987679672,28.4,178.0,0.487337440109514,train
83-1801-5,83-1801,83-1801-5-0,83,Manitoba,1801,5,15/11/2002,2002,3,ACUB,Asphalt concrete over unbound base/subgrade,Rural Principal Arterial - Interstate,West,1,General Pavement Studies,Asphalt Concrete on Unbound Granular Base,1.292265572,,,,,,,,,,111.7600024,142.2399976,335.2799952,589.2799952,2,5,"Hot Mixed, Hot Laid AC, Dense Graded",Crushed Gravel,Coarse-Grained Soil: Silty Sand,1,472.0,28.4,Very Poor,long_trans_cracking (M),,,,,2,33.8,-5.399999999999999,178.0,0.487337440109514,23.1,186.0,0.5092402464065708,train
83-1801-5,83-1801,83-1801-5-0,83,Manitoba,1801,5,20/5/2003,2003,4,ACUB,Asphalt concrete over unbound base/subgrade,Rural Principal Arterial - Interstate,West,1,General Pavement Studies,Asphalt Concrete on Unbound Granular Base,1.801505818,,,,,,,,,,111.7600024,142.2399976,335.2799952,589.2799952,2,5,"Hot Mixed, Hot Laid AC, Dense Graded",Crushed Gravel,Coarse-Grained Soil: Silty Sand,1,658.0,23.1,Serious,alligator_cracking (M),,,,,3,28.4,-5.299999999999997,186.0,0.5092402464065708,10.0,174.0,0.47638603696098564,train
83-1801-5,83-1801,83-1801-5-0,83,Manitoba,1801,5,10/11/2003,2003,5,ACUB,Asphalt concrete over unbound base/subgrade,Rural Principal Arterial - Interstate,West,1,General Pavement Studies,Asphalt Concrete on Unbound Granular Base,2.277891855,,,,,,,,,,111.7600024,142.2399976,335.2799952,589.2799952,2,5,"Hot Mixed, Hot Laid AC, Dense Graded",Crushed Gravel,Coarse-Grained Soil: Silty Sand,1,832.0,10.0,Serious,alligator_cracking (M),,,,,4,23.1,-13.100000000000001,174.0,0.47638603696098564,0.0,169.0,0.46269678302532513,train
84-1802-2,84-1802,84-1802-2-0,84,New Brunswick,1802,2,1/12/1998,1998,1,ACATB,Asphalt concrete over asphalt treated base/subgrade,Rural Principal Arterial - Other,North,1,General Pavement Studies,Asphalt Concrete on Bound Base,0.476386037,,,,,,,,,,276.8599903,63.5,472.4400097,812.8,2,5,"Hot Mixed, Hot Laid AC, Dense Graded",Asphalt Treated Mixture,Coarse-Grained Soils: Poorly Graded Sand with Silt and Gravel,1,173.0,72.8,Satisfactory,alligator_cracking (L),,,,,0,,,,,52.0,560.0,1.5331964407939767,train
84-1802-2,84-1802,84-1802-2-0,84,New Brunswick,1802,2,13/6/2000,2000,2,ACATB,Asphalt concrete over asphalt treated base/subgrade,Rural Principal Arterial - Other,North,1,General Pavement Studies,Asphalt Concrete on Bound Base,2.009582478,,,,,,,,,,276.8599903,63.5,472.4400097,812.8,2,5,"Hot Mixed, Hot Laid AC, Dense Graded",Asphalt Treated Mixture,Coarse-Grained Soils: Poorly Graded Sand with Silt and Gravel,1,733.0,52.0,Poor,alligator_cracking (M),,,,,1,72.8,-20.799999999999997,560.0,1.5331964407939767,40.0,1092.0,2.9897330595482545,train
84-1802-2,84-1802,84-1802-2-0,84,New Brunswick,1802,2,10/6/2003,2003,3,ACATB,Asphalt concrete over asphalt treated base/subgrade,Rural Principal Arterial - Other,North,1,General Pavement Studies,Asphalt Concrete on Bound Base,4.999315537,,,,,,,,,,276.8599903,63.5,472.4400097,812.8,2,5,"Hot Mixed, Hot Laid AC, Dense Graded",Asphalt Treated Mixture,Coarse-Grained Soils: Poorly Graded Sand with Silt and Gravel,1,1825.0,40.0,Poor,alligator_cracking (H),,,,,2,52.0,-12.0,1092.0,2.9897330595482545,29.2,737.0,2.0177960301163584,train
85-1801-1,85-1801,85-1801-1-0,85,Newfoundland,1801,1,24/6/1990,1990,1,ACUB,Asphalt concrete over unbound base/subgrade,Rural Principal Arterial - Other,West,1,General Pavement Studies,Asphalt Concrete on Unbound Granular Base,1.894592745,,,,,,,,,,81.27999818,251.4599903,284.4799952,617.2199836,2,5,"Hot Mixed, Hot Laid AC, Dense Graded",Crushed Stone,Coarse-Grained Soil: Well-Graded Gravel with Silt and Sand,0,,99.8,Good,bleeding (M),,,,,0,,,,,80.7,1513.0,4.142368240930869,train
85-1801-1,85-1801,85-1801-1-0,85,Newfoundland,1801,1,15/8/1994,1994,2,ACUB,Asphalt concrete over unbound base/subgrade,Rural Principal Arterial - Other,West,1,General Pavement Studies,Asphalt Concrete on Unbound Granular Base,6.036960986,,,,,,,,,,81.27999818,251.4599903,284.4799952,617.2199836,2,5,"Hot Mixed, Hot Laid AC, Dense Graded",Crushed Stone,Coarse-Grained Soil: Well-Graded Gravel with Silt and Sand,0,,80.7,Satisfactory,raveling_weathering (M),,,,,1,99.8,-19.099999999999994,1513.0,4.142368240930869,68.7,1428.0,3.909650924024641,train
85-1801-1,85-1801,85-1801-1-0,85,Newfoundland,1801,1,13/7/1998,1998,3,ACUB,Asphalt concrete over unbound base/subgrade,Rural Principal Arterial - Other,West,1,General Pavement Studies,Asphalt Concrete on Unbound Granular Base,9.94661191,,,,,,,,,,81.27999818,251.4599903,284.4799952,617.2199836,2,5,"Hot Mixed, Hot Laid AC, Dense Graded",Crushed Stone,Coarse-Grained Soil: Well-Graded Gravel with Silt and Sand,0,,68.7,Fair,long_trans_cracking (H),,,,,2,80.7,-12.0,1428.0,3.909650924024641,85.0,378.0,1.0349075975359343,train
85-1801-1,85-1801,85-1801-1-0,85,Newfoundland,1801,1,26/7/1999,1999,4,ACUB,Asphalt concrete over unbound base/subgrade,Rural Principal Arterial - Other,West,1,General Pavement Studies,Asphalt Concrete on Unbound Granular Base,10.98151951,,,,,,,,,,81.27999818,251.4599903,284.4799952,617.2199836,2,5,"Hot Mixed, Hot Laid AC, Dense Graded",Crushed Stone,Coarse-Grained Soil: Well-Graded Gravel with Silt and Sand,0,,85.0,Good,long_trans_cracking (L),,,,,3,68.7,16.299999999999997,378.0,1.0349075975359343,80.3,764.0,2.0917180013689256,train
85-1801-1,85-1801,85-1801-1-0,85,Newfoundland,1801,1,28/8/2001,2001,5,ACUB,Asphalt concrete over unbound base/subgrade,Rural Principal Arterial - Other,West,1,General Pavement Studies,Asphalt Concrete on Unbound Granular Base,13.07323751,,,,,,,,,,81.27999818,251.4599903,284.4799952,617.2199836,2,5,"Hot Mixed, Hot Laid AC, Dense Graded",Crushed Stone,Coarse-Grained Soil: Well-Graded Gravel with Silt and Sand,0,,80.3,Satisfactory,long_trans_cracking (L),,,,,4,85.0,-4.700000000000003,764.0,2.0917180013689256,39.5,657.0,1.7987679671457906,train
85-1801-1,85-1801,85-1801-1-0,85,Newfoundland,1801,1,16/6/2003,2003,6,ACUB,Asphalt concrete over unbound base/subgrade,Rural Principal Arterial - Other,West,1,General Pavement Studies,Asphalt Concrete on Unbound Granular Base,14.87200548,,,,,,,,,,81.27999818,251.4599903,284.4799952,617.2199836,2,5,"Hot Mixed, Hot Laid AC, Dense Graded",Crushed Stone,Coarse-Grained Soil: Well-Graded Gravel with Silt and Sand,0,,39.5,Very Poor,long_trans_cracking (H),,,,,5,80.3,-40.8,657.0,1.7987679671457906,32.6,736.0,2.0150581793292264,train
85-1803-2,85-1803,85-1803-2-0,85,Newfoundland,1803,2,17/8/1994,1994,1,ACUB,Asphalt concrete over unbound base/subgrade,Rural Principal Arterial - Other,East,1,General Pavement Studies,Asphalt Concrete on Unbound Granular Base,4.032854209,,,,,,,,,,81.28000121,157.4799952,381.0,619.7599964,1,4,"Hot Mixed, Hot Laid AC, Dense Graded",Crushed Gravel,Coarse-Grained Soil: Well-Graded Gravel with Silt and Sand,0,,79.6,Satisfactory,raveling_weathering (M),,,,,0,,,,,80.7,1428.0,3.909650924024641,train
85-1803-2,85-1803,85-1803-2-0,85,Newfoundland,1803,2,15/7/1998,1998,2,ACUB,Asphalt concrete over unbound base/subgrade,Rural Principal Arterial - Other,East,1,General Pavement Studies,Asphalt Concrete on Unbound Granular Base,7.942505133,,,,,,,,,,81.28000121,157.4799952,381.0,619.7599964,1,4,"Hot Mixed, Hot Laid AC, Dense Graded",Crushed Gravel,Coarse-Grained Soil: Well-Graded Gravel with Silt and Sand,0,,80.7,Satisfactory,long_trans_cracking (M),,,,,1,79.6,1.1000000000000085,1428.0,3.909650924024641,64.3,1142.0,3.1266255989048597,train
85-1803-2,85-1803,85-1803-2-0,85,Newfoundland,1803,2,30/8/2001,2001,3,ACUB,Asphalt concrete over unbound base/subgrade,Rural Principal Arterial - Other,East,1,General Pavement Studies,Asphalt Concrete on Unbound Granular Base,11.06913073,,,,,,,,,,81.28000121,157.4799952,381.0,619.7599964,1,4,"Hot Mixed, Hot Laid AC, Dense Graded",Crushed Gravel,Coarse-Grained Soil: Well-Graded Gravel with Silt and Sand,0,,64.3,Fair,long_trans_cracking (H),,,,,2,80.7,-16.400000000000006,1142.0,3.1266255989048597,47.8,657.0,1.7987679671457906,train
85-1803-2,85-1803,85-1803-2-0,85,Newfoundland,1803,2,18/6/2003,2003,4,ACUB,Asphalt concrete over unbound base/subgrade,Rural Principal Arterial - Other,East,1,General Pavement Studies,Asphalt Concrete on Unbound Granular Base,12.8678987,,,,,,,,,,81.28000121,157.4799952,381.0,619.7599964,1,4,"Hot Mixed, Hot Laid AC, Dense Graded",Crushed Gravel,Coarse-Grained Soil: Well-Graded Gravel with Silt and Sand,0,,47.8,Poor,long_trans_cracking (H),,,,,3,64.3,-16.5,657.0,1.7987679671457906,46.1,736.0,2.0150581793292264,train
85-1808-1,85-1808,85-1808-1-0,85,Newfoundland,1808,1,27/6/1990,1990,1,ACUB,Asphalt concrete over unbound base/subgrade,Rural Principal Arterial - Other,East,1,General Pavement Studies,Asphalt Concrete on Unbound Granular Base,1.902806297,,,,,,,,,,81.28000121,114.3,431.8,627.3800012,1,4,"Hot Mixed, Hot Laid AC, Dense Graded",Crushed Gravel,Coarse-Grained Soil: Well-Graded Gravel with Sand,0,,96.9,Good,bleeding (M),,,,,0,,,,,82.3,1512.0,4.139630390143737,test
85-1808-1,85-1808,85-1808-1-0,85,Newfoundland,1808,1,17/8/1994,1994,2,ACUB,Asphalt concrete over unbound base/subgrade,Rural Principal Arterial - Other,East,1,General Pavement Studies,Asphalt Concrete on Unbound Granular Base,6.042436687,,,,,,,,,,81.28000121,114.3,431.8,627.3800012,1,4,"Hot Mixed, Hot Laid AC, Dense Graded",Crushed Gravel,Coarse-Grained Soil: Well-Graded Gravel with Sand,0,,82.3,Satisfactory,bleeding (M),,,,,1,96.9,-14.600000000000009,1512.0,4.139630390143737,92.2,1428.0,3.909650924024641,test
85-1808-1,85-1808,85-1808-1-0,85,Newfoundland,1808,1,15/7/1998,1998,3,ACUB,Asphalt concrete over unbound base/subgrade,Rural Principal Arterial - Other,East,1,General Pavement Studies,Asphalt Concrete on Unbound Granular Base,9.952087611,,,,,,,,,,81.28000121,114.3,431.8,627.3800012,1,4,"Hot Mixed, Hot Laid AC, Dense Graded",Crushed Gravel,Coarse-Grained Soil: Well-Graded Gravel with Sand,0,,92.2,Good,bleeding (M),,,,,2,82.3,9.900000000000006,1428.0,3.909650924024641,83.9,1142.0,3.1266255989048597,test
85-1808-1,85-1808,85-1808-1-0,85,Newfoundland,1808,1,30/8/2001,2001,4,ACUB,Asphalt concrete over unbound base/subgrade,Rural Principal Arterial - Other,East,1,General Pavement Studies,Asphalt Concrete on Unbound Granular Base,13.07871321,,,,,,,,,,81.28000121,114.3,431.8,627.3800012,1,4,"Hot Mixed, Hot Laid AC, Dense Graded",Crushed Gravel,Coarse-Grained Soil: Well-Graded Gravel with Sand,0,,83.9,Satisfactory,bleeding (M),,,,,3,92.2,-8.299999999999997,1142.0,3.1266255989048597,82.9,657.0,1.7987679671457906,test
85-1808-1,85-1808,85-1808-1-0,85,Newfoundland,1808,1,18/6/2003,2003,5,ACUB,Asphalt concrete over unbound base/subgrade,Rural Principal Arterial - Other,East,1,General Pavement Studies,Asphalt Concrete on Unbound Granular Base,14.87748118,,,,,,,,,,81.28000121,114.3,431.8,627.3800012,1,4,"Hot Mixed, Hot Laid AC, Dense Graded",Crushed Gravel,Coarse-Grained Soil: Well-Graded Gravel with Sand,0,,82.9,Satisfactory,bleeding (M),,,,,4,83.9,-1.0,657.0,1.7987679671457906,82.6,736.0,2.0150581793292264,test
85-1808-1,85-1808,85-1808-1-0,85,Newfoundland,1808,1,23/6/2005,2005,6,ACUB,Asphalt concrete over unbound base/subgrade,Rural Principal Arterial - Other,East,1,General Pavement Studies,Asphalt Concrete on Unbound Granular Base,16.89253936,,,,,,,,,,81.28000121,114.3,431.8,627.3800012,1,4,"Hot Mixed, Hot Laid AC, Dense Graded",Crushed Gravel,Coarse-Grained Soil: Well-Graded Gravel with Sand,0,,82.6,Satisfactory,bleeding (M),,,,,5,82.9,-0.30000000000001137,736.0,2.0150581793292264,99.7,1910.0,5.229295003422314,test
85-1808-1,85-1808,85-1808-1-0,85,Newfoundland,1808,1,15/9/2010,2010,7,ACUB,Asphalt concrete over unbound base/subgrade,Rural Principal Arterial - Other,East,1,General Pavement Studies,Asphalt Concrete on Unbound Granular Base,22.12183436,,,,,,,,,,81.28000121,114.3,431.8,627.3800012,1,4,"Hot Mixed, Hot Laid AC, Dense Graded",Crushed Gravel,Coarse-Grained Soil: Well-Graded Gravel with Sand,0,,99.7,Good,polished_aggregate (M),,,,,6,82.6,17.10000000000001,1910.0,5.229295003422314,99.9,1778.0,4.867898699520876,test
87-1622-1,87-1622,87-1622-1-0,87,Ontario,1622,1,22/9/1993,1993,1,ACUB,Asphalt concrete over unbound base/subgrade,Rural Principal Arterial - Other,North,1,General Pavement Studies,Asphalt Concrete on Unbound Granular Base,4.97467488,,,,,,,,,,144.7799982,170.1799952,668.0199806,982.979974,3,6,"Hot Mixed, Hot Laid AC, Dense Graded",Crushed Gravel,Fine-Grained Soils: Sandy Silt,0,,67.2,Fair,long_trans_cracking (M),,,,,0,,,,,44.5,237.0,0.648870636550308,train
87-1622-1,87-1622,87-1622-1-0,87,Ontario,1622,1,17/5/1994,1994,2,ACUB,Asphalt concrete over unbound base/subgrade,Rural Principal Arterial - Other,North,1,General Pavement Studies,Asphalt Concrete on Unbound Granular Base,5.623545517,,,,,,,,,,144.7799982,170.1799952,668.0199806,982.979974,3,6,"Hot Mixed, Hot Laid AC, Dense Graded",Crushed Gravel,Fine-Grained Soils: Sandy Silt,0,,44.5,Poor,long_trans_cracking (H),,,,,1,67.2,-22.700000000000003,237.0,0.648870636550308,58.0,84.0,0.2299794661190965,train
87-1622-1,87-1622,87-1622-1-0,87,Ontario,1622,1,9/8/1994,1994,3,ACUB,Asphalt concrete over unbound base/subgrade,Rural Principal Arterial - Other,North,1,General Pavement Studies,Asphalt Concrete on Unbound Granular Base,5.853524983,,,,,,,,,,144.7799982,170.1799952,668.0199806,982.979974,3,6,"Hot Mixed, Hot Laid AC, Dense Graded",Crushed Gravel,Fine-Grained Soils: Sandy Silt,0,,58.0,Fair,long_trans_cracking (H),,,,,2,44.5,13.5,84.0,0.2299794661190965,50.7,268.0,0.7337440109514032,train
87-1622-1,87-1622,87-1622-1-0,87,Ontario,1622,1,4/5/1995,1995,4,ACUB,Asphalt concrete over unbound base/subgrade,Rural Principal Arterial - Other,North,1,General Pavement Studies,Asphalt Concrete on Unbound Granular Base,6.587268994,,,,,,,,,,144.7799982,170.1799952,668.0199806,982.979974,3,6,"Hot Mixed, Hot Laid AC, Dense Graded",Crushed Gravel,Fine-Grained Soils: Sandy Silt,0,,50.7,Poor,long_trans_cracking (H),,,,,3,58.0,-7.299999999999997,268.0,0.7337440109514032,50.5,144.0,0.3942505133470226,train
87-1622-1,87-1622,87-1622-1-0,87,Ontario,1622,1,25/9/1995,1995,5,ACUB,Asphalt concrete over unbound base/subgrade,Rural Principal Arterial - Other,North,1,General Pavement Studies,Asphalt Concrete on Unbound Granular Base,6.981519507,,,,,,,,,,144.7799982,170.1799952,668.0199806,982.979974,3,6,"Hot Mixed, Hot Laid AC, Dense Graded",Crushed Gravel,Fine-Grained Soils: Sandy Silt,0,,50.5,Poor,long_trans_cracking (H),,,,,4,50.7,-0.20000000000000284,144.0,0.3942505133470226,62.7,352.0,0.9637234770704997,train
87-1622-1,87-1622,87-1622-1-0,87,Ontario,1622,1,11/9/1996,1996,6,ACUB,Asphalt concrete over unbound base/subgrade,Rural Principal Arterial - Other,North,1,General Pavement Studies,Asphalt Concrete on Unbound Granular Base,7.945242984,,,,,,,,,,144.7799982,170.1799952,668.0199806,982.979974,3,6,"Hot Mixed, Hot Laid AC, Dense Graded",Crushed Gravel,Fine-Grained Soils: Sandy Silt,0,,62.7,Fair,long_trans_cracking (M),,,,,5,50.5,12.200000000000003,352.0,0.9637234770704997,59.8,253.0,0.6926762491444216,train
87-1622-1,87-1622,87-1622-1-0,87,Ontario,1622,1,22/5/1997,1997,7,ACUB,Asphalt concrete over unbound base/subgrade,Rural Principal Arterial - Other,North,1,General Pavement Studies,Asphalt Concrete on Unbound Granular Base,8.637919233,,,,,,,,,,144.7799982,170.1799952,668.0199806,982.979974,3,6,"Hot Mixed, Hot Laid AC, Dense Graded",Crushed Gravel,Fine-Grained Soils: Sandy Silt,0,,59.8,Fair,long_trans_cracking (M),,,,,6,62.7,-2.9000000000000057,253.0,0.6926762491444216,53.2,126.0,0.34496919917864477,train
88-1645-1,88-1645,88-1645-1-0,88,Prince Edward Island,1645,1,10/6/1997,1997,1,ACATB,Asphalt concrete over asphalt treated base/subgrade,Rural Principal Arterial - Interstate,West,1,General Pavement Studies,Asphalt Concrete on Unbound Granular Base,8.605065024,,,,,,,,,,162.5599964,88.9,297.1799952,548.6399915,2,5,"Hot Mixed, Hot Laid AC, Dense Graded",Gravel (Uncrushed),Coarse-Grained Soil: Silty Sand,0,,96.0,Good,long_trans_cracking (L),,,,,0,,,,,94.0,786.0,2.1519507186858315,train
88-1645-1,88-1645,88-1645-1-0,88,Prince Edward Island,1645,1,5/8/1999,1999,2,ACATB,Asphalt concrete over asphalt treated base/subgrade,Rural Principal Arterial - Interstate,West,1,General Pavement Studies,Asphalt Concrete on Unbound Granular Base,10.75701574,,,,,,,,,,162.5599964,88.9,297.1799952,548.6399915,2,5,"Hot Mixed, Hot Laid AC, Dense Graded",Gravel (Uncrushed),Coarse-Grained Soil: Silty Sand,0,,94.0,Good,long_trans_cracking (L),,,,,1,96.0,-2.0,786.0,2.1519507186858315,79.3,308.0,0.8432580424366872,train
88-1645-1,88-1645,88-1645-1-0,88,Prince Edward Island,1645,1,8/6/2000,2000,3,ACATB,Asphalt concrete over asphalt treated base/subgrade,Rural Principal Arterial - Interstate,West,1,General Pavement Studies,Asphalt Concrete on Unbound Granular Base,11.60027379,,,,,,,,,,162.5599964,88.9,297.1799952,548.6399915,2,5,"Hot Mixed, Hot Laid AC, Dense Graded",Gravel (Uncrushed),Coarse-Grained Soil: Silty Sand,0,,79.3,Satisfactory,bleeding (M),,,,,2,94.0,-14.700000000000003,308.0,0.8432580424366872,76.7,1098.0,3.0061601642710474,train
88-1645-1,88-1645,88-1645-1-0,88,Prince Edward Island,1645,1,11/6/2003,2003,4,ACATB,Asphalt concrete over asphalt treated base/subgrade,Rural Principal Arterial - Interstate,West,1,General Pavement Studies,Asphalt Concrete on Unbound Granular Base,14.60643395,,,,,,,,,,162.5599964,88.9,297.1799952,548.6399915,2,5,"Hot Mixed, Hot Laid AC, Dense Graded",Gravel (Uncrushed),Coarse-Grained Soil: Silty Sand,0,,76.7,Satisfactory,bleeding (M),,,,,3,79.3,-2.5999999999999943,1098.0,3.0061601642710474,77.4,747.0,2.0451745379876796,train
88-1645-2,88-1645,88-1645-2-0,88,Prince Edward Island,1645,2,20/9/2010,2010,1,ACATB,Asphalt concrete over asphalt treated base/subgrade,Rural Principal Arterial - Interstate,West,1,General Pavement Studies,Asphalt Concrete on Unbound Granular Base,0.303901437,,,,,,,,,,162.5599964,88.9,297.1799952,548.6399915,2,5,"Hot Mixed, Hot Laid AC, Dense Graded",Gravel (Uncrushed),Coarse-Grained Soil: Silty Sand,0,,69.1,Fair,bleeding (M),,,,,0,,,,,61.9,1775.0,4.85968514715948,train
88-1646-5,88-1646,88-1646-5-0,88,Prince Edward Island,1646,5,4/8/1999,1999,1,ACATB,Asphalt concrete over asphalt treated base/subgrade,Rural Principal Arterial - Interstate,West,1,General Pavement Studies,Asphalt Concrete on Bound Base,1.174537988,,,,,,,,,,243.8400036,284.4799952,0.0,528.3199988,2,4,"Hot Mixed, Hot Laid AC, Dense Graded",Asphalt Treated Mixture,Coarse-Grained Soil: Silty Sand with Gravel,0,,57.6,Fair,alligator_cracking (L),,,,,0,,,,,55.2,309.0,0.8459958932238193,train
88-1646-5,88-1646,88-1646-5-0,88,Prince Edward Island,1646,5,8/6/2000,2000,2,ACATB,Asphalt concrete over asphalt treated base/subgrade,Rural Principal Arterial - Interstate,West,1,General Pavement Studies,Asphalt Concrete on Bound Base,2.020533881,,,,,,,,,,243.8400036,284.4799952,0.0,528.3199988,2,4,"Hot Mixed, Hot Laid AC, Dense Graded",Asphalt Treated Mixture,Coarse-Grained Soil: Silty Sand with Gravel,0,,55.2,Fair,bleeding (M),,,,,1,57.6,-2.3999999999999986,309.0,0.8459958932238193,42.7,1099.0,3.0088980150581794,train
88-1647-5,88-1647,88-1647-5-0,88,Prince Edward Island,1647,5,4/8/1999,1999,1,ACATB,Asphalt concrete over asphalt treated base/subgrade,Rural Principal Arterial - Other,West,1,General Pavement Studies,Asphalt Concrete on Bound Base,1.092402464,,,,,,,,,,38.1,137.1600024,332.7399976,508.0,1,5,"Hot Mixed, Hot Laid AC, Dense Graded",HMAC,Coarse-Grained Soil: Silty Sand with Gravel,0,,28.1,Very Poor,long_trans_cracking (H),,,,,0,,,,,13.4,307.0,0.840520191649555,train
89-1021-1,89-1021,89-1021-1-0,89,Quebec,1021,1,7/5/1992,1992,1,ACUB,Asphalt concrete over unbound base/subgrade,Rural Principal Arterial - Interstate,East,1,General Pavement Studies,Asphalt Concrete on Unbound Granular Base,2.680355921,,,,,,,,,,127.0,386.0799952,1905.0,2418.079995,2,5,"Hot Mixed, Hot Laid AC, Dense Graded",Crushed Gravel,Fine-Grained Soils: Silt,0,,56.1,Fair,long_trans_cracking (M),,,,,0,,,,,25.7,508.0,1.3908281998631074,train
89-2011-1,89-2011,89-2011-1-0,89,Quebec,2011,1,12/9/1996,1996,1,ACATB,Asphalt concrete over asphalt treated base/subgrade,Rural Principal Arterial - Other,East,1,General Pavement Studies,Asphalt Concrete on Bound Base,8.199863107,,,,,,,,,,76.2,83.81999879,988.0600145,1148.080013,2,6,"Hot Mixed, Hot Laid AC, Dense Graded",Asphalt Treated Mixture,Coarse-Grained Soil: Silty Sand with Gravel,0,,37.0,Very Poor,edge_cracking (H),,,,,0,,,,,15.0,1076.0,2.945927446954141,train
9-1803-1,9-1803,9-1803-1-0,9,Connecticut,1803,1,12/5/1994,1994,1,ACUB,Asphalt concrete over unbound base/subgrade,Rural Principal Arterial - Other,North,1,General Pavement Studies,Asphalt Concrete on Unbound Granular Base,5.861738535,259088.0,,1240.25,781.53,365.0,9.600000381,386.0,74.0,133580.9,182.8799952,299.7200048,0.0,482.6,2,4,"Hot Mixed, Hot Laid AC, Dense Graded",Gravel (Uncrushed),Coarse-Grained Soils: Well-Graded Sand with Silt and Gravel,0,,53.2,Poor,rutting (M),4.0,1.5546,1.63119998,1.592800021,0,,,,,61.0,105.0,0.2874743326488706,test
9-1803-3,9-1803,9-1803-3-0,9,Connecticut,1803,3,8/10/1996,1996,1,ACUB,Asphalt concrete over unbound base/subgrade,Rural Principal Arterial - Other,North,1,General Pavement Studies,Asphalt Concrete on Unbound Granular Base,0.20807666,22567.0,,1773.82,845.17,366.0,9.199999809,333.0,83.0,129425.6,182.8799952,299.7200048,0.0,482.6,2,4,"Hot Mixed, Hot Laid AC, Dense Graded",Gravel (Uncrushed),Coarse-Grained Soils: Well-Graded Sand with Silt and Gravel,0,,53.8,Poor,rutting (M),5.0,1.603000021,1.701600027,1.652199984,0,,,,,53.1,212.0,0.5804243668720055,test
9-1803-3,9-1803,9-1803-3-0,9,Connecticut,1803,3,8/5/1997,1997,2,ACUB,Asphalt concrete over unbound base/subgrade,Rural Principal Arterial - Other,North,1,General Pavement Studies,Asphalt Concrete on Unbound Granular Base,0.788501027,73729.0,51162.0,1221.11,810.42,365.0,9.699999809,161.0,109.0,135808.3,182.8799952,299.7200048,0.0,482.6,2,4,"Hot Mixed, Hot Laid AC, Dense Graded",Gravel (Uncrushed),Coarse-Grained Soils: Well-Graded Sand with Silt and Gravel,0,,53.1,Poor,rutting (M),4.0,1.592400002,1.696599984,1.64460001,1,53.8,-0.6999999999999957,212.0,0.5804243668720055,41.9,126.0,0.34496919917864477,test
9-1803-3,9-1803,9-1803-3-0,9,Connecticut,1803,3,11/9/1997,1997,3,ACUB,Asphalt concrete over unbound base/subgrade,Rural Principal Arterial - Other,North,1,General Pavement Studies,Asphalt Concrete on Unbound Granular Base,1.133470226,73729.0,0.0,1221.11,810.42,365.0,9.699999809,161.0,109.0,135808.3,182.8799952,299.7200048,0.0,482.6,2,4,"Hot Mixed, Hot Laid AC, Dense Graded",Gravel (Uncrushed),Coarse-Grained Soils: Well-Graded Sand with Silt and Gravel,0,,41.9,Poor,rutting (M),4.0,1.626999998,1.691600013,1.658999991,2,53.1,-11.200000000000003,126.0,0.34496919917864477,50.2,279.0,0.7638603696098563,test
9-1803-3,9-1803,9-1803-3-0,9,Connecticut,1803,3,17/6/1998,1998,4,ACUB,Asphalt concrete over unbound base/subgrade,Rural Principal Arterial - Other,North,1,General Pavement Studies,Asphalt Concrete on Unbound Granular Base,1.897330595,124891.0,51162.0,1398.28,877.25,365.0,10.80000019,94.0,76.0,135161.9,182.8799952,299.7200048,0.0,482.6,2,4,"Hot Mixed, Hot Laid AC, Dense Graded",Gravel (Uncrushed),Coarse-Grained Soils: Well-Graded Sand with Silt and Gravel,0,,50.2,Poor,rutting (M),5.0,1.627199984,1.678000021,1.652600026,3,41.9,8.300000000000004,279.0,0.7638603696098563,43.9,685.0,1.8754277891854894,test
90-6405-1,90-6405,90-6405-1-0,90,Saskatchewan,6405,1,8/5/1991,1991,1,ACATB,Asphalt concrete over asphalt treated base/subgrade,Rural Principal Arterial - Other,East,1,General Pavement Studies,Asphalt Concrete on Unbound Granular Base,4.34770705,,,,,,,,,,71.11999879,228.6,63.5,363.2199988,1,4,"Hot Mixed, Hot Laid AC, Dense Graded",Crushed Gravel,Coarse-Grained Soil: Silty Sand,0,,59.7,Fair,long_trans_cracking (H),,,,,0,,,,,59.9,443.0,1.212867898699521,train
90-6405-1,90-6405,90-6405-1-0,90,Saskatchewan,6405,1,24/7/1992,1992,2,ACATB,Asphalt concrete over asphalt treated base/subgrade,Rural Principal Arterial - Other,East,1,General Pavement Studies,Asphalt Concrete on Unbound Granular Base,5.560574949,,,,,,,,,,71.11999879,228.6,63.5,363.2199988,1,4,"Hot Mixed, Hot Laid AC, Dense Graded",Crushed Gravel,Coarse-Grained Soil: Silty Sand,0,,59.9,Fair,long_trans_cracking (H),,,,,1,59.7,0.19999999999999574,443.0,1.212867898699521,79.0,327.0,0.8952772073921971,train
90-6405-1,90-6405,90-6405-1-0,90,Saskatchewan,6405,1,16/6/1993,1993,3,ACATB,Asphalt concrete over asphalt treated base/subgrade,Rural Principal Arterial - Other,East,1,General Pavement Studies,Asphalt Concrete on Unbound Granular Base,6.455852156,,,,,,,,,,71.11999879,228.6,63.5,363.2199988,1,4,"Hot Mixed, Hot Laid AC, Dense Graded",Crushed Gravel,Coarse-Grained Soil: Silty Sand,0,,79.0,Satisfactory,long_trans_cracking (L),,,,,2,59.9,19.1,327.0,0.8952772073921971,70.1,426.0,1.1663244353182751,train
90-6405-1,90-6405,90-6405-1-0,90,Saskatchewan,6405,1,16/8/1994,1994,4,ACATB,Asphalt concrete over asphalt treated base/subgrade,Rural Principal Arterial - Other,East,1,General Pavement Studies,Asphalt Concrete on Unbound Granular Base,7.622176591,,,,,,,,,,71.11999879,228.6,63.5,363.2199988,1,4,"Hot Mixed, Hot Laid AC, Dense Graded",Crushed Gravel,Coarse-Grained Soil: Silty Sand,0,,70.1,Satisfactory,long_trans_cracking (M),,,,,3,79.0,-8.900000000000006,426.0,1.1663244353182751,65.2,237.0,0.648870636550308,train
90-6405-2,90-6405,90-6405-2-0,90,Saskatchewan,6405,2,23/6/1995,1995,1,ACATB,Asphalt concrete over asphalt treated base/subgrade,Rural Principal Arterial - Other,East,1,General Pavement Studies,Asphalt Concrete on Unbound Granular Base,0.073921971,,,,,,,,,,71.11999879,228.6,63.5,363.2199988,1,4,"Hot Mixed, Hot Laid AC, Dense Graded",Crushed Gravel,Coarse-Grained Soil: Silty Sand,0,,55.5,Fair,long_trans_cracking (M),,,,,0,,,,,54.8,94.0,0.25735797399041754,train
90-6405-2,90-6405,90-6405-2-0,90,Saskatchewan,6405,2,25/9/1995,1995,2,ACATB,Asphalt concrete over asphalt treated base/subgrade,Rural Principal Arterial - Other,East,1,General Pavement Studies,Asphalt Concrete on Unbound Granular Base,0.331279945,,,,,,,,,,71.11999879,228.6,63.5,363.2199988,1,4,"Hot Mixed, Hot Laid AC, Dense Graded",Crushed Gravel,Coarse-Grained Soil: Silty Sand,1,60.0,54.8,Poor,long_trans_cracking (H),,,,,1,55.5,-0.7000000000000028,94.0,0.25735797399041754,47.9,389.0,1.0650239561943875,train
90-6405-4,90-6405,90-6405-4-0,90,Saskatchewan,6405,4,19/9/1997,1997,1,ACATB,Asphalt concrete over asphalt treated base/subgrade,Rural Principal Arterial - Other,East,1,General Pavement Studies,Asphalt Concrete on Unbound Granular Base,0.049281314,,,,,,,,,,71.11999879,228.6,63.5,363.2199988,1,4,"Hot Mixed, Hot Laid AC, Dense Graded",Crushed Gravel,Coarse-Grained Soil: Silty Sand,0,,34.3,Very Poor,long_trans_cracking (H),,,,,0,,,,,36.1,626.0,1.7138945927446954,train
